run_id,candidate_id,structure_id,pose_id,tool_output_ref,interaction_score,score_direction,structure_confidence,confidence_source,calibration_status,structure_coverage,runtime_status,schema_version,clash_count,missing_interface_residues,pose_quality_score,mean_AEE,std_AEE,ensemble_consistency_score,label,label_source,label_confidence,pose_pass_rate
rcsb_local_pose_ensemble,1g9v,1g9v,1g9v_pose_000,data/local_set/1g9v/poses/1g9v_pose_000.sdf,,lower_better,,rcsb_local_pose_ensemble,uncalibrated,,failed,her2-pose-v1,1,,0.8452483000253772,,,0.03272731314040378,,benchmark,1.0,0.0
rcsb_local_pose_ensemble,1g9v,1g9v,1g9v_pose_001,data/local_set/1g9v/poses/1g9v_pose_001.sdf,,lower_better,,rcsb_local_pose_ensemble,uncalibrated,,failed,her2-pose-v1,62,,0.8452323097693739,,,0.03272731314040378,,benchmark,1.0,0.0
rcsb_local_pose_ensemble,1g9v,1g9v,1g9v_pose_002,data/local_set/1g9v/poses/1g9v_pose_002.sdf,434.1146303972007,lower_better,0.8461538461538461,rcsb_local_pose_ensemble,uncalibrated,0.8461538461538461,complete,her2-pose-v1,91,,1.0,498.52560653226647,29.555517824206643,0.03272731314040378,Fail,benchmark,1.0,0.0
rcsb_local_pose_ensemble,1g9v,1g9v,1g9v_pose_003,data/local_set/1g9v/poses/1g9v_pose_003.sdf,,lower_better,,rcsb_local_pose_ensemble,uncalibrated,,failed,her2-pose-v1,36,,0.8452684517365537,,,0.03272731314040378,,benchmark,1.0,0.0
rcsb_local_pose_ensemble,1g9v,1g9v,1g9v_pose_004,data/local_set/1g9v/poses/1g9v_pose_004.sdf,488.2902486437321,lower_better,0.8461538461538461,rcsb_local_pose_ensemble,uncalibrated,0.8461538461538461,complete,her2-pose-v1,80,,1.0,498.52560653226647,29.555517824206643,0.03272731314040378,Fail,benchmark,1.0,0.0
rcsb_local_pose_ensemble,1g9v,1g9v,1g9v_pose_005,data/local_set/1g9v/poses/1g9v_pose_005.sdf,,lower_better,,rcsb_local_pose_ensemble,uncalibrated,,failed,her2-pose-v1,65,,0.8452579203998163,,,0.03272731314040378,,benchmark,1.0,0.0
rcsb_local_pose_ensemble,1g9v,1g9v,1g9v_pose_006,data/local_set/1g9v/poses/1g9v_pose_006.sdf,506.4600343139072,lower_better,0.8461538461538461,rcsb_local_pose_ensemble,uncalibrated,0.8461538461538461,complete,her2-pose-v1,27,,0.9879023064557512,498.52560653226647,29.555517824206643,0.03272731314040378,Fail,benchmark,1.0,0.0
rcsb_local_pose_ensemble,1g9v,1g9v,1g9v_pose_007,data/local_set/1g9v/poses/1g9v_pose_007.sdf,,lower_better,,rcsb_local_pose_ensemble,uncalibrated,,failed,her2-pose-v1,45,,0.8452517891009741,,,0.03272731314040378,,benchmark,1.0,0.0
rcsb_local_pose_ensemble,1g9v,1g9v,1g9v_pose_008,data/local_set/1g9v/poses/1g9v_pose_008.sdf,551.7348309814382,lower_better,0.7692307692307693,rcsb_local_pose_ensemble,uncalibrated,0.7692307692307693,complete,her2-pose-v1,29,,0.9923712242055304,498.52560653226647,29.555517824206643,0.03272731314040378,Review,benchmark,1.0,0.0
rcsb_local_pose_ensemble,1g9v,1g9v,1g9v_pose_009,data/local_set/1g9v/poses/1g9v_pose_009.sdf,,lower_better,,rcsb_local_pose_ensemble,uncalibrated,,failed,her2-pose-v1,41,,0.8452523957116796,,,0.03272731314040378,,benchmark,1.0,0.0
rcsb_local_pose_ensemble,1g9v,1g9v,1g9v_pose_010,data/local_set/1g9v/poses/1g9v_pose_010.sdf,527.7372815499546,lower_better,0.8461538461538461,rcsb_local_pose_ensemble,uncalibrated,0.8461538461538461,complete,her2-pose-v1,30,,1.0,498.52560653226647,29.555517824206643,0.03272731314040378,Review,benchmark,1.0,0.0
rcsb_local_pose_ensemble,1g9v,1g9v,1g9v_pose_011,data/local_set/1g9v/poses/1g9v_pose_011.sdf,,lower_better,,rcsb_local_pose_ensemble,uncalibrated,,failed,her2-pose-v1,43,,0.8452507156851401,,,0.03272731314040378,,benchmark,1.0,0.0
rcsb_local_pose_ensemble,1g9v,1g9v,1g9v_pose_012,data/local_set/1g9v/poses/1g9v_pose_012.sdf,500.4817554159309,lower_better,0.8461538461538461,rcsb_local_pose_ensemble,uncalibrated,0.8461538461538461,complete,her2-pose-v1,76,,1.0,498.52560653226647,29.555517824206643,0.03272731314040378,Fail,benchmark,1.0,0.0
rcsb_local_pose_ensemble,1g9v,1g9v,1g9v_pose_013,data/local_set/1g9v/poses/1g9v_pose_013.sdf,,lower_better,,rcsb_local_pose_ensemble,uncalibrated,,failed,her2-pose-v1,67,,0.8452459566083075,,,0.03272731314040378,,benchmark,1.0,0.0
rcsb_local_pose_ensemble,1g9v,1g9v,1g9v_pose_014,data/local_set/1g9v/poses/1g9v_pose_014.sdf,512.5651177236083,lower_better,0.8461538461538461,rcsb_local_pose_ensemble,uncalibrated,0.8461538461538461,complete,her2-pose-v1,94,,1.0,498.52560653226647,29.555517824206643,0.03272731314040378,Fail,benchmark,1.0,0.0
rcsb_local_pose_ensemble,1g9v,1g9v,1g9v_pose_015,data/local_set/1g9v/poses/1g9v_pose_015.sdf,,lower_better,,rcsb_local_pose_ensemble,uncalibrated,,failed,her2-pose-v1,32,,0.8452393565350872,,,0.03272731314040378,,benchmark,1.0,0.0
rcsb_local_pose_ensemble,1g9v,1g9v,1g9v_pose_016,data/local_set/1g9v/poses/1g9v_pose_016.sdf,521.4815962698578,lower_better,0.7692307692307693,rcsb_local_pose_ensemble,uncalibrated,0.7692307692307693,complete,her2-pose-v1,31,,0.9749137703839118,498.52560653226647,29.555517824206643,0.03272731314040378,Review,benchmark,1.0,0.0
rcsb_local_pose_ensemble,1g9v,1g9v,1g9v_pose_017,data/local_set/1g9v/poses/1g9v_pose_017.sdf,,lower_better,,rcsb_local_pose_ensemble,uncalibrated,,failed,her2-pose-v1,54,,0.8452427175682939,,,0.03272731314040378,,benchmark,1.0,0.0
rcsb_local_pose_ensemble,1g9v,1g9v,1g9v_pose_018,data/local_set/1g9v/poses/1g9v_pose_018.sdf,510.6488174577243,lower_better,0.8461538461538461,rcsb_local_pose_ensemble,uncalibrated,0.8461538461538461,complete,her2-pose-v1,16,,0.9865187837893564,498.52560653226647,29.555517824206643,0.03272731314040378,Fail,benchmark,1.0,0.0
rcsb_local_pose_ensemble,1g9v,1g9v,1g9v_pose_019,data/local_set/1g9v/poses/1g9v_pose_019.sdf,,lower_better,,rcsb_local_pose_ensemble,uncalibrated,,failed,her2-pose-v1,68,,0.8452511496493105,,,0.03272731314040378,,benchmark,1.0,0.0
rcsb_local_pose_ensemble,1g9v,1g9v,1g9v_pose_020,data/local_set/1g9v/poses/1g9v_pose_020.sdf,480.7831528678145,lower_better,0.8461538461538461,rcsb_local_pose_ensemble,uncalibrated,0.8461538461538461,complete,her2-pose-v1,63,,1.0,498.52560653226647,29.555517824206643,0.03272731314040378,Fail,benchmark,1.0,0.0
rcsb_local_pose_ensemble,1g9v,1g9v,1g9v_pose_021,data/local_set/1g9v/poses/1g9v_pose_021.sdf,,lower_better,,rcsb_local_pose_ensemble,uncalibrated,,failed,her2-pose-v1,88,,0.8452461015766398,,,0.03272731314040378,,benchmark,1.0,0.0
rcsb_local_pose_ensemble,1g9v,1g9v,1g9v_pose_022,data/local_set/1g9v/poses/1g9v_pose_022.sdf,502.31575581053494,lower_better,0.7692307692307693,rcsb_local_pose_ensemble,uncalibrated,0.7692307692307693,complete,her2-pose-v1,41,,0.9876739677185362,498.52560653226647,29.555517824206643,0.03272731314040378,Fail,benchmark,1.0,0.0
rcsb_local_pose_ensemble,1g9v,1g9v,1g9v_pose_023,data/local_set/1g9v/poses/1g9v_pose_023.sdf,,lower_better,,rcsb_local_pose_ensemble,uncalibrated,,failed,her2-pose-v1,47,,0.8452459589540737,,,0.03272731314040378,,benchmark,1.0,0.0
rcsb_local_pose_ensemble,1g9v,1g9v,1g9v_pose_024,data/local_set/1g9v/poses/1g9v_pose_024.sdf,502.8298407455323,lower_better,0.8461538461538461,rcsb_local_pose_ensemble,uncalibrated,0.8461538461538461,complete,her2-pose-v1,70,,1.0,498.52560653226647,29.555517824206643,0.03272731314040378,Fail,benchmark,1.0,0.0
rcsb_local_pose_ensemble,1g9v,1g9v,1g9v_pose_025,data/local_set/1g9v/poses/1g9v_pose_025.sdf,,lower_better,,rcsb_local_pose_ensemble,uncalibrated,,failed,her2-pose-v1,69,,0.8452256556356768,,,0.03272731314040378,,benchmark,1.0,0.0
rcsb_local_pose_ensemble,1g9v,1g9v,1g9v_pose_026,data/local_set/1g9v/poses/1g9v_pose_026.sdf,454.1460562082141,lower_better,0.8461538461538461,rcsb_local_pose_ensemble,uncalibrated,0.8461538461538461,complete,her2-pose-v1,36,,1.0,498.52560653226647,29.555517824206643,0.03272731314040378,Review,benchmark,1.0,0.0
rcsb_local_pose_ensemble,1g9v,1g9v,1g9v_pose_027,data/local_set/1g9v/poses/1g9v_pose_027.sdf,,lower_better,,rcsb_local_pose_ensemble,uncalibrated,,failed,her2-pose-v1,75,,0.8452579513634901,,,0.03272731314040378,,benchmark,1.0,0.0
rcsb_local_pose_ensemble,1g9v,1g9v,1g9v_pose_028,data/local_set/1g9v/poses/1g9v_pose_028.sdf,485.7693730662802,lower_better,0.8461538461538461,rcsb_local_pose_ensemble,uncalibrated,0.8461538461538461,complete,her2-pose-v1,67,,1.0,498.52560653226647,29.555517824206643,0.03272731314040378,Fail,benchmark,1.0,0.0
rcsb_local_pose_ensemble,1g9v,1g9v,1g9v_pose_029,data/local_set/1g9v/poses/1g9v_pose_029.sdf,,lower_better,,rcsb_local_pose_ensemble,uncalibrated,,failed,her2-pose-v1,49,,0.8452246408322868,,,0.03272731314040378,,benchmark,1.0,0.0
rcsb_local_pose_ensemble,1gkc,1gkc,1gkc_pose_000,data/local_set/1gkc/poses/1gkc_pose_000.sdf,70.60527730862572,lower_better,1.0,rcsb_local_pose_ensemble,uncalibrated,1.0,complete,her2-pose-v1,0,,0.96186886793287,66.15491044428941,5.975342717313649,0.14336213151475388,Pass,benchmark,1.0,0.06666666666666667
rcsb_local_pose_ensemble,1gkc,1gkc,1gkc_pose_001,data/local_set/1gkc/poses/1gkc_pose_001.sdf,70.70587767760588,lower_better,0.8461538461538461,rcsb_local_pose_ensemble,uncalibrated,0.8461538461538461,complete,her2-pose-v1,17,,0.9618419675809914,66.15491044428941,5.975342717313649,0.14336213151475388,Review,benchmark,1.0,0.06666666666666667
rcsb_local_pose_ensemble,1gkc,1gkc,1gkc_pose_002,data/local_set/1gkc/poses/1gkc_pose_002.sdf,65.04853028051826,lower_better,0.9230769230769231,rcsb_local_pose_ensemble,uncalibrated,0.9230769230769231,complete,her2-pose-v1,4,,1.0,66.15491044428941,5.975342717313649,0.14336213151475388,Pass,benchmark,1.0,0.06666666666666667
rcsb_local_pose_ensemble,1gkc,1gkc,1gkc_pose_003,data/local_set/1gkc/poses/1gkc_pose_003.sdf,70.60933816148162,lower_better,0.8461538461538461,rcsb_local_pose_ensemble,uncalibrated,0.8461538461538461,complete,her2-pose-v1,34,,0.9618282084926528,66.15491044428941,5.975342717313649,0.14336213151475388,Fail,benchmark,1.0,0.06666666666666667
rcsb_local_pose_ensemble,1gkc,1gkc,1gkc_pose_004,data/local_set/1gkc/poses/1gkc_pose_004.sdf,64.4560122641945,lower_better,0.8461538461538461,rcsb_local_pose_ensemble,uncalibrated,0.8461538461538461,complete,her2-pose-v1,40,,1.0,66.15491044428941,5.975342717313649,0.14336213151475388,Fail,benchmark,1.0,0.06666666666666667
rcsb_local_pose_ensemble,1gkc,1gkc,1gkc_pose_005,data/local_set/1gkc/poses/1gkc_pose_005.sdf,70.70836738846192,lower_better,0.8461538461538461,rcsb_local_pose_ensemble,uncalibrated,0.8461538461538461,complete,her2-pose-v1,40,,0.9618569602594652,66.15491044428941,5.975342717313649,0.14336213151475388,Fail,benchmark,1.0,0.06666666666666667
rcsb_local_pose_ensemble,1gkc,1gkc,1gkc_pose_006,data/local_set/1gkc/poses/1gkc_pose_006.sdf,70.44666872639802,lower_better,0.8461538461538461,rcsb_local_pose_ensemble,uncalibrated,0.8461538461538461,complete,her2-pose-v1,35,,1.0,66.15491044428941,5.975342717313649,0.14336213151475388,Fail,benchmark,1.0,0.06666666666666667
rcsb_local_pose_ensemble,1gkc,1gkc,1gkc_pose_007,data/local_set/1gkc/poses/1gkc_pose_007.sdf,70.69876009270396,lower_better,0.8461538461538461,rcsb_local_pose_ensemble,uncalibrated,0.8461538461538461,complete,her2-pose-v1,23,,0.9618622780236998,66.15491044428941,5.975342717313649,0.14336213151475388,Fail,benchmark,1.0,0.06666666666666667
rcsb_local_pose_ensemble,1gkc,1gkc,1gkc_pose_008,data/local_set/1gkc/poses/1gkc_pose_008.sdf,61.489089585585525,lower_better,0.8461538461538461,rcsb_local_pose_ensemble,uncalibrated,0.8461538461538461,complete,her2-pose-v1,16,,0.9246651936417716,66.15491044428941,5.975342717313649,0.14336213151475388,Fail,benchmark,1.0,0.06666666666666667
rcsb_local_pose_ensemble,1gkc,1gkc,1gkc_pose_009,data/local_set/1gkc/poses/1gkc_pose_009.sdf,70.60419517707989,lower_better,0.8461538461538461,rcsb_local_pose_ensemble,uncalibrated,0.8461538461538461,complete,her2-pose-v1,25,,0.9618799899604838,66.15491044428941,5.975342717313649,0.14336213151475388,Fail,benchmark,1.0,0.06666666666666667
rcsb_local_pose_ensemble,1gkc,1gkc,1gkc_pose_010,data/local_set/1gkc/poses/1gkc_pose_010.sdf,62.85705568934101,lower_better,0.8461538461538461,rcsb_local_pose_ensemble,uncalibrated,0.8461538461538461,complete,her2-pose-v1,23,,0.973978183234434,66.15491044428941,5.975342717313649,0.14336213151475388,Fail,benchmark,1.0,0.06666666666666667
rcsb_local_pose_ensemble,1gkc,1gkc,1gkc_pose_011,data/local_set/1gkc/poses/1gkc_pose_011.sdf,70.68881241923089,lower_better,0.8461538461538461,rcsb_local_pose_ensemble,uncalibrated,0.8461538461538461,complete,her2-pose-v1,22,,0.9618507354495112,66.15491044428941,5.975342717313649,0.14336213151475388,Fail,benchmark,1.0,0.06666666666666667
rcsb_local_pose_ensemble,1gkc,1gkc,1gkc_pose_012,data/local_set/1gkc/poses/1gkc_pose_012.sdf,56.1564585403388,lower_better,0.8461538461538461,rcsb_local_pose_ensemble,uncalibrated,0.8461538461538461,complete,her2-pose-v1,26,,1.0,66.15491044428941,5.975342717313649,0.14336213151475388,Fail,benchmark,1.0,0.06666666666666667
rcsb_local_pose_ensemble,1gkc,1gkc,1gkc_pose_013,data/local_set/1gkc/poses/1gkc_pose_013.sdf,70.60950968035515,lower_better,0.9230769230769231,rcsb_local_pose_ensemble,uncalibrated,0.9230769230769231,complete,her2-pose-v1,1,,0.9618596561517604,66.15491044428941,5.975342717313649,0.14336213151475388,Pass,benchmark,1.0,0.06666666666666667
rcsb_local_pose_ensemble,1gkc,1gkc,1gkc_pose_014,data/local_set/1gkc/poses/1gkc_pose_014.sdf,54.149191631356715,lower_better,0.8461538461538461,rcsb_local_pose_ensemble,uncalibrated,0.8461538461538461,complete,her2-pose-v1,41,,1.0,66.15491044428941,5.975342717313649,0.14336213151475388,Fail,benchmark,1.0,0.06666666666666667
rcsb_local_pose_ensemble,1gkc,1gkc,1gkc_pose_015,data/local_set/1gkc/poses/1gkc_pose_015.sdf,70.69233524755668,lower_better,0.8461538461538461,rcsb_local_pose_ensemble,uncalibrated,0.8461538461538461,complete,her2-pose-v1,32,,0.9618513485060548,66.15491044428941,5.975342717313649,0.14336213151475388,Fail,benchmark,1.0,0.06666666666666667
rcsb_local_pose_ensemble,1gkc,1gkc,1gkc_pose_016,data/local_set/1gkc/poses/1gkc_pose_016.sdf,58.35930626972273,lower_better,0.8461538461538461,rcsb_local_pose_ensemble,uncalibrated,0.8461538461538461,complete,her2-pose-v1,8,,0.9726229408694046,66.15491044428941,5.975342717313649,0.14336213151475388,Pass,benchmark,1.0,0.06666666666666667
rcsb_local_pose_ensemble,1gkc,1gkc,1gkc_pose_017,data/local_set/1gkc/poses/1gkc_pose_017.sdf,70.62193409479758,lower_better,1.0,rcsb_local_pose_ensemble,uncalibrated,1.0,complete,her2-pose-v1,0,,0.9618529377031992,66.15491044428941,5.975342717313649,0.14336213151475388,Pass,benchmark,1.0,0.06666666666666667
rcsb_local_pose_ensemble,1gkc,1gkc,1gkc_pose_018,data/local_set/1gkc/poses/1gkc_pose_018.sdf,59.849726928390616,lower_better,0.8461538461538461,rcsb_local_pose_ensemble,uncalibrated,0.8461538461538461,complete,her2-pose-v1,42,,0.9733038923610268,66.15491044428941,5.975342717313649,0.14336213151475388,Fail,benchmark,1.0,0.06666666666666667
rcsb_local_pose_ensemble,1gkc,1gkc,1gkc_pose_019,data/local_set/1gkc/poses/1gkc_pose_019.sdf,70.60942179859181,lower_better,0.8461538461538461,rcsb_local_pose_ensemble,uncalibrated,0.8461538461538461,complete,her2-pose-v1,45,,0.9618799773925024,66.15491044428941,5.975342717313649,0.14336213151475388,Review,benchmark,1.0,0.06666666666666667
rcsb_local_pose_ensemble,1gkc,1gkc,1gkc_pose_020,data/local_set/1gkc/poses/1gkc_pose_020.sdf,63.946075126533664,lower_better,0.8461538461538461,rcsb_local_pose_ensemble,uncalibrated,0.8461538461538461,complete,her2-pose-v1,28,,1.0,66.15491044428941,5.975342717313649,0.14336213151475388,Fail,benchmark,1.0,0.06666666666666667
rcsb_local_pose_ensemble,1gkc,1gkc,1gkc_pose_021,data/local_set/1gkc/poses/1gkc_pose_021.sdf,70.60271450238209,lower_better,0.8461538461538461,rcsb_local_pose_ensemble,uncalibrated,0.8461538461538461,complete,her2-pose-v1,22,,0.961867805925766,66.15491044428941,5.975342717313649,0.14336213151475388,Review,benchmark,1.0,0.06666666666666667
rcsb_local_pose_ensemble,1gkc,1gkc,1gkc_pose_022,data/local_set/1gkc/poses/1gkc_pose_022.sdf,66.0506723729238,lower_better,0.8461538461538461,rcsb_local_pose_ensemble,uncalibrated,0.8461538461538461,complete,her2-pose-v1,15,,0.9597930060806736,66.15491044428941,5.975342717313649,0.14336213151475388,Review,benchmark,1.0,0.06666666666666667
rcsb_local_pose_ensemble,1gkc,1gkc,1gkc_pose_023,data/local_set/1gkc/poses/1gkc_pose_023.sdf,70.58581159681417,lower_better,0.8461538461538461,rcsb_local_pose_ensemble,uncalibrated,0.8461538461538461,complete,her2-pose-v1,53,,0.9618845179134192,66.15491044428941,5.975342717313649,0.14336213151475388,Review,benchmark,1.0,0.06666666666666667
rcsb_local_pose_ensemble,1gkc,1gkc,1gkc_pose_024,data/local_set/1gkc/poses/1gkc_pose_024.sdf,54.91977942290029,lower_better,0.8461538461538461,rcsb_local_pose_ensemble,uncalibrated,0.8461538461538461,complete,her2-pose-v1,22,,0.8877402762784564,66.15491044428941,5.975342717313649,0.14336213151475388,Fail,benchmark,1.0,0.06666666666666667
rcsb_local_pose_ensemble,1gkc,1gkc,1gkc_pose_025,data/local_set/1gkc/poses/1gkc_pose_025.sdf,70.69021171626342,lower_better,0.8461538461538461,rcsb_local_pose_ensemble,uncalibrated,0.8461538461538461,complete,her2-pose-v1,23,,0.9618671712345668,66.15491044428941,5.975342717313649,0.14336213151475388,Fail,benchmark,1.0,0.06666666666666667
rcsb_local_pose_ensemble,1gkc,1gkc,1gkc_pose_026,data/local_set/1gkc/poses/1gkc_pose_026.sdf,52.84062980225756,lower_better,0.8461538461538461,rcsb_local_pose_ensemble,uncalibrated,0.8461538461538461,complete,her2-pose-v1,13,,1.0,66.15491044428941,5.975342717313649,0.14336213151475388,Review,benchmark,1.0,0.06666666666666667
rcsb_local_pose_ensemble,1gkc,1gkc,1gkc_pose_027,data/local_set/1gkc/poses/1gkc_pose_027.sdf,70.61377263693451,lower_better,0.8461538461538461,rcsb_local_pose_ensemble,uncalibrated,0.8461538461538461,complete,her2-pose-v1,53,,0.9618652587796906,66.15491044428941,5.975342717313649,0.14336213151475388,Fail,benchmark,1.0,0.06666666666666667
rcsb_local_pose_ensemble,1gkc,1gkc,1gkc_pose_028,data/local_set/1gkc/poses/1gkc_pose_028.sdf,63.839356129863745,lower_better,0.8461538461538461,rcsb_local_pose_ensemble,uncalibrated,0.8461538461538461,complete,her2-pose-v1,27,,0.9971230113695831,66.15491044428941,5.975342717313649,0.14336213151475388,Fail,benchmark,1.0,0.06666666666666667
rcsb_local_pose_ensemble,1gkc,1gkc,1gkc_pose_029,data/local_set/1gkc/poses/1gkc_pose_029.sdf,70.59242105947172,lower_better,0.8461538461538461,rcsb_local_pose_ensemble,uncalibrated,0.8461538461538461,complete,her2-pose-v1,8,,0.9618245091111955,66.15491044428941,5.975342717313649,0.14336213151475388,Review,benchmark,1.0,0.06666666666666667
rcsb_local_pose_ensemble,1gm8,1gm8,1gm8_pose_000,data/local_set/1gm8/poses/1gm8_pose_000.sdf,175.56214789287375,lower_better,1.0,rcsb_local_pose_ensemble,uncalibrated,1.0,complete,her2-pose-v1,0,,0.8735458324135644,163.14758798345298,14.067297251971702,0.0663689036777409,Pass,benchmark,1.0,0.1
rcsb_local_pose_ensemble,1gm8,1gm8,1gm8_pose_001,data/local_set/1gm8/poses/1gm8_pose_001.sdf,175.5680004080743,lower_better,1.0,rcsb_local_pose_ensemble,uncalibrated,1.0,complete,her2-pose-v1,0,,0.8735355654434391,163.14758798345298,14.067297251971702,0.0663689036777409,Pass,benchmark,1.0,0.1
rcsb_local_pose_ensemble,1gm8,1gm8,1gm8_pose_002,data/local_set/1gm8/poses/1gm8_pose_002.sdf,145.04451440852395,lower_better,0.8461538461538461,rcsb_local_pose_ensemble,uncalibrated,0.8461538461538461,complete,her2-pose-v1,21,,0.8132318178024951,163.14758798345298,14.067297251971702,0.0663689036777409,Review,benchmark,1.0,0.1
rcsb_local_pose_ensemble,1gm8,1gm8,1gm8_pose_003,data/local_set/1gm8/poses/1gm8_pose_003.sdf,178.7897657358456,lower_better,0.8461538461538461,rcsb_local_pose_ensemble,uncalibrated,0.8461538461538461,complete,her2-pose-v1,21,,0.8735544811402354,163.14758798345298,14.067297251971702,0.0663689036777409,Fail,benchmark,1.0,0.1
rcsb_local_pose_ensemble,1gm8,1gm8,1gm8_pose_004,data/local_set/1gm8/poses/1gm8_pose_004.sdf,148.16680948709654,lower_better,0.8461538461538461,rcsb_local_pose_ensemble,uncalibrated,0.8461538461538461,complete,her2-pose-v1,35,,0.8219080036764674,163.14758798345298,14.067297251971702,0.0663689036777409,Fail,benchmark,1.0,0.1
rcsb_local_pose_ensemble,1gm8,1gm8,1gm8_pose_005,data/local_set/1gm8/poses/1gm8_pose_005.sdf,175.54865916396008,lower_better,0.8461538461538461,rcsb_local_pose_ensemble,uncalibrated,0.8461538461538461,complete,her2-pose-v1,19,,0.8735590868550307,163.14758798345298,14.067297251971702,0.0663689036777409,Fail,benchmark,1.0,0.1
rcsb_local_pose_ensemble,1gm8,1gm8,1gm8_pose_006,data/local_set/1gm8/poses/1gm8_pose_006.sdf,145.22959838463197,lower_better,0.9230769230769231,rcsb_local_pose_ensemble,uncalibrated,0.9230769230769231,complete,her2-pose-v1,8,,0.8142315420959687,163.14758798345298,14.067297251971702,0.0663689036777409,Review,benchmark,1.0,0.1
rcsb_local_pose_ensemble,1gm8,1gm8,1gm8_pose_007,data/local_set/1gm8/poses/1gm8_pose_007.sdf,175.5442438055735,lower_better,1.0,rcsb_local_pose_ensemble,uncalibrated,1.0,complete,her2-pose-v1,0,,0.8735438509276852,163.14758798345298,14.067297251971702,0.0663689036777409,Pass,benchmark,1.0,0.1
rcsb_local_pose_ensemble,1gm8,1gm8,1gm8_pose_008,data/local_set/1gm8/poses/1gm8_pose_008.sdf,150.73498148504845,lower_better,0.8461538461538461,rcsb_local_pose_ensemble,uncalibrated,0.8461538461538461,complete,her2-pose-v1,24,,0.8141629534539033,163.14758798345298,14.067297251971702,0.0663689036777409,Fail,benchmark,1.0,0.1
rcsb_local_pose_ensemble,1gm8,1gm8,1gm8_pose_009,data/local_set/1gm8/poses/1gm8_pose_009.sdf,175.5688435252197,lower_better,0.8461538461538461,rcsb_local_pose_ensemble,uncalibrated,0.8461538461538461,complete,her2-pose-v1,25,,0.8735534493232677,163.14758798345298,14.067297251971702,0.0663689036777409,Fail,benchmark,1.0,0.1
rcsb_local_pose_ensemble,1gm8,1gm8,1gm8_pose_010,data/local_set/1gm8/poses/1gm8_pose_010.sdf,149.05152685500303,lower_better,0.8461538461538461,rcsb_local_pose_ensemble,uncalibrated,0.8461538461538461,complete,her2-pose-v1,42,,0.8204444984927078,163.14758798345298,14.067297251971702,0.0663689036777409,Review,benchmark,1.0,0.1
rcsb_local_pose_ensemble,1gm8,1gm8,1gm8_pose_011,data/local_set/1gm8/poses/1gm8_pose_011.sdf,175.5711013183599,lower_better,0.8461538461538461,rcsb_local_pose_ensemble,uncalibrated,0.8461538461538461,complete,her2-pose-v1,35,,0.8735267303601256,163.14758798345298,14.067297251971702,0.0663689036777409,Review,benchmark,1.0,0.1
rcsb_local_pose_ensemble,1gm8,1gm8,1gm8_pose_012,data/local_set/1gm8/poses/1gm8_pose_012.sdf,150.63934850318267,lower_better,0.9230769230769231,rcsb_local_pose_ensemble,uncalibrated,0.9230769230769231,complete,her2-pose-v1,6,,0.8065598265521863,163.14758798345298,14.067297251971702,0.0663689036777409,Review,benchmark,1.0,0.1
rcsb_local_pose_ensemble,1gm8,1gm8,1gm8_pose_013,data/local_set/1gm8/poses/1gm8_pose_013.sdf,175.5598310712761,lower_better,0.8461538461538461,rcsb_local_pose_ensemble,uncalibrated,0.8461538461538461,complete,her2-pose-v1,18,,0.8735381542377381,163.14758798345298,14.067297251971702,0.0663689036777409,Fail,benchmark,1.0,0.1
rcsb_local_pose_ensemble,1gm8,1gm8,1gm8_pose_014,data/local_set/1gm8/poses/1gm8_pose_014.sdf,145.01276092420073,lower_better,0.8461538461538461,rcsb_local_pose_ensemble,uncalibrated,0.8461538461538461,complete,her2-pose-v1,38,,0.8129350684974068,163.14758798345298,14.067297251971702,0.0663689036777409,Fail,benchmark,1.0,0.1
rcsb_local_pose_ensemble,1gm8,1gm8,1gm8_pose_015,data/local_set/1gm8/poses/1gm8_pose_015.sdf,175.5826451773575,lower_better,0.9230769230769231,rcsb_local_pose_ensemble,uncalibrated,0.9230769230769231,complete,her2-pose-v1,1,,0.8735526203595206,163.14758798345298,14.067297251971702,0.0663689036777409,Pass,benchmark,1.0,0.1
rcsb_local_pose_ensemble,1gm8,1gm8,1gm8_pose_016,data/local_set/1gm8/poses/1gm8_pose_016.sdf,159.04407613020686,lower_better,0.8461538461538461,rcsb_local_pose_ensemble,uncalibrated,0.8461538461538461,complete,her2-pose-v1,18,,0.8213655231919663,163.14758798345298,14.067297251971702,0.0663689036777409,Review,benchmark,1.0,0.1
rcsb_local_pose_ensemble,1gm8,1gm8,1gm8_pose_017,data/local_set/1gm8/poses/1gm8_pose_017.sdf,175.55148964730043,lower_better,0.8461538461538461,rcsb_local_pose_ensemble,uncalibrated,0.8461538461538461,complete,her2-pose-v1,27,,0.8735343821021118,163.14758798345298,14.067297251971702,0.0663689036777409,Fail,benchmark,1.0,0.1
rcsb_local_pose_ensemble,1gm8,1gm8,1gm8_pose_018,data/local_set/1gm8/poses/1gm8_pose_018.sdf,144.919338291538,lower_better,0.8461538461538461,rcsb_local_pose_ensemble,uncalibrated,0.8461538461538461,complete,her2-pose-v1,45,,0.8136146109843334,163.14758798345298,14.067297251971702,0.0663689036777409,Fail,benchmark,1.0,0.1
rcsb_local_pose_ensemble,1gm8,1gm8,1gm8_pose_019,data/local_set/1gm8/poses/1gm8_pose_019.sdf,175.55705320685033,lower_better,0.8461538461538461,rcsb_local_pose_ensemble,uncalibrated,0.8461538461538461,complete,her2-pose-v1,9,,0.8735619263632488,163.14758798345298,14.067297251971702,0.0663689036777409,Pass,benchmark,1.0,0.1
rcsb_local_pose_ensemble,1gm8,1gm8,1gm8_pose_020,data/local_set/1gm8/poses/1gm8_pose_020.sdf,152.37397334932712,lower_better,0.8461538461538461,rcsb_local_pose_ensemble,uncalibrated,0.8461538461538461,complete,her2-pose-v1,31,,0.8218957261665503,163.14758798345298,14.067297251971702,0.0663689036777409,Review,benchmark,1.0,0.1
rcsb_local_pose_ensemble,1gm8,1gm8,1gm8_pose_021,data/local_set/1gm8/poses/1gm8_pose_021.sdf,175.5657482500336,lower_better,0.8461538461538461,rcsb_local_pose_ensemble,uncalibrated,0.8461538461538461,complete,her2-pose-v1,17,,0.8735502276156605,163.14758798345298,14.067297251971702,0.0663689036777409,Review,benchmark,1.0,0.1
rcsb_local_pose_ensemble,1gm8,1gm8,1gm8_pose_022,data/local_set/1gm8/poses/1gm8_pose_022.sdf,144.9235284908009,lower_better,0.8461538461538461,rcsb_local_pose_ensemble,uncalibrated,0.8461538461538461,complete,her2-pose-v1,7,,0.813425236621694,163.14758798345298,14.067297251971702,0.0663689036777409,Fail,benchmark,1.0,0.1
rcsb_local_pose_ensemble,1gm8,1gm8,1gm8_pose_023,data/local_set/1gm8/poses/1gm8_pose_023.sdf,175.56279193428117,lower_better,0.8461538461538461,rcsb_local_pose_ensemble,uncalibrated,0.8461538461538461,complete,her2-pose-v1,34,,0.873538464943895,163.14758798345298,14.067297251971702,0.0663689036777409,Fail,benchmark,1.0,0.1
rcsb_local_pose_ensemble,1gm8,1gm8,1gm8_pose_024,data/local_set/1gm8/poses/1gm8_pose_024.sdf,145.9878765887123,lower_better,0.9230769230769231,rcsb_local_pose_ensemble,uncalibrated,0.9230769230769231,complete,her2-pose-v1,2,,0.8136320025106132,163.14758798345298,14.067297251971702,0.0663689036777409,Review,benchmark,1.0,0.1
rcsb_local_pose_ensemble,1gm8,1gm8,1gm8_pose_025,data/local_set/1gm8/poses/1gm8_pose_025.sdf,175.56508083159792,lower_better,0.9230769230769231,rcsb_local_pose_ensemble,uncalibrated,0.9230769230769231,complete,her2-pose-v1,9,,0.8735643498879813,163.14758798345298,14.067297251971702,0.0663689036777409,Pass,benchmark,1.0,0.1
rcsb_local_pose_ensemble,1gm8,1gm8,1gm8_pose_026,data/local_set/1gm8/poses/1gm8_pose_026.sdf,145.04631570120262,lower_better,0.8461538461538461,rcsb_local_pose_ensemble,uncalibrated,0.8461538461538461,complete,her2-pose-v1,48,,0.8133751113861278,163.14758798345298,14.067297251971702,0.0663689036777409,Fail,benchmark,1.0,0.1
rcsb_local_pose_ensemble,1gm8,1gm8,1gm8_pose_027,data/local_set/1gm8/poses/1gm8_pose_027.sdf,175.5890819012145,lower_better,0.8461538461538461,rcsb_local_pose_ensemble,uncalibrated,0.8461538461538461,complete,her2-pose-v1,27,,0.873552046461081,163.14758798345298,14.067297251971702,0.0663689036777409,Fail,benchmark,1.0,0.1
rcsb_local_pose_ensemble,1gm8,1gm8,1gm8_pose_028,data/local_set/1gm8/poses/1gm8_pose_028.sdf,156.0073377212249,lower_better,0.8461538461538461,rcsb_local_pose_ensemble,uncalibrated,0.8461538461538461,complete,her2-pose-v1,10,,0.8094278044164601,163.14758798345298,14.067297251971702,0.0663689036777409,Review,benchmark,1.0,0.1
rcsb_local_pose_ensemble,1gm8,1gm8,1gm8_pose_029,data/local_set/1gm8/poses/1gm8_pose_029.sdf,175.55916931307064,lower_better,0.8461538461538461,rcsb_local_pose_ensemble,uncalibrated,0.8461538461538461,complete,her2-pose-v1,39,,0.873568851129744,163.14758798345298,14.067297251971702,0.0663689036777409,Fail,benchmark,1.0,0.1
rcsb_local_pose_ensemble,1gpk,1gpk,1gpk_pose_000,data/local_set/1gpk/poses/1gpk_pose_000.sdf,71.66985893672293,lower_better,1.0,rcsb_local_pose_ensemble,uncalibrated,1.0,complete,her2-pose-v1,0,,1.0,68.80735683320023,2.7422621339212214,0.2672180526681007,Pass,benchmark,1.0,0.13333333333333333
rcsb_local_pose_ensemble,1gpk,1gpk,1gpk_pose_001,data/local_set/1gpk/poses/1gpk_pose_001.sdf,70.5063671853902,lower_better,0.8461538461538461,rcsb_local_pose_ensemble,uncalibrated,0.8461538461538461,complete,her2-pose-v1,16,,1.0,68.80735683320023,2.7422621339212214,0.2672180526681007,Fail,benchmark,1.0,0.13333333333333333
rcsb_local_pose_ensemble,1gpk,1gpk,1gpk_pose_002,data/local_set/1gpk/poses/1gpk_pose_002.sdf,64.67325985252127,lower_better,0.8461538461538461,rcsb_local_pose_ensemble,uncalibrated,0.8461538461538461,complete,her2-pose-v1,16,,1.0,68.80735683320023,2.7422621339212214,0.2672180526681007,Fail,benchmark,1.0,0.13333333333333333
rcsb_local_pose_ensemble,1gpk,1gpk,1gpk_pose_003,data/local_set/1gpk/poses/1gpk_pose_003.sdf,70.89994130518726,lower_better,0.8461538461538461,rcsb_local_pose_ensemble,uncalibrated,0.8461538461538461,complete,her2-pose-v1,14,,1.0,68.80735683320023,2.7422621339212214,0.2672180526681007,Review,benchmark,1.0,0.13333333333333333
rcsb_local_pose_ensemble,1gpk,1gpk,1gpk_pose_004,data/local_set/1gpk/poses/1gpk_pose_004.sdf,64.35498052015825,lower_better,0.8461538461538461,rcsb_local_pose_ensemble,uncalibrated,0.8461538461538461,complete,her2-pose-v1,27,,1.0,68.80735683320023,2.7422621339212214,0.2672180526681007,Review,benchmark,1.0,0.13333333333333333
rcsb_local_pose_ensemble,1gpk,1gpk,1gpk_pose_005,data/local_set/1gpk/poses/1gpk_pose_005.sdf,71.66940893757227,lower_better,0.9230769230769231,rcsb_local_pose_ensemble,uncalibrated,0.9230769230769231,complete,her2-pose-v1,1,,1.0,68.80735683320023,2.7422621339212214,0.2672180526681007,Pass,benchmark,1.0,0.13333333333333333
rcsb_local_pose_ensemble,1gpk,1gpk,1gpk_pose_006,data/local_set/1gpk/poses/1gpk_pose_006.sdf,66.0046848048669,lower_better,0.9230769230769231,rcsb_local_pose_ensemble,uncalibrated,0.9230769230769231,complete,her2-pose-v1,1,,1.0,68.80735683320023,2.7422621339212214,0.2672180526681007,Pass,benchmark,1.0,0.13333333333333333
rcsb_local_pose_ensemble,1gpk,1gpk,1gpk_pose_007,data/local_set/1gpk/poses/1gpk_pose_007.sdf,71.66959627195408,lower_better,0.8461538461538461,rcsb_local_pose_ensemble,uncalibrated,0.8461538461538461,complete,her2-pose-v1,21,,1.0,68.80735683320023,2.7422621339212214,0.2672180526681007,Fail,benchmark,1.0,0.13333333333333333
rcsb_local_pose_ensemble,1gpk,1gpk,1gpk_pose_008,data/local_set/1gpk/poses/1gpk_pose_008.sdf,66.80946956400352,lower_better,0.8461538461538461,rcsb_local_pose_ensemble,uncalibrated,0.8461538461538461,complete,her2-pose-v1,10,,1.0,68.80735683320023,2.7422621339212214,0.2672180526681007,Pass,benchmark,1.0,0.13333333333333333
rcsb_local_pose_ensemble,1gpk,1gpk,1gpk_pose_009,data/local_set/1gpk/poses/1gpk_pose_009.sdf,71.30329433082122,lower_better,0.8461538461538461,rcsb_local_pose_ensemble,uncalibrated,0.8461538461538461,complete,her2-pose-v1,7,,1.0,68.80735683320023,2.7422621339212214,0.2672180526681007,Fail,benchmark,1.0,0.13333333333333333
rcsb_local_pose_ensemble,1gpk,1gpk,1gpk_pose_010,data/local_set/1gpk/poses/1gpk_pose_010.sdf,63.81975672495693,lower_better,0.8461538461538461,rcsb_local_pose_ensemble,uncalibrated,0.8461538461538461,complete,her2-pose-v1,12,,1.0,68.80735683320023,2.7422621339212214,0.2672180526681007,Fail,benchmark,1.0,0.13333333333333333
rcsb_local_pose_ensemble,1gpk,1gpk,1gpk_pose_011,data/local_set/1gpk/poses/1gpk_pose_011.sdf,69.3688302941708,lower_better,0.8461538461538461,rcsb_local_pose_ensemble,uncalibrated,0.8461538461538461,complete,her2-pose-v1,13,,1.0,68.80735683320023,2.7422621339212214,0.2672180526681007,Fail,benchmark,1.0,0.13333333333333333
rcsb_local_pose_ensemble,1gpk,1gpk,1gpk_pose_012,data/local_set/1gpk/poses/1gpk_pose_012.sdf,70.06183604229115,lower_better,0.8461538461538461,rcsb_local_pose_ensemble,uncalibrated,0.8461538461538461,complete,her2-pose-v1,8,,1.0,68.80735683320023,2.7422621339212214,0.2672180526681007,Fail,benchmark,1.0,0.13333333333333333
rcsb_local_pose_ensemble,1gpk,1gpk,1gpk_pose_013,data/local_set/1gpk/poses/1gpk_pose_013.sdf,71.29386647718621,lower_better,0.8461538461538461,rcsb_local_pose_ensemble,uncalibrated,0.8461538461538461,complete,her2-pose-v1,10,,1.0,68.80735683320023,2.7422621339212214,0.2672180526681007,Fail,benchmark,1.0,0.13333333333333333
rcsb_local_pose_ensemble,1gpk,1gpk,1gpk_pose_014,data/local_set/1gpk/poses/1gpk_pose_014.sdf,67.15718952985351,lower_better,0.8461538461538461,rcsb_local_pose_ensemble,uncalibrated,0.8461538461538461,complete,her2-pose-v1,6,,1.0,68.80735683320023,2.7422621339212214,0.2672180526681007,Pass,benchmark,1.0,0.13333333333333333
rcsb_local_pose_ensemble,1gpk,1gpk,1gpk_pose_015,data/local_set/1gpk/poses/1gpk_pose_015.sdf,71.67386763267308,lower_better,1.0,rcsb_local_pose_ensemble,uncalibrated,1.0,complete,her2-pose-v1,0,,1.0,68.80735683320023,2.7422621339212214,0.2672180526681007,Pass,benchmark,1.0,0.13333333333333333
rcsb_local_pose_ensemble,1gpk,1gpk,1gpk_pose_016,data/local_set/1gpk/poses/1gpk_pose_016.sdf,67.26307312443211,lower_better,1.0,rcsb_local_pose_ensemble,uncalibrated,1.0,complete,her2-pose-v1,0,,1.0,68.80735683320023,2.7422621339212214,0.2672180526681007,Pass,benchmark,1.0,0.13333333333333333
rcsb_local_pose_ensemble,1gpk,1gpk,1gpk_pose_017,data/local_set/1gpk/poses/1gpk_pose_017.sdf,71.66676508420791,lower_better,0.9230769230769231,rcsb_local_pose_ensemble,uncalibrated,0.9230769230769231,complete,her2-pose-v1,1,,1.0,68.80735683320023,2.7422621339212214,0.2672180526681007,Pass,benchmark,1.0,0.13333333333333333
rcsb_local_pose_ensemble,1gpk,1gpk,1gpk_pose_018,data/local_set/1gpk/poses/1gpk_pose_018.sdf,66.82629012252373,lower_better,0.8461538461538461,rcsb_local_pose_ensemble,uncalibrated,0.8461538461538461,complete,her2-pose-v1,7,,1.0,68.80735683320023,2.7422621339212214,0.2672180526681007,Pass,benchmark,1.0,0.13333333333333333
rcsb_local_pose_ensemble,1gpk,1gpk,1gpk_pose_019,data/local_set/1gpk/poses/1gpk_pose_019.sdf,70.50998481064623,lower_better,0.8461538461538461,rcsb_local_pose_ensemble,uncalibrated,0.8461538461538461,complete,her2-pose-v1,25,,1.0,68.80735683320023,2.7422621339212214,0.2672180526681007,Review,benchmark,1.0,0.13333333333333333
rcsb_local_pose_ensemble,1gpk,1gpk,1gpk_pose_020,data/local_set/1gpk/poses/1gpk_pose_020.sdf,66.95738815667889,lower_better,0.9230769230769231,rcsb_local_pose_ensemble,uncalibrated,0.9230769230769231,complete,her2-pose-v1,1,,1.0,68.80735683320023,2.7422621339212214,0.2672180526681007,Pass,benchmark,1.0,0.13333333333333333
rcsb_local_pose_ensemble,1gpk,1gpk,1gpk_pose_021,data/local_set/1gpk/poses/1gpk_pose_021.sdf,70.51272126390472,lower_better,0.8461538461538461,rcsb_local_pose_ensemble,uncalibrated,0.8461538461538461,complete,her2-pose-v1,10,,1.0,68.80735683320023,2.7422621339212214,0.2672180526681007,Fail,benchmark,1.0,0.13333333333333333
rcsb_local_pose_ensemble,1gpk,1gpk,1gpk_pose_022,data/local_set/1gpk/poses/1gpk_pose_022.sdf,64.34873528055205,lower_better,0.8461538461538461,rcsb_local_pose_ensemble,uncalibrated,0.8461538461538461,complete,her2-pose-v1,9,,1.0,68.80735683320023,2.7422621339212214,0.2672180526681007,Fail,benchmark,1.0,0.13333333333333333
rcsb_local_pose_ensemble,1gpk,1gpk,1gpk_pose_023,data/local_set/1gpk/poses/1gpk_pose_023.sdf,70.89495082526112,lower_better,0.8461538461538461,rcsb_local_pose_ensemble,uncalibrated,0.8461538461538461,complete,her2-pose-v1,5,,1.0,68.80735683320023,2.7422621339212214,0.2672180526681007,Review,benchmark,1.0,0.13333333333333333
rcsb_local_pose_ensemble,1gpk,1gpk,1gpk_pose_024,data/local_set/1gpk/poses/1gpk_pose_024.sdf,66.96529382089366,lower_better,1.0,rcsb_local_pose_ensemble,uncalibrated,1.0,complete,her2-pose-v1,0,,1.0,68.80735683320023,2.7422621339212214,0.2672180526681007,Pass,benchmark,1.0,0.13333333333333333
rcsb_local_pose_ensemble,1gpk,1gpk,1gpk_pose_025,data/local_set/1gpk/poses/1gpk_pose_025.sdf,69.36293814284947,lower_better,0.8461538461538461,rcsb_local_pose_ensemble,uncalibrated,0.8461538461538461,complete,her2-pose-v1,12,,1.0,68.80735683320023,2.7422621339212214,0.2672180526681007,Review,benchmark,1.0,0.13333333333333333
rcsb_local_pose_ensemble,1gpk,1gpk,1gpk_pose_026,data/local_set/1gpk/poses/1gpk_pose_026.sdf,63.83463066416403,lower_better,0.8461538461538461,rcsb_local_pose_ensemble,uncalibrated,0.8461538461538461,complete,her2-pose-v1,16,,1.0,68.80735683320023,2.7422621339212214,0.2672180526681007,Fail,benchmark,1.0,0.13333333333333333
rcsb_local_pose_ensemble,1gpk,1gpk,1gpk_pose_027,data/local_set/1gpk/poses/1gpk_pose_027.sdf,70.8900786434115,lower_better,0.8461538461538461,rcsb_local_pose_ensemble,uncalibrated,0.8461538461538461,complete,her2-pose-v1,16,,1.0,68.80735683320023,2.7422621339212214,0.2672180526681007,Fail,benchmark,1.0,0.13333333333333333
rcsb_local_pose_ensemble,1gpk,1gpk,1gpk_pose_028,data/local_set/1gpk/poses/1gpk_pose_028.sdf,70.7362520033818,lower_better,0.9230769230769231,rcsb_local_pose_ensemble,uncalibrated,0.9230769230769231,complete,her2-pose-v1,2,,1.0,68.80735683320023,2.7422621339212214,0.2672180526681007,Review,benchmark,1.0,0.13333333333333333
rcsb_local_pose_ensemble,1gpk,1gpk,1gpk_pose_029,data/local_set/1gpk/poses/1gpk_pose_029.sdf,70.51539464277015,lower_better,0.8461538461538461,rcsb_local_pose_ensemble,uncalibrated,0.8461538461538461,complete,her2-pose-v1,23,,1.0,68.80735683320023,2.7422621339212214,0.2672180526681007,Review,benchmark,1.0,0.13333333333333333
rcsb_local_pose_ensemble,1hnn,1hnn,1hnn_pose_000,data/local_set/1hnn/poses/1hnn_pose_000.sdf,166.33381410300467,lower_better,1.0,rcsb_local_pose_ensemble,uncalibrated,1.0,complete,her2-pose-v1,0,,0.9897744855881542,142.83307100588536,26.047643996042694,0.036971796883540346,Pass,benchmark,1.0,0.06666666666666667
rcsb_local_pose_ensemble,1hnn,1hnn,1hnn_pose_001,data/local_set/1hnn/poses/1hnn_pose_001.sdf,166.44029654374756,lower_better,0.8461538461538461,rcsb_local_pose_ensemble,uncalibrated,0.8461538461538461,complete,her2-pose-v1,63,,0.9897846427235786,142.83307100588536,26.047643996042694,0.036971796883540346,Fail,benchmark,1.0,0.06666666666666667
rcsb_local_pose_ensemble,1hnn,1hnn,1hnn_pose_002,data/local_set/1hnn/poses/1hnn_pose_002.sdf,117.64304549047128,lower_better,0.8461538461538461,rcsb_local_pose_ensemble,uncalibrated,0.8461538461538461,complete,her2-pose-v1,61,,0.993788946802514,142.83307100588536,26.047643996042694,0.036971796883540346,Fail,benchmark,1.0,0.06666666666666667
rcsb_local_pose_ensemble,1hnn,1hnn,1hnn_pose_003,data/local_set/1hnn/poses/1hnn_pose_003.sdf,166.31542174221772,lower_better,1.0,rcsb_local_pose_ensemble,uncalibrated,1.0,complete,her2-pose-v1,0,,0.9897944057510216,142.83307100588536,26.047643996042694,0.036971796883540346,Pass,benchmark,1.0,0.06666666666666667
rcsb_local_pose_ensemble,1hnn,1hnn,1hnn_pose_004,data/local_set/1hnn/poses/1hnn_pose_004.sdf,116.42272048942436,lower_better,0.8461538461538461,rcsb_local_pose_ensemble,uncalibrated,0.8461538461538461,complete,her2-pose-v1,61,,0.9923011943648488,142.83307100588536,26.047643996042694,0.036971796883540346,Fail,benchmark,1.0,0.06666666666666667
rcsb_local_pose_ensemble,1hnn,1hnn,1hnn_pose_005,data/local_set/1hnn/poses/1hnn_pose_005.sdf,166.02960063801854,lower_better,0.8461538461538461,rcsb_local_pose_ensemble,uncalibrated,0.8461538461538461,complete,her2-pose-v1,41,,0.9897723361427804,142.83307100588536,26.047643996042694,0.036971796883540346,Fail,benchmark,1.0,0.06666666666666667
rcsb_local_pose_ensemble,1hnn,1hnn,1hnn_pose_006,data/local_set/1hnn/poses/1hnn_pose_006.sdf,114.13656193388891,lower_better,0.8461538461538461,rcsb_local_pose_ensemble,uncalibrated,0.8461538461538461,complete,her2-pose-v1,73,,0.9835368553599542,142.83307100588536,26.047643996042694,0.036971796883540346,Fail,benchmark,1.0,0.06666666666666667
rcsb_local_pose_ensemble,1hnn,1hnn,1hnn_pose_007,data/local_set/1hnn/poses/1hnn_pose_007.sdf,166.44222591830462,lower_better,0.8461538461538461,rcsb_local_pose_ensemble,uncalibrated,0.8461538461538461,complete,her2-pose-v1,51,,0.9897718819391916,142.83307100588536,26.047643996042694,0.036971796883540346,Fail,benchmark,1.0,0.06666666666666667
rcsb_local_pose_ensemble,1hnn,1hnn,1hnn_pose_008,data/local_set/1hnn/poses/1hnn_pose_008.sdf,128.6233808606713,lower_better,0.8461538461538461,rcsb_local_pose_ensemble,uncalibrated,0.8461538461538461,complete,her2-pose-v1,48,,0.9431379896016074,142.83307100588536,26.047643996042694,0.036971796883540346,Fail,benchmark,1.0,0.06666666666666667
rcsb_local_pose_ensemble,1hnn,1hnn,1hnn_pose_009,data/local_set/1hnn/poses/1hnn_pose_009.sdf,166.5198089710802,lower_better,0.8461538461538461,rcsb_local_pose_ensemble,uncalibrated,0.8461538461538461,complete,her2-pose-v1,50,,0.9897609251549052,142.83307100588536,26.047643996042694,0.036971796883540346,Fail,benchmark,1.0,0.06666666666666667
rcsb_local_pose_ensemble,1hnn,1hnn,1hnn_pose_010,data/local_set/1hnn/poses/1hnn_pose_010.sdf,109.66157056318704,lower_better,0.8461538461538461,rcsb_local_pose_ensemble,uncalibrated,0.8461538461538461,complete,her2-pose-v1,32,,0.9918901134942056,142.83307100588536,26.047643996042694,0.036971796883540346,Review,benchmark,1.0,0.06666666666666667
rcsb_local_pose_ensemble,1hnn,1hnn,1hnn_pose_011,data/local_set/1hnn/poses/1hnn_pose_011.sdf,166.6566592503157,lower_better,0.8461538461538461,rcsb_local_pose_ensemble,uncalibrated,0.8461538461538461,complete,her2-pose-v1,63,,0.9897535698766528,142.83307100588536,26.047643996042694,0.036971796883540346,Fail,benchmark,1.0,0.06666666666666667
rcsb_local_pose_ensemble,1hnn,1hnn,1hnn_pose_012,data/local_set/1hnn/poses/1hnn_pose_012.sdf,114.71192222976426,lower_better,0.8461538461538461,rcsb_local_pose_ensemble,uncalibrated,0.8461538461538461,complete,her2-pose-v1,62,,0.9932600325724292,142.83307100588536,26.047643996042694,0.036971796883540346,Fail,benchmark,1.0,0.06666666666666667
rcsb_local_pose_ensemble,1hnn,1hnn,1hnn_pose_013,data/local_set/1hnn/poses/1hnn_pose_013.sdf,166.54908384862267,lower_better,0.8461538461538461,rcsb_local_pose_ensemble,uncalibrated,0.8461538461538461,complete,her2-pose-v1,59,,0.9897741549350167,142.83307100588536,26.047643996042694,0.036971796883540346,Fail,benchmark,1.0,0.06666666666666667
rcsb_local_pose_ensemble,1hnn,1hnn,1hnn_pose_014,data/local_set/1hnn/poses/1hnn_pose_014.sdf,112.40068370756518,lower_better,0.8461538461538461,rcsb_local_pose_ensemble,uncalibrated,0.8461538461538461,complete,her2-pose-v1,26,,0.991880243049333,142.83307100588536,26.047643996042694,0.036971796883540346,Review,benchmark,1.0,0.06666666666666667
rcsb_local_pose_ensemble,1hnn,1hnn,1hnn_pose_015,data/local_set/1hnn/poses/1hnn_pose_015.sdf,167.38868654466566,lower_better,0.8461538461538461,rcsb_local_pose_ensemble,uncalibrated,0.8461538461538461,complete,her2-pose-v1,50,,0.989775158377853,142.83307100588536,26.047643996042694,0.036971796883540346,Fail,benchmark,1.0,0.06666666666666667
rcsb_local_pose_ensemble,1hnn,1hnn,1hnn_pose_016,data/local_set/1hnn/poses/1hnn_pose_016.sdf,113.21200823352495,lower_better,0.8461538461538461,rcsb_local_pose_ensemble,uncalibrated,0.8461538461538461,complete,her2-pose-v1,64,,0.9936401311492812,142.83307100588536,26.047643996042694,0.036971796883540346,Fail,benchmark,1.0,0.06666666666666667
rcsb_local_pose_ensemble,1hnn,1hnn,1hnn_pose_017,data/local_set/1hnn/poses/1hnn_pose_017.sdf,167.16285346022488,lower_better,0.8461538461538461,rcsb_local_pose_ensemble,uncalibrated,0.8461538461538461,complete,her2-pose-v1,70,,0.989765153603357,142.83307100588536,26.047643996042694,0.036971796883540346,Fail,benchmark,1.0,0.06666666666666667
rcsb_local_pose_ensemble,1hnn,1hnn,1hnn_pose_018,data/local_set/1hnn/poses/1hnn_pose_018.sdf,126.8249535136414,lower_better,0.8461538461538461,rcsb_local_pose_ensemble,uncalibrated,0.8461538461538461,complete,her2-pose-v1,39,,0.9139878813839412,142.83307100588536,26.047643996042694,0.036971796883540346,Fail,benchmark,1.0,0.06666666666666667
rcsb_local_pose_ensemble,1hnn,1hnn,1hnn_pose_019,data/local_set/1hnn/poses/1hnn_pose_019.sdf,166.44384353899514,lower_better,0.8461538461538461,rcsb_local_pose_ensemble,uncalibrated,0.8461538461538461,complete,her2-pose-v1,55,,0.9897814423461908,142.83307100588536,26.047643996042694,0.036971796883540346,Fail,benchmark,1.0,0.06666666666666667
rcsb_local_pose_ensemble,1hnn,1hnn,1hnn_pose_020,data/local_set/1hnn/poses/1hnn_pose_020.sdf,114.56054449254992,lower_better,0.8461538461538461,rcsb_local_pose_ensemble,uncalibrated,0.8461538461538461,complete,her2-pose-v1,18,,0.9921073426660592,142.83307100588536,26.047643996042694,0.036971796883540346,Review,benchmark,1.0,0.06666666666666667
rcsb_local_pose_ensemble,1hnn,1hnn,1hnn_pose_021,data/local_set/1hnn/poses/1hnn_pose_021.sdf,166.3476355760223,lower_better,0.8461538461538461,rcsb_local_pose_ensemble,uncalibrated,0.8461538461538461,complete,her2-pose-v1,46,,0.9897749869135418,142.83307100588536,26.047643996042694,0.036971796883540346,Fail,benchmark,1.0,0.06666666666666667
rcsb_local_pose_ensemble,1hnn,1hnn,1hnn_pose_022,data/local_set/1hnn/poses/1hnn_pose_022.sdf,108.75905656445838,lower_better,0.8461538461538461,rcsb_local_pose_ensemble,uncalibrated,0.8461538461538461,complete,her2-pose-v1,14,,0.988577920047233,142.83307100588536,26.047643996042694,0.036971796883540346,Review,benchmark,1.0,0.06666666666666667
rcsb_local_pose_ensemble,1hnn,1hnn,1hnn_pose_023,data/local_set/1hnn/poses/1hnn_pose_023.sdf,166.53035828583756,lower_better,0.8461538461538461,rcsb_local_pose_ensemble,uncalibrated,0.8461538461538461,complete,her2-pose-v1,38,,0.9897798053265846,142.83307100588536,26.047643996042694,0.036971796883540346,Fail,benchmark,1.0,0.06666666666666667
rcsb_local_pose_ensemble,1hnn,1hnn,1hnn_pose_024,data/local_set/1hnn/poses/1hnn_pose_024.sdf,110.25003303889784,lower_better,0.8461538461538461,rcsb_local_pose_ensemble,uncalibrated,0.8461538461538461,complete,her2-pose-v1,31,,0.9865976134070916,142.83307100588536,26.047643996042694,0.036971796883540346,Fail,benchmark,1.0,0.06666666666666667
rcsb_local_pose_ensemble,1hnn,1hnn,1hnn_pose_025,data/local_set/1hnn/poses/1hnn_pose_025.sdf,166.44136762174736,lower_better,0.8461538461538461,rcsb_local_pose_ensemble,uncalibrated,0.8461538461538461,complete,her2-pose-v1,54,,0.989784346128784,142.83307100588536,26.047643996042694,0.036971796883540346,Fail,benchmark,1.0,0.06666666666666667
rcsb_local_pose_ensemble,1hnn,1hnn,1hnn_pose_026,data/local_set/1hnn/poses/1hnn_pose_026.sdf,118.78780623777234,lower_better,0.8461538461538461,rcsb_local_pose_ensemble,uncalibrated,0.8461538461538461,complete,her2-pose-v1,11,,0.8660414228533265,142.83307100588536,26.047643996042694,0.036971796883540346,Review,benchmark,1.0,0.06666666666666667
rcsb_local_pose_ensemble,1hnn,1hnn,1hnn_pose_027,data/local_set/1hnn/poses/1hnn_pose_027.sdf,166.34150942540367,lower_better,0.8461538461538461,rcsb_local_pose_ensemble,uncalibrated,0.8461538461538461,complete,her2-pose-v1,72,,0.9897665253306484,142.83307100588536,26.047643996042694,0.036971796883540346,Fail,benchmark,1.0,0.06666666666666667
rcsb_local_pose_ensemble,1hnn,1hnn,1hnn_pose_028,data/local_set/1hnn/poses/1hnn_pose_028.sdf,114.71794388005785,lower_better,0.8461538461538461,rcsb_local_pose_ensemble,uncalibrated,0.8461538461538461,complete,her2-pose-v1,41,,0.9930600990002107,142.83307100588536,26.047643996042694,0.036971796883540346,Fail,benchmark,1.0,0.06666666666666667
rcsb_local_pose_ensemble,1hnn,1hnn,1hnn_pose_029,data/local_set/1hnn/poses/1hnn_pose_029.sdf,166.33673347247705,lower_better,0.8461538461538461,rcsb_local_pose_ensemble,uncalibrated,0.8461538461538461,complete,her2-pose-v1,38,,0.989755509879168,142.83307100588536,26.047643996042694,0.036971796883540346,Review,benchmark,1.0,0.06666666666666667
rcsb_local_pose_ensemble,1hp0,1hp0,1hp0_pose_000,data/local_set/1hp0/poses/1hp0_pose_000.sdf,148.11984403057954,lower_better,1.0,rcsb_local_pose_ensemble,uncalibrated,1.0,complete,her2-pose-v1,0,,0.997001378833502,121.54851867752289,28.798440656412083,0.03355880301021114,Pass,benchmark,1.0,0.1
rcsb_local_pose_ensemble,1hp0,1hp0,1hp0_pose_001,data/local_set/1hp0/poses/1hp0_pose_001.sdf,147.56381485327802,lower_better,0.8461538461538461,rcsb_local_pose_ensemble,uncalibrated,0.8461538461538461,complete,her2-pose-v1,17,,0.997008881440374,121.54851867752289,28.798440656412083,0.03355880301021114,Fail,benchmark,1.0,0.1
rcsb_local_pose_ensemble,1hp0,1hp0,1hp0_pose_002,data/local_set/1hp0/poses/1hp0_pose_002.sdf,91.7865298183434,lower_better,0.8461538461538461,rcsb_local_pose_ensemble,uncalibrated,0.8461538461538461,complete,her2-pose-v1,10,,1.0,121.54851867752289,28.798440656412083,0.03355880301021114,Fail,benchmark,1.0,0.1
rcsb_local_pose_ensemble,1hp0,1hp0,1hp0_pose_003,data/local_set/1hp0/poses/1hp0_pose_003.sdf,149.28453696013787,lower_better,0.8461538461538461,rcsb_local_pose_ensemble,uncalibrated,0.8461538461538461,complete,her2-pose-v1,42,,0.9970164585178906,121.54851867752289,28.798440656412083,0.03355880301021114,Fail,benchmark,1.0,0.1
rcsb_local_pose_ensemble,1hp0,1hp0,1hp0_pose_004,data/local_set/1hp0/poses/1hp0_pose_004.sdf,90.4824419718974,lower_better,0.8461538461538461,rcsb_local_pose_ensemble,uncalibrated,0.8461538461538461,complete,her2-pose-v1,29,,1.0,121.54851867752289,28.798440656412083,0.03355880301021114,Review,benchmark,1.0,0.1
rcsb_local_pose_ensemble,1hp0,1hp0,1hp0_pose_005,data/local_set/1hp0/poses/1hp0_pose_005.sdf,147.49239766605598,lower_better,0.8461538461538461,rcsb_local_pose_ensemble,uncalibrated,0.8461538461538461,complete,her2-pose-v1,23,,0.9970130622056268,121.54851867752289,28.798440656412083,0.03355880301021114,Fail,benchmark,1.0,0.1
rcsb_local_pose_ensemble,1hp0,1hp0,1hp0_pose_006,data/local_set/1hp0/poses/1hp0_pose_006.sdf,94.87898585932616,lower_better,0.8461538461538461,rcsb_local_pose_ensemble,uncalibrated,0.8461538461538461,complete,her2-pose-v1,18,,1.0,121.54851867752289,28.798440656412083,0.03355880301021114,Pass,benchmark,1.0,0.1
rcsb_local_pose_ensemble,1hp0,1hp0,1hp0_pose_007,data/local_set/1hp0/poses/1hp0_pose_007.sdf,146.735410966899,lower_better,0.8461538461538461,rcsb_local_pose_ensemble,uncalibrated,0.8461538461538461,complete,her2-pose-v1,24,,0.9970008609382284,121.54851867752289,28.798440656412083,0.03355880301021114,Fail,benchmark,1.0,0.1
rcsb_local_pose_ensemble,1hp0,1hp0,1hp0_pose_008,data/local_set/1hp0/poses/1hp0_pose_008.sdf,90.00951791608571,lower_better,0.8461538461538461,rcsb_local_pose_ensemble,uncalibrated,0.8461538461538461,complete,her2-pose-v1,17,,1.0,121.54851867752289,28.798440656412083,0.03355880301021114,Fail,benchmark,1.0,0.1
rcsb_local_pose_ensemble,1hp0,1hp0,1hp0_pose_009,data/local_set/1hp0/poses/1hp0_pose_009.sdf,147.90691667764918,lower_better,0.8461538461538461,rcsb_local_pose_ensemble,uncalibrated,0.8461538461538461,complete,her2-pose-v1,29,,0.9969842056325862,121.54851867752289,28.798440656412083,0.03355880301021114,Fail,benchmark,1.0,0.1
rcsb_local_pose_ensemble,1hp0,1hp0,1hp0_pose_010,data/local_set/1hp0/poses/1hp0_pose_010.sdf,89.36323049115852,lower_better,0.8461538461538461,rcsb_local_pose_ensemble,uncalibrated,0.8461538461538461,complete,her2-pose-v1,26,,1.0,121.54851867752289,28.798440656412083,0.03355880301021114,Fail,benchmark,1.0,0.1
rcsb_local_pose_ensemble,1hp0,1hp0,1hp0_pose_011,data/local_set/1hp0/poses/1hp0_pose_011.sdf,148.12188015489593,lower_better,0.9230769230769231,rcsb_local_pose_ensemble,uncalibrated,0.9230769230769231,complete,her2-pose-v1,1,,0.9970102130511818,121.54851867752289,28.798440656412083,0.03355880301021114,Pass,benchmark,1.0,0.1
rcsb_local_pose_ensemble,1hp0,1hp0,1hp0_pose_012,data/local_set/1hp0/poses/1hp0_pose_012.sdf,90.31789852745744,lower_better,0.9230769230769231,rcsb_local_pose_ensemble,uncalibrated,0.9230769230769231,complete,her2-pose-v1,1,,1.0,121.54851867752289,28.798440656412083,0.03355880301021114,Review,benchmark,1.0,0.1
rcsb_local_pose_ensemble,1hp0,1hp0,1hp0_pose_013,data/local_set/1hp0/poses/1hp0_pose_013.sdf,148.115294791326,lower_better,1.0,rcsb_local_pose_ensemble,uncalibrated,1.0,complete,her2-pose-v1,0,,0.9969975801680812,121.54851867752289,28.798440656412083,0.03355880301021114,Pass,benchmark,1.0,0.1
rcsb_local_pose_ensemble,1hp0,1hp0,1hp0_pose_014,data/local_set/1hp0/poses/1hp0_pose_014.sdf,88.08409657778552,lower_better,0.8461538461538461,rcsb_local_pose_ensemble,uncalibrated,0.8461538461538461,complete,her2-pose-v1,34,,1.0,121.54851867752289,28.798440656412083,0.03355880301021114,Review,benchmark,1.0,0.1
rcsb_local_pose_ensemble,1hp0,1hp0,1hp0_pose_015,data/local_set/1hp0/poses/1hp0_pose_015.sdf,149.26543539762605,lower_better,0.8461538461538461,rcsb_local_pose_ensemble,uncalibrated,0.8461538461538461,complete,her2-pose-v1,16,,0.9969781702448222,121.54851867752289,28.798440656412083,0.03355880301021114,Review,benchmark,1.0,0.1
rcsb_local_pose_ensemble,1hp0,1hp0,1hp0_pose_016,data/local_set/1hp0/poses/1hp0_pose_016.sdf,89.04959563412235,lower_better,0.8461538461538461,rcsb_local_pose_ensemble,uncalibrated,0.8461538461538461,complete,her2-pose-v1,7,,1.0,121.54851867752289,28.798440656412083,0.03355880301021114,Pass,benchmark,1.0,0.1
rcsb_local_pose_ensemble,1hp0,1hp0,1hp0_pose_017,data/local_set/1hp0/poses/1hp0_pose_017.sdf,147.16157524902553,lower_better,0.8461538461538461,rcsb_local_pose_ensemble,uncalibrated,0.8461538461538461,complete,her2-pose-v1,24,,0.9969913501733576,121.54851867752289,28.798440656412083,0.03355880301021114,Fail,benchmark,1.0,0.1
rcsb_local_pose_ensemble,1hp0,1hp0,1hp0_pose_018,data/local_set/1hp0/poses/1hp0_pose_018.sdf,94.1146866000672,lower_better,0.9230769230769231,rcsb_local_pose_ensemble,uncalibrated,0.9230769230769231,complete,her2-pose-v1,2,,1.0,121.54851867752289,28.798440656412083,0.03355880301021114,Review,benchmark,1.0,0.1
rcsb_local_pose_ensemble,1hp0,1hp0,1hp0_pose_019,data/local_set/1hp0/poses/1hp0_pose_019.sdf,147.18620902904192,lower_better,0.9230769230769231,rcsb_local_pose_ensemble,uncalibrated,0.9230769230769231,complete,her2-pose-v1,1,,0.9969980296205404,121.54851867752289,28.798440656412083,0.03355880301021114,Pass,benchmark,1.0,0.1
rcsb_local_pose_ensemble,1hp0,1hp0,1hp0_pose_020,data/local_set/1hp0/poses/1hp0_pose_020.sdf,92.74875946805298,lower_better,0.9230769230769231,rcsb_local_pose_ensemble,uncalibrated,0.9230769230769231,complete,her2-pose-v1,1,,1.0,121.54851867752289,28.798440656412083,0.03355880301021114,Pass,benchmark,1.0,0.1
rcsb_local_pose_ensemble,1hp0,1hp0,1hp0_pose_021,data/local_set/1hp0/poses/1hp0_pose_021.sdf,147.5577134969162,lower_better,0.8461538461538461,rcsb_local_pose_ensemble,uncalibrated,0.8461538461538461,complete,her2-pose-v1,26,,0.9970164334220296,121.54851867752289,28.798440656412083,0.03355880301021114,Review,benchmark,1.0,0.1
rcsb_local_pose_ensemble,1hp0,1hp0,1hp0_pose_022,data/local_set/1hp0/poses/1hp0_pose_022.sdf,93.21310189772116,lower_better,0.8461538461538461,rcsb_local_pose_ensemble,uncalibrated,0.8461538461538461,complete,her2-pose-v1,25,,1.0,121.54851867752289,28.798440656412083,0.03355880301021114,Review,benchmark,1.0,0.1
rcsb_local_pose_ensemble,1hp0,1hp0,1hp0_pose_023,data/local_set/1hp0/poses/1hp0_pose_023.sdf,149.29773569792545,lower_better,0.8461538461538461,rcsb_local_pose_ensemble,uncalibrated,0.8461538461538461,complete,her2-pose-v1,23,,0.9969997323666838,121.54851867752289,28.798440656412083,0.03355880301021114,Review,benchmark,1.0,0.1
rcsb_local_pose_ensemble,1hp0,1hp0,1hp0_pose_024,data/local_set/1hp0/poses/1hp0_pose_024.sdf,88.05728414798028,lower_better,0.8461538461538461,rcsb_local_pose_ensemble,uncalibrated,0.8461538461538461,complete,her2-pose-v1,2,,1.0,121.54851867752289,28.798440656412083,0.03355880301021114,Pass,benchmark,1.0,0.1
rcsb_local_pose_ensemble,1hp0,1hp0,1hp0_pose_025,data/local_set/1hp0/poses/1hp0_pose_025.sdf,148.09819360660518,lower_better,1.0,rcsb_local_pose_ensemble,uncalibrated,1.0,complete,her2-pose-v1,0,,0.9969887332901832,121.54851867752289,28.798440656412083,0.03355880301021114,Pass,benchmark,1.0,0.1
rcsb_local_pose_ensemble,1hp0,1hp0,1hp0_pose_026,data/local_set/1hp0/poses/1hp0_pose_026.sdf,92.3226402678268,lower_better,0.8461538461538461,rcsb_local_pose_ensemble,uncalibrated,0.8461538461538461,complete,her2-pose-v1,17,,1.0,121.54851867752289,28.798440656412083,0.03355880301021114,Review,benchmark,1.0,0.1
rcsb_local_pose_ensemble,1hp0,1hp0,1hp0_pose_027,data/local_set/1hp0/poses/1hp0_pose_027.sdf,148.05920338461067,lower_better,0.9230769230769231,rcsb_local_pose_ensemble,uncalibrated,0.9230769230769231,complete,her2-pose-v1,3,,0.9969991068606784,121.54851867752289,28.798440656412083,0.03355880301021114,Review,benchmark,1.0,0.1
rcsb_local_pose_ensemble,1hp0,1hp0,1hp0_pose_028,data/local_set/1hp0/poses/1hp0_pose_028.sdf,94.16311755565631,lower_better,0.8461538461538461,rcsb_local_pose_ensemble,uncalibrated,0.8461538461538461,complete,her2-pose-v1,11,,1.0,121.54851867752289,28.798440656412083,0.03355880301021114,Review,benchmark,1.0,0.1
rcsb_local_pose_ensemble,1hp0,1hp0,1hp0_pose_029,data/local_set/1hp0/poses/1hp0_pose_029.sdf,147.89751162963304,lower_better,0.8461538461538461,rcsb_local_pose_ensemble,uncalibrated,0.8461538461538461,complete,her2-pose-v1,47,,0.9970045219425178,121.54851867752289,28.798440656412083,0.03355880301021114,Fail,benchmark,1.0,0.1
rcsb_local_pose_ensemble,1hq2,1hq2,1hq2_pose_000,data/local_set/1hq2/poses/1hq2_pose_000.sdf,286.3483361305322,lower_better,1.0,rcsb_local_pose_ensemble,uncalibrated,1.0,complete,her2-pose-v1,0,,0.9694474776269608,238.20961073025103,51.09699225719885,0.01919496609445468,Pass,benchmark,1.0,0.06666666666666667
rcsb_local_pose_ensemble,1hq2,1hq2,1hq2_pose_001,data/local_set/1hq2/poses/1hq2_pose_001.sdf,286.8583320817526,lower_better,0.8461538461538461,rcsb_local_pose_ensemble,uncalibrated,0.8461538461538461,complete,her2-pose-v1,26,,0.9694586445871484,238.20961073025103,51.09699225719885,0.01919496609445468,Review,benchmark,1.0,0.06666666666666667
rcsb_local_pose_ensemble,1hq2,1hq2,1hq2_pose_002,data/local_set/1hq2/poses/1hq2_pose_002.sdf,176.10818785213803,lower_better,0.8461538461538461,rcsb_local_pose_ensemble,uncalibrated,0.8461538461538461,complete,her2-pose-v1,23,,0.9923226730367972,238.20961073025103,51.09699225719885,0.01919496609445468,Fail,benchmark,1.0,0.06666666666666667
rcsb_local_pose_ensemble,1hq2,1hq2,1hq2_pose_003,data/local_set/1hq2/poses/1hq2_pose_003.sdf,282.8198049725955,lower_better,0.8461538461538461,rcsb_local_pose_ensemble,uncalibrated,0.8461538461538461,complete,her2-pose-v1,11,,0.9694639266224522,238.20961073025103,51.09699225719885,0.01919496609445468,Fail,benchmark,1.0,0.06666666666666667
rcsb_local_pose_ensemble,1hq2,1hq2,1hq2_pose_004,data/local_set/1hq2/poses/1hq2_pose_004.sdf,179.70536494821644,lower_better,0.8461538461538461,rcsb_local_pose_ensemble,uncalibrated,0.8461538461538461,complete,her2-pose-v1,24,,0.8804083747600054,238.20961073025103,51.09699225719885,0.01919496609445468,Review,benchmark,1.0,0.06666666666666667
rcsb_local_pose_ensemble,1hq2,1hq2,1hq2_pose_005,data/local_set/1hq2/poses/1hq2_pose_005.sdf,284.15427430875,lower_better,0.8461538461538461,rcsb_local_pose_ensemble,uncalibrated,0.8461538461538461,complete,her2-pose-v1,13,,0.9694570051895504,238.20961073025103,51.09699225719885,0.01919496609445468,Fail,benchmark,1.0,0.06666666666666667
rcsb_local_pose_ensemble,1hq2,1hq2,1hq2_pose_006,data/local_set/1hq2/poses/1hq2_pose_006.sdf,184.15422473862776,lower_better,0.9230769230769231,rcsb_local_pose_ensemble,uncalibrated,0.9230769230769231,complete,her2-pose-v1,6,,0.9940720682829984,238.20961073025103,51.09699225719885,0.01919496609445468,Pass,benchmark,1.0,0.06666666666666667
rcsb_local_pose_ensemble,1hq2,1hq2,1hq2_pose_007,data/local_set/1hq2/poses/1hq2_pose_007.sdf,286.35546346850595,lower_better,1.0,rcsb_local_pose_ensemble,uncalibrated,1.0,complete,her2-pose-v1,0,,0.9694455434790838,238.20961073025103,51.09699225719885,0.01919496609445468,Pass,benchmark,1.0,0.06666666666666667
rcsb_local_pose_ensemble,1hq2,1hq2,1hq2_pose_008,data/local_set/1hq2/poses/1hq2_pose_008.sdf,184.77706425652056,lower_better,0.8461538461538461,rcsb_local_pose_ensemble,uncalibrated,0.8461538461538461,complete,her2-pose-v1,21,,0.8415074922550192,238.20961073025103,51.09699225719885,0.01919496609445468,Fail,benchmark,1.0,0.06666666666666667
rcsb_local_pose_ensemble,1hq2,1hq2,1hq2_pose_009,data/local_set/1hq2/poses/1hq2_pose_009.sdf,286.35320475909157,lower_better,0.9230769230769231,rcsb_local_pose_ensemble,uncalibrated,0.9230769230769231,complete,her2-pose-v1,5,,0.9694643272716406,238.20961073025103,51.09699225719885,0.01919496609445468,Pass,benchmark,1.0,0.06666666666666667
rcsb_local_pose_ensemble,1hq2,1hq2,1hq2_pose_010,data/local_set/1hq2/poses/1hq2_pose_010.sdf,205.4964278849912,lower_better,0.8461538461538461,rcsb_local_pose_ensemble,uncalibrated,0.8461538461538461,complete,her2-pose-v1,14,,0.7962719136437352,238.20961073025103,51.09699225719885,0.01919496609445468,Review,benchmark,1.0,0.06666666666666667
rcsb_local_pose_ensemble,1hq2,1hq2,1hq2_pose_011,data/local_set/1hq2/poses/1hq2_pose_011.sdf,284.20021056815443,lower_better,0.8461538461538461,rcsb_local_pose_ensemble,uncalibrated,0.8461538461538461,complete,her2-pose-v1,21,,0.9694574216089312,238.20961073025103,51.09699225719885,0.01919496609445468,Fail,benchmark,1.0,0.06666666666666667
rcsb_local_pose_ensemble,1hq2,1hq2,1hq2_pose_012,data/local_set/1hq2/poses/1hq2_pose_012.sdf,190.40778210275448,lower_better,0.9230769230769231,rcsb_local_pose_ensemble,uncalibrated,0.9230769230769231,complete,her2-pose-v1,3,,0.9930806012370738,238.20961073025103,51.09699225719885,0.01919496609445468,Review,benchmark,1.0,0.06666666666666667
rcsb_local_pose_ensemble,1hq2,1hq2,1hq2_pose_013,data/local_set/1hq2/poses/1hq2_pose_013.sdf,282.6964994221341,lower_better,0.8461538461538461,rcsb_local_pose_ensemble,uncalibrated,0.8461538461538461,complete,her2-pose-v1,46,,0.969451747374112,238.20961073025103,51.09699225719885,0.01919496609445468,Fail,benchmark,1.0,0.06666666666666667
rcsb_local_pose_ensemble,1hq2,1hq2,1hq2_pose_014,data/local_set/1hq2/poses/1hq2_pose_014.sdf,170.39757711817418,lower_better,0.8461538461538461,rcsb_local_pose_ensemble,uncalibrated,0.8461538461538461,complete,her2-pose-v1,37,,0.9937456538849002,238.20961073025103,51.09699225719885,0.01919496609445468,Fail,benchmark,1.0,0.06666666666666667
rcsb_local_pose_ensemble,1hq2,1hq2,1hq2_pose_015,data/local_set/1hq2/poses/1hq2_pose_015.sdf,282.38375112472926,lower_better,0.8461538461538461,rcsb_local_pose_ensemble,uncalibrated,0.8461538461538461,complete,her2-pose-v1,40,,0.9694326459616468,238.20961073025103,51.09699225719885,0.01919496609445468,Fail,benchmark,1.0,0.06666666666666667
rcsb_local_pose_ensemble,1hq2,1hq2,1hq2_pose_016,data/local_set/1hq2/poses/1hq2_pose_016.sdf,199.6693587535995,lower_better,0.8461538461538461,rcsb_local_pose_ensemble,uncalibrated,0.8461538461538461,complete,her2-pose-v1,21,,0.8080563781703406,238.20961073025103,51.09699225719885,0.01919496609445468,Fail,benchmark,1.0,0.06666666666666667
rcsb_local_pose_ensemble,1hq2,1hq2,1hq2_pose_017,data/local_set/1hq2/poses/1hq2_pose_017.sdf,283.3758703593837,lower_better,0.8461538461538461,rcsb_local_pose_ensemble,uncalibrated,0.8461538461538461,complete,her2-pose-v1,43,,0.9694386194891428,238.20961073025103,51.09699225719885,0.01919496609445468,Fail,benchmark,1.0,0.06666666666666667
rcsb_local_pose_ensemble,1hq2,1hq2,1hq2_pose_018,data/local_set/1hq2/poses/1hq2_pose_018.sdf,206.5000546513664,lower_better,0.8461538461538461,rcsb_local_pose_ensemble,uncalibrated,0.8461538461538461,complete,her2-pose-v1,30,,0.8237496753112818,238.20961073025103,51.09699225719885,0.01919496609445468,Fail,benchmark,1.0,0.06666666666666667
rcsb_local_pose_ensemble,1hq2,1hq2,1hq2_pose_019,data/local_set/1hq2/poses/1hq2_pose_019.sdf,286.3214131118064,lower_better,0.9230769230769231,rcsb_local_pose_ensemble,uncalibrated,0.9230769230769231,complete,her2-pose-v1,3,,0.969458389075794,238.20961073025103,51.09699225719885,0.01919496609445468,Pass,benchmark,1.0,0.06666666666666667
rcsb_local_pose_ensemble,1hq2,1hq2,1hq2_pose_020,data/local_set/1hq2/poses/1hq2_pose_020.sdf,195.9359557039025,lower_better,0.8461538461538461,rcsb_local_pose_ensemble,uncalibrated,0.8461538461538461,complete,her2-pose-v1,19,,0.9915787444666012,238.20961073025103,51.09699225719885,0.01919496609445468,Review,benchmark,1.0,0.06666666666666667
rcsb_local_pose_ensemble,1hq2,1hq2,1hq2_pose_021,data/local_set/1hq2/poses/1hq2_pose_021.sdf,282.79086832472285,lower_better,0.8461538461538461,rcsb_local_pose_ensemble,uncalibrated,0.8461538461538461,complete,her2-pose-v1,21,,0.9694582795131516,238.20961073025103,51.09699225719885,0.01919496609445468,Fail,benchmark,1.0,0.06666666666666667
rcsb_local_pose_ensemble,1hq2,1hq2,1hq2_pose_022,data/local_set/1hq2/poses/1hq2_pose_022.sdf,180.38760114812473,lower_better,0.8461538461538461,rcsb_local_pose_ensemble,uncalibrated,0.8461538461538461,complete,her2-pose-v1,22,,0.9933984910953249,238.20961073025103,51.09699225719885,0.01919496609445468,Fail,benchmark,1.0,0.06666666666666667
rcsb_local_pose_ensemble,1hq2,1hq2,1hq2_pose_023,data/local_set/1hq2/poses/1hq2_pose_023.sdf,283.15034256144986,lower_better,0.9230769230769231,rcsb_local_pose_ensemble,uncalibrated,0.9230769230769231,complete,her2-pose-v1,6,,0.96947259451546,238.20961073025103,51.09699225719885,0.01919496609445468,Fail,benchmark,1.0,0.06666666666666667
rcsb_local_pose_ensemble,1hq2,1hq2,1hq2_pose_024,data/local_set/1hq2/poses/1hq2_pose_024.sdf,174.9839957850055,lower_better,0.9230769230769231,rcsb_local_pose_ensemble,uncalibrated,0.9230769230769231,complete,her2-pose-v1,9,,0.9929146834740956,238.20961073025103,51.09699225719885,0.01919496609445468,Fail,benchmark,1.0,0.06666666666666667
rcsb_local_pose_ensemble,1hq2,1hq2,1hq2_pose_025,data/local_set/1hq2/poses/1hq2_pose_025.sdf,284.2360146365267,lower_better,0.8461538461538461,rcsb_local_pose_ensemble,uncalibrated,0.8461538461538461,complete,her2-pose-v1,25,,0.9694209025663754,238.20961073025103,51.09699225719885,0.01919496609445468,Review,benchmark,1.0,0.06666666666666667
rcsb_local_pose_ensemble,1hq2,1hq2,1hq2_pose_026,data/local_set/1hq2/poses/1hq2_pose_026.sdf,173.4710929949986,lower_better,0.8461538461538461,rcsb_local_pose_ensemble,uncalibrated,0.8461538461538461,complete,her2-pose-v1,23,,0.9925473217795712,238.20961073025103,51.09699225719885,0.01919496609445468,Fail,benchmark,1.0,0.06666666666666667
rcsb_local_pose_ensemble,1hq2,1hq2,1hq2_pose_027,data/local_set/1hq2/poses/1hq2_pose_027.sdf,284.6582644460987,lower_better,0.9230769230769231,rcsb_local_pose_ensemble,uncalibrated,0.9230769230769231,complete,her2-pose-v1,9,,0.96944412561363,238.20961073025103,51.09699225719885,0.01919496609445468,Fail,benchmark,1.0,0.06666666666666667
rcsb_local_pose_ensemble,1hq2,1hq2,1hq2_pose_028,data/local_set/1hq2/poses/1hq2_pose_028.sdf,171.28523462605753,lower_better,0.8461538461538461,rcsb_local_pose_ensemble,uncalibrated,0.8461538461538461,complete,her2-pose-v1,46,,0.821910009986573,238.20961073025103,51.09699225719885,0.01919496609445468,Fail,benchmark,1.0,0.06666666666666667
rcsb_local_pose_ensemble,1hq2,1hq2,1hq2_pose_029,data/local_set/1hq2/poses/1hq2_pose_029.sdf,286.30574906681994,lower_better,0.9230769230769231,rcsb_local_pose_ensemble,uncalibrated,0.9230769230769231,complete,her2-pose-v1,1,,0.969448116008116,238.20961073025103,51.09699225719885,0.01919496609445468,Pass,benchmark,1.0,0.06666666666666667
rcsb_local_pose_ensemble,1hvy,1hvy,1hvy_pose_000,data/local_set/1hvy/poses/1hvy_pose_000.sdf,157.2515503902743,lower_better,1.0,rcsb_local_pose_ensemble,uncalibrated,1.0,complete,her2-pose-v1,0,,0.9515247094847892,140.51177452141673,18.361803994298825,0.05164807991520081,Pass,benchmark,1.0,0.03333333333333333
rcsb_local_pose_ensemble,1hvy,1hvy,1hvy_pose_001,data/local_set/1hvy/poses/1hvy_pose_001.sdf,157.24471051924667,lower_better,0.8461538461538461,rcsb_local_pose_ensemble,uncalibrated,0.8461538461538461,complete,her2-pose-v1,42,,0.951521296872152,140.51177452141673,18.361803994298825,0.05164807991520081,Fail,benchmark,1.0,0.03333333333333333
rcsb_local_pose_ensemble,1hvy,1hvy,1hvy_pose_002,data/local_set/1hvy/poses/1hvy_pose_002.sdf,121.13514281950766,lower_better,0.9230769230769231,rcsb_local_pose_ensemble,uncalibrated,0.9230769230769231,complete,her2-pose-v1,12,,0.9417536220095496,140.51177452141673,18.361803994298825,0.05164807991520081,Review,benchmark,1.0,0.03333333333333333
rcsb_local_pose_ensemble,1hvy,1hvy,1hvy_pose_003,data/local_set/1hvy/poses/1hvy_pose_003.sdf,157.2724717057151,lower_better,0.8461538461538461,rcsb_local_pose_ensemble,uncalibrated,0.8461538461538461,complete,her2-pose-v1,32,,0.9515044792925968,140.51177452141673,18.361803994298825,0.05164807991520081,Fail,benchmark,1.0,0.03333333333333333
rcsb_local_pose_ensemble,1hvy,1hvy,1hvy_pose_004,data/local_set/1hvy/poses/1hvy_pose_004.sdf,125.82117468612266,lower_better,0.8461538461538461,rcsb_local_pose_ensemble,uncalibrated,0.8461538461538461,complete,her2-pose-v1,47,,0.9437618462907812,140.51177452141673,18.361803994298825,0.05164807991520081,Fail,benchmark,1.0,0.03333333333333333
rcsb_local_pose_ensemble,1hvy,1hvy,1hvy_pose_005,data/local_set/1hvy/poses/1hvy_pose_005.sdf,157.25575193075014,lower_better,0.8461538461538461,rcsb_local_pose_ensemble,uncalibrated,0.8461538461538461,complete,her2-pose-v1,21,,0.9515144290790782,140.51177452141673,18.361803994298825,0.05164807991520081,Review,benchmark,1.0,0.03333333333333333
rcsb_local_pose_ensemble,1hvy,1hvy,1hvy_pose_006,data/local_set/1hvy/poses/1hvy_pose_006.sdf,119.88085722737948,lower_better,0.8461538461538461,rcsb_local_pose_ensemble,uncalibrated,0.8461538461538461,complete,her2-pose-v1,37,,0.9512448669737532,140.51177452141673,18.361803994298825,0.05164807991520081,Review,benchmark,1.0,0.03333333333333333
rcsb_local_pose_ensemble,1hvy,1hvy,1hvy_pose_007,data/local_set/1hvy/poses/1hvy_pose_007.sdf,157.26788688086555,lower_better,0.8461538461538461,rcsb_local_pose_ensemble,uncalibrated,0.8461538461538461,complete,her2-pose-v1,27,,0.9515231660027436,140.51177452141673,18.361803994298825,0.05164807991520081,Review,benchmark,1.0,0.03333333333333333
rcsb_local_pose_ensemble,1hvy,1hvy,1hvy_pose_008,data/local_set/1hvy/poses/1hvy_pose_008.sdf,118.57902962163858,lower_better,0.8461538461538461,rcsb_local_pose_ensemble,uncalibrated,0.8461538461538461,complete,her2-pose-v1,18,,0.9421213190793178,140.51177452141673,18.361803994298825,0.05164807991520081,Review,benchmark,1.0,0.03333333333333333
rcsb_local_pose_ensemble,1hvy,1hvy,1hvy_pose_009,data/local_set/1hvy/poses/1hvy_pose_009.sdf,157.21704952204013,lower_better,0.8461538461538461,rcsb_local_pose_ensemble,uncalibrated,0.8461538461538461,complete,her2-pose-v1,38,,0.9515396893510432,140.51177452141673,18.361803994298825,0.05164807991520081,Fail,benchmark,1.0,0.03333333333333333
rcsb_local_pose_ensemble,1hvy,1hvy,1hvy_pose_010,data/local_set/1hvy/poses/1hvy_pose_010.sdf,120.020042701508,lower_better,0.8461538461538461,rcsb_local_pose_ensemble,uncalibrated,0.8461538461538461,complete,her2-pose-v1,68,,0.9509538661440988,140.51177452141673,18.361803994298825,0.05164807991520081,Fail,benchmark,1.0,0.03333333333333333
rcsb_local_pose_ensemble,1hvy,1hvy,1hvy_pose_011,data/local_set/1hvy/poses/1hvy_pose_011.sdf,157.28304553937363,lower_better,0.8461538461538461,rcsb_local_pose_ensemble,uncalibrated,0.8461538461538461,complete,her2-pose-v1,66,,0.9515269086963986,140.51177452141673,18.361803994298825,0.05164807991520081,Fail,benchmark,1.0,0.03333333333333333
rcsb_local_pose_ensemble,1hvy,1hvy,1hvy_pose_012,data/local_set/1hvy/poses/1hvy_pose_012.sdf,129.79779459639764,lower_better,0.8461538461538461,rcsb_local_pose_ensemble,uncalibrated,0.8461538461538461,complete,her2-pose-v1,58,,0.9508995467423516,140.51177452141673,18.361803994298825,0.05164807991520081,Fail,benchmark,1.0,0.03333333333333333
rcsb_local_pose_ensemble,1hvy,1hvy,1hvy_pose_013,data/local_set/1hvy/poses/1hvy_pose_013.sdf,157.2560049422595,lower_better,0.8461538461538461,rcsb_local_pose_ensemble,uncalibrated,0.8461538461538461,complete,her2-pose-v1,59,,0.9515221516134268,140.51177452141673,18.361803994298825,0.05164807991520081,Fail,benchmark,1.0,0.03333333333333333
rcsb_local_pose_ensemble,1hvy,1hvy,1hvy_pose_014,data/local_set/1hvy/poses/1hvy_pose_014.sdf,116.1380314095644,lower_better,0.8461538461538461,rcsb_local_pose_ensemble,uncalibrated,0.8461538461538461,complete,her2-pose-v1,14,,0.9502827757115888,140.51177452141673,18.361803994298825,0.05164807991520081,Fail,benchmark,1.0,0.03333333333333333
rcsb_local_pose_ensemble,1hvy,1hvy,1hvy_pose_015,data/local_set/1hvy/poses/1hvy_pose_015.sdf,157.25704906375282,lower_better,0.8461538461538461,rcsb_local_pose_ensemble,uncalibrated,0.8461538461538461,complete,her2-pose-v1,65,,0.951536858248346,140.51177452141673,18.361803994298825,0.05164807991520081,Fail,benchmark,1.0,0.03333333333333333
rcsb_local_pose_ensemble,1hvy,1hvy,1hvy_pose_016,data/local_set/1hvy/poses/1hvy_pose_016.sdf,119.18246749030806,lower_better,0.8461538461538461,rcsb_local_pose_ensemble,uncalibrated,0.8461538461538461,complete,her2-pose-v1,74,,0.9504353063140316,140.51177452141673,18.361803994298825,0.05164807991520081,Fail,benchmark,1.0,0.03333333333333333
rcsb_local_pose_ensemble,1hvy,1hvy,1hvy_pose_017,data/local_set/1hvy/poses/1hvy_pose_017.sdf,157.29063357829875,lower_better,0.8461538461538461,rcsb_local_pose_ensemble,uncalibrated,0.8461538461538461,complete,her2-pose-v1,54,,0.9515153419099632,140.51177452141673,18.361803994298825,0.05164807991520081,Fail,benchmark,1.0,0.03333333333333333
rcsb_local_pose_ensemble,1hvy,1hvy,1hvy_pose_018,data/local_set/1hvy/poses/1hvy_pose_018.sdf,122.60770351331948,lower_better,0.8461538461538461,rcsb_local_pose_ensemble,uncalibrated,0.8461538461538461,complete,her2-pose-v1,80,,0.9501426173428774,140.51177452141673,18.361803994298825,0.05164807991520081,Fail,benchmark,1.0,0.03333333333333333
rcsb_local_pose_ensemble,1hvy,1hvy,1hvy_pose_019,data/local_set/1hvy/poses/1hvy_pose_019.sdf,157.25526544841676,lower_better,0.8461538461538461,rcsb_local_pose_ensemble,uncalibrated,0.8461538461538461,complete,her2-pose-v1,58,,0.9515152885874596,140.51177452141673,18.361803994298825,0.05164807991520081,Fail,benchmark,1.0,0.03333333333333333
rcsb_local_pose_ensemble,1hvy,1hvy,1hvy_pose_020,data/local_set/1hvy/poses/1hvy_pose_020.sdf,122.20950602678712,lower_better,0.8461538461538461,rcsb_local_pose_ensemble,uncalibrated,0.8461538461538461,complete,her2-pose-v1,15,,0.942382742942008,140.51177452141673,18.361803994298825,0.05164807991520081,Fail,benchmark,1.0,0.03333333333333333
rcsb_local_pose_ensemble,1hvy,1hvy,1hvy_pose_021,data/local_set/1hvy/poses/1hvy_pose_021.sdf,157.2534820027794,lower_better,0.8461538461538461,rcsb_local_pose_ensemble,uncalibrated,0.8461538461538461,complete,her2-pose-v1,22,,0.9515190608297986,140.51177452141673,18.361803994298825,0.05164807991520081,Review,benchmark,1.0,0.03333333333333333
rcsb_local_pose_ensemble,1hvy,1hvy,1hvy_pose_022,data/local_set/1hvy/poses/1hvy_pose_022.sdf,118.89148618031837,lower_better,0.8461538461538461,rcsb_local_pose_ensemble,uncalibrated,0.8461538461538461,complete,her2-pose-v1,54,,0.9412876261863432,140.51177452141673,18.361803994298825,0.05164807991520081,Fail,benchmark,1.0,0.03333333333333333
rcsb_local_pose_ensemble,1hvy,1hvy,1hvy_pose_023,data/local_set/1hvy/poses/1hvy_pose_023.sdf,157.2560885610389,lower_better,0.8461538461538461,rcsb_local_pose_ensemble,uncalibrated,0.8461538461538461,complete,her2-pose-v1,35,,0.9515113360485848,140.51177452141673,18.361803994298825,0.05164807991520081,Review,benchmark,1.0,0.03333333333333333
rcsb_local_pose_ensemble,1hvy,1hvy,1hvy_pose_024,data/local_set/1hvy/poses/1hvy_pose_024.sdf,118.1427226236481,lower_better,0.8461538461538461,rcsb_local_pose_ensemble,uncalibrated,0.8461538461538461,complete,her2-pose-v1,59,,0.941454194066478,140.51177452141673,18.361803994298825,0.05164807991520081,Fail,benchmark,1.0,0.03333333333333333
rcsb_local_pose_ensemble,1hvy,1hvy,1hvy_pose_025,data/local_set/1hvy/poses/1hvy_pose_025.sdf,157.21701307787168,lower_better,0.8461538461538461,rcsb_local_pose_ensemble,uncalibrated,0.8461538461538461,complete,her2-pose-v1,53,,0.9515220529040204,140.51177452141673,18.361803994298825,0.05164807991520081,Fail,benchmark,1.0,0.03333333333333333
rcsb_local_pose_ensemble,1hvy,1hvy,1hvy_pose_026,data/local_set/1hvy/poses/1hvy_pose_026.sdf,122.77809402560138,lower_better,0.9230769230769231,rcsb_local_pose_ensemble,uncalibrated,0.9230769230769231,complete,her2-pose-v1,7,,0.9499983313201004,140.51177452141673,18.361803994298825,0.05164807991520081,Review,benchmark,1.0,0.03333333333333333
rcsb_local_pose_ensemble,1hvy,1hvy,1hvy_pose_027,data/local_set/1hvy/poses/1hvy_pose_027.sdf,157.27118629464076,lower_better,0.9230769230769231,rcsb_local_pose_ensemble,uncalibrated,0.9230769230769231,complete,her2-pose-v1,1,,0.9515266065391804,140.51177452141673,18.361803994298825,0.05164807991520081,Pass,benchmark,1.0,0.03333333333333333
rcsb_local_pose_ensemble,1hvy,1hvy,1hvy_pose_028,data/local_set/1hvy/poses/1hvy_pose_028.sdf,124.04472663661396,lower_better,0.8461538461538461,rcsb_local_pose_ensemble,uncalibrated,0.8461538461538461,complete,her2-pose-v1,30,,0.9495514225677164,140.51177452141673,18.361803994298825,0.05164807991520081,Fail,benchmark,1.0,0.03333333333333333
rcsb_local_pose_ensemble,1hvy,1hvy,1hvy_pose_029,data/local_set/1hvy/poses/1hvy_pose_029.sdf,157.27526662646275,lower_better,0.8461538461538461,rcsb_local_pose_ensemble,uncalibrated,0.8461538461538461,complete,her2-pose-v1,69,,0.951514687756904,140.51177452141673,18.361803994298825,0.05164807991520081,Fail,benchmark,1.0,0.03333333333333333
rcsb_local_pose_ensemble,1hwi,1hwi,1hwi_pose_000,data/local_set/1hwi/poses/1hwi_pose_000.sdf,152.9173055817713,lower_better,1.0,rcsb_local_pose_ensemble,uncalibrated,1.0,complete,her2-pose-v1,0,,0.988014418152093,138.28005564178218,17.230573465399143,0.05485290969578975,Pass,benchmark,1.0,0.06666666666666667
rcsb_local_pose_ensemble,1hwi,1hwi,1hwi_pose_001,data/local_set/1hwi/poses/1hwi_pose_001.sdf,154.12230679954763,lower_better,0.8461538461538461,rcsb_local_pose_ensemble,uncalibrated,0.8461538461538461,complete,her2-pose-v1,15,,0.9880323012155596,138.28005564178218,17.230573465399143,0.05485290969578975,Fail,benchmark,1.0,0.06666666666666667
rcsb_local_pose_ensemble,1hwi,1hwi,1hwi_pose_002,data/local_set/1hwi/poses/1hwi_pose_002.sdf,115.10058636284468,lower_better,0.8461538461538461,rcsb_local_pose_ensemble,uncalibrated,0.8461538461538461,complete,her2-pose-v1,33,,0.9893903458033988,138.28005564178218,17.230573465399143,0.05485290969578975,Fail,benchmark,1.0,0.06666666666666667
rcsb_local_pose_ensemble,1hwi,1hwi,1hwi_pose_003,data/local_set/1hwi/poses/1hwi_pose_003.sdf,153.04822366815364,lower_better,0.8461538461538461,rcsb_local_pose_ensemble,uncalibrated,0.8461538461538461,complete,her2-pose-v1,19,,0.9880221369987232,138.28005564178218,17.230573465399143,0.05485290969578975,Fail,benchmark,1.0,0.06666666666666667
rcsb_local_pose_ensemble,1hwi,1hwi,1hwi_pose_004,data/local_set/1hwi/poses/1hwi_pose_004.sdf,120.30949806314996,lower_better,0.8461538461538461,rcsb_local_pose_ensemble,uncalibrated,0.8461538461538461,complete,her2-pose-v1,13,,0.9832989934547264,138.28005564178218,17.230573465399143,0.05485290969578975,Pass,benchmark,1.0,0.06666666666666667
rcsb_local_pose_ensemble,1hwi,1hwi,1hwi_pose_005,data/local_set/1hwi/poses/1hwi_pose_005.sdf,155.6403776871124,lower_better,0.8461538461538461,rcsb_local_pose_ensemble,uncalibrated,0.8461538461538461,complete,her2-pose-v1,52,,0.9880276739758932,138.28005564178218,17.230573465399143,0.05485290969578975,Fail,benchmark,1.0,0.06666666666666667
rcsb_local_pose_ensemble,1hwi,1hwi,1hwi_pose_006,data/local_set/1hwi/poses/1hwi_pose_006.sdf,118.8429040855133,lower_better,0.8461538461538461,rcsb_local_pose_ensemble,uncalibrated,0.8461538461538461,complete,her2-pose-v1,32,,0.9884211148640546,138.28005564178218,17.230573465399143,0.05485290969578975,Review,benchmark,1.0,0.06666666666666667
rcsb_local_pose_ensemble,1hwi,1hwi,1hwi_pose_007,data/local_set/1hwi/poses/1hwi_pose_007.sdf,153.07009722673257,lower_better,0.8461538461538461,rcsb_local_pose_ensemble,uncalibrated,0.8461538461538461,complete,her2-pose-v1,19,,0.9880227500339648,138.28005564178218,17.230573465399143,0.05485290969578975,Review,benchmark,1.0,0.06666666666666667
rcsb_local_pose_ensemble,1hwi,1hwi,1hwi_pose_008,data/local_set/1hwi/poses/1hwi_pose_008.sdf,122.21700276742756,lower_better,0.8461538461538461,rcsb_local_pose_ensemble,uncalibrated,0.8461538461538461,complete,her2-pose-v1,67,,0.997930580421515,138.28005564178218,17.230573465399143,0.05485290969578975,Fail,benchmark,1.0,0.06666666666666667
rcsb_local_pose_ensemble,1hwi,1hwi,1hwi_pose_009,data/local_set/1hwi/poses/1hwi_pose_009.sdf,153.0979243055322,lower_better,0.8461538461538461,rcsb_local_pose_ensemble,uncalibrated,0.8461538461538461,complete,her2-pose-v1,22,,0.9880134387824724,138.28005564178218,17.230573465399143,0.05485290969578975,Fail,benchmark,1.0,0.06666666666666667
rcsb_local_pose_ensemble,1hwi,1hwi,1hwi_pose_010,data/local_set/1hwi/poses/1hwi_pose_010.sdf,121.05295810033392,lower_better,0.9230769230769231,rcsb_local_pose_ensemble,uncalibrated,0.9230769230769231,complete,her2-pose-v1,5,,0.9885283345784572,138.28005564178218,17.230573465399143,0.05485290969578975,Pass,benchmark,1.0,0.06666666666666667
rcsb_local_pose_ensemble,1hwi,1hwi,1hwi_pose_011,data/local_set/1hwi/poses/1hwi_pose_011.sdf,152.93729658562037,lower_better,0.8461538461538461,rcsb_local_pose_ensemble,uncalibrated,0.8461538461538461,complete,her2-pose-v1,17,,0.988020427737991,138.28005564178218,17.230573465399143,0.05485290969578975,Fail,benchmark,1.0,0.06666666666666667
rcsb_local_pose_ensemble,1hwi,1hwi,1hwi_pose_012,data/local_set/1hwi/poses/1hwi_pose_012.sdf,119.46938940949396,lower_better,0.8461538461538461,rcsb_local_pose_ensemble,uncalibrated,0.8461538461538461,complete,her2-pose-v1,13,,0.984792853830728,138.28005564178218,17.230573465399143,0.05485290969578975,Review,benchmark,1.0,0.06666666666666667
rcsb_local_pose_ensemble,1hwi,1hwi,1hwi_pose_013,data/local_set/1hwi/poses/1hwi_pose_013.sdf,154.44615653198696,lower_better,0.8461538461538461,rcsb_local_pose_ensemble,uncalibrated,0.8461538461538461,complete,her2-pose-v1,25,,0.988027535473148,138.28005564178218,17.230573465399143,0.05485290969578975,Fail,benchmark,1.0,0.06666666666666667
rcsb_local_pose_ensemble,1hwi,1hwi,1hwi_pose_014,data/local_set/1hwi/poses/1hwi_pose_014.sdf,116.25794656136668,lower_better,0.8461538461538461,rcsb_local_pose_ensemble,uncalibrated,0.8461538461538461,complete,her2-pose-v1,46,,0.9883946088270822,138.28005564178218,17.230573465399143,0.05485290969578975,Fail,benchmark,1.0,0.06666666666666667
rcsb_local_pose_ensemble,1hwi,1hwi,1hwi_pose_015,data/local_set/1hwi/poses/1hwi_pose_015.sdf,152.9112958806117,lower_better,1.0,rcsb_local_pose_ensemble,uncalibrated,1.0,complete,her2-pose-v1,0,,0.9880015391082716,138.28005564178218,17.230573465399143,0.05485290969578975,Pass,benchmark,1.0,0.06666666666666667
rcsb_local_pose_ensemble,1hwi,1hwi,1hwi_pose_016,data/local_set/1hwi/poses/1hwi_pose_016.sdf,120.3745802816511,lower_better,0.9230769230769231,rcsb_local_pose_ensemble,uncalibrated,0.9230769230769231,complete,her2-pose-v1,10,,0.9849397648389772,138.28005564178218,17.230573465399143,0.05485290969578975,Review,benchmark,1.0,0.06666666666666667
rcsb_local_pose_ensemble,1hwi,1hwi,1hwi_pose_017,data/local_set/1hwi/poses/1hwi_pose_017.sdf,155.63926276121387,lower_better,0.8461538461538461,rcsb_local_pose_ensemble,uncalibrated,0.8461538461538461,complete,her2-pose-v1,84,,0.9880184060533164,138.28005564178218,17.230573465399143,0.05485290969578975,Fail,benchmark,1.0,0.06666666666666667
rcsb_local_pose_ensemble,1hwi,1hwi,1hwi_pose_018,data/local_set/1hwi/poses/1hwi_pose_018.sdf,123.95326140323697,lower_better,0.8461538461538461,rcsb_local_pose_ensemble,uncalibrated,0.8461538461538461,complete,her2-pose-v1,13,,0.9895784842711226,138.28005564178218,17.230573465399143,0.05485290969578975,Review,benchmark,1.0,0.06666666666666667
rcsb_local_pose_ensemble,1hwi,1hwi,1hwi_pose_019,data/local_set/1hwi/poses/1hwi_pose_019.sdf,153.44824261460428,lower_better,0.8461538461538461,rcsb_local_pose_ensemble,uncalibrated,0.8461538461538461,complete,her2-pose-v1,37,,0.9880266348113524,138.28005564178218,17.230573465399143,0.05485290969578975,Review,benchmark,1.0,0.06666666666666667
rcsb_local_pose_ensemble,1hwi,1hwi,1hwi_pose_020,data/local_set/1hwi/poses/1hwi_pose_020.sdf,124.65229963838094,lower_better,0.8461538461538461,rcsb_local_pose_ensemble,uncalibrated,0.8461538461538461,complete,her2-pose-v1,18,,0.9948912240440868,138.28005564178218,17.230573465399143,0.05485290969578975,Fail,benchmark,1.0,0.06666666666666667
rcsb_local_pose_ensemble,1hwi,1hwi,1hwi_pose_021,data/local_set/1hwi/poses/1hwi_pose_021.sdf,154.11752134522752,lower_better,0.8461538461538461,rcsb_local_pose_ensemble,uncalibrated,0.8461538461538461,complete,her2-pose-v1,12,,0.9880138487878714,138.28005564178218,17.230573465399143,0.05485290969578975,Review,benchmark,1.0,0.06666666666666667
rcsb_local_pose_ensemble,1hwi,1hwi,1hwi_pose_022,data/local_set/1hwi/poses/1hwi_pose_022.sdf,118.4460192721362,lower_better,0.8461538461538461,rcsb_local_pose_ensemble,uncalibrated,0.8461538461538461,complete,her2-pose-v1,14,,0.9869333961524628,138.28005564178218,17.230573465399143,0.05485290969578975,Review,benchmark,1.0,0.06666666666666667
rcsb_local_pose_ensemble,1hwi,1hwi,1hwi_pose_023,data/local_set/1hwi/poses/1hwi_pose_023.sdf,154.9574924539794,lower_better,0.8461538461538461,rcsb_local_pose_ensemble,uncalibrated,0.8461538461538461,complete,her2-pose-v1,14,,0.9880113671115162,138.28005564178218,17.230573465399143,0.05485290969578975,Fail,benchmark,1.0,0.06666666666666667
rcsb_local_pose_ensemble,1hwi,1hwi,1hwi_pose_024,data/local_set/1hwi/poses/1hwi_pose_024.sdf,115.35129770078542,lower_better,0.8461538461538461,rcsb_local_pose_ensemble,uncalibrated,0.8461538461538461,complete,her2-pose-v1,31,,0.98802260474751,138.28005564178218,17.230573465399143,0.05485290969578975,Fail,benchmark,1.0,0.06666666666666667
rcsb_local_pose_ensemble,1hwi,1hwi,1hwi_pose_025,data/local_set/1hwi/poses/1hwi_pose_025.sdf,154.96675519756587,lower_better,0.8461538461538461,rcsb_local_pose_ensemble,uncalibrated,0.8461538461538461,complete,her2-pose-v1,12,,0.9880205375179468,138.28005564178218,17.230573465399143,0.05485290969578975,Fail,benchmark,1.0,0.06666666666666667
rcsb_local_pose_ensemble,1hwi,1hwi,1hwi_pose_026,data/local_set/1hwi/poses/1hwi_pose_026.sdf,117.67892828699011,lower_better,0.8461538461538461,rcsb_local_pose_ensemble,uncalibrated,0.8461538461538461,complete,her2-pose-v1,42,,0.997793048645006,138.28005564178218,17.230573465399143,0.05485290969578975,Fail,benchmark,1.0,0.06666666666666667
rcsb_local_pose_ensemble,1hwi,1hwi,1hwi_pose_027,data/local_set/1hwi/poses/1hwi_pose_027.sdf,152.8898361168413,lower_better,0.8461538461538461,rcsb_local_pose_ensemble,uncalibrated,0.8461538461538461,complete,her2-pose-v1,12,,0.988012954802752,138.28005564178218,17.230573465399143,0.05485290969578975,Review,benchmark,1.0,0.06666666666666667
rcsb_local_pose_ensemble,1hwi,1hwi,1hwi_pose_028,data/local_set/1hwi/poses/1hwi_pose_028.sdf,133.03578741030097,lower_better,0.8461538461538461,rcsb_local_pose_ensemble,uncalibrated,0.8461538461538461,complete,her2-pose-v1,10,,1.0,138.28005564178218,17.230573465399143,0.05485290969578975,Review,benchmark,1.0,0.06666666666666667
rcsb_local_pose_ensemble,1hwi,1hwi,1hwi_pose_029,data/local_set/1hwi/poses/1hwi_pose_029.sdf,153.44911515335258,lower_better,0.9230769230769231,rcsb_local_pose_ensemble,uncalibrated,0.9230769230769231,complete,her2-pose-v1,3,,0.9880062782192902,138.28005564178218,17.230573465399143,0.05485290969578975,Pass,benchmark,1.0,0.06666666666666667
rcsb_local_pose_ensemble,1hww,1hww,1hww_pose_000,data/local_set/1hww/poses/1hww_pose_000.sdf,37.38265597902044,lower_better,1.0,rcsb_local_pose_ensemble,uncalibrated,1.0,complete,her2-pose-v1,0,,1.0,38.38239387644481,3.5905759483493274,0.21783758971672793,Pass,benchmark,1.0,0.06666666666666667
rcsb_local_pose_ensemble,1hww,1hww,1hww_pose_001,data/local_set/1hww/poses/1hww_pose_001.sdf,40.59775194472063,lower_better,0.8461538461538461,rcsb_local_pose_ensemble,uncalibrated,0.8461538461538461,complete,her2-pose-v1,20,,1.0,38.38239387644481,3.5905759483493274,0.21783758971672793,Review,benchmark,1.0,0.06666666666666667
rcsb_local_pose_ensemble,1hww,1hww,1hww_pose_002,data/local_set/1hww/poses/1hww_pose_002.sdf,38.329640129796566,lower_better,0.8461538461538461,rcsb_local_pose_ensemble,uncalibrated,0.8461538461538461,complete,her2-pose-v1,3,,1.0,38.38239387644481,3.5905759483493274,0.21783758971672793,Pass,benchmark,1.0,0.06666666666666667
rcsb_local_pose_ensemble,1hww,1hww,1hww_pose_003,data/local_set/1hww/poses/1hww_pose_003.sdf,36.902038201011024,lower_better,0.8461538461538461,rcsb_local_pose_ensemble,uncalibrated,0.8461538461538461,complete,her2-pose-v1,11,,1.0,38.38239387644481,3.5905759483493274,0.21783758971672793,Review,benchmark,1.0,0.06666666666666667
rcsb_local_pose_ensemble,1hww,1hww,1hww_pose_004,data/local_set/1hww/poses/1hww_pose_004.sdf,51.45354526245721,lower_better,0.8461538461538461,rcsb_local_pose_ensemble,uncalibrated,0.8461538461538461,complete,her2-pose-v1,3,,1.0,38.38239387644481,3.5905759483493274,0.21783758971672793,Review,benchmark,1.0,0.06666666666666667
rcsb_local_pose_ensemble,1hww,1hww,1hww_pose_005,data/local_set/1hww/poses/1hww_pose_005.sdf,38.12138427997944,lower_better,0.8461538461538461,rcsb_local_pose_ensemble,uncalibrated,0.8461538461538461,complete,her2-pose-v1,21,,1.0,38.38239387644481,3.5905759483493274,0.21783758971672793,Review,benchmark,1.0,0.06666666666666667
rcsb_local_pose_ensemble,1hww,1hww,1hww_pose_006,data/local_set/1hww/poses/1hww_pose_006.sdf,39.15363574956897,lower_better,0.8461538461538461,rcsb_local_pose_ensemble,uncalibrated,0.8461538461538461,complete,her2-pose-v1,9,,1.0,38.38239387644481,3.5905759483493274,0.21783758971672793,Pass,benchmark,1.0,0.06666666666666667
rcsb_local_pose_ensemble,1hww,1hww,1hww_pose_007,data/local_set/1hww/poses/1hww_pose_007.sdf,38.55112660571215,lower_better,0.9230769230769231,rcsb_local_pose_ensemble,uncalibrated,0.9230769230769231,complete,her2-pose-v1,3,,1.0,38.38239387644481,3.5905759483493274,0.21783758971672793,Pass,benchmark,1.0,0.06666666666666667
rcsb_local_pose_ensemble,1hww,1hww,1hww_pose_008,data/local_set/1hww/poses/1hww_pose_008.sdf,34.95062631082434,lower_better,0.8461538461538461,rcsb_local_pose_ensemble,uncalibrated,0.8461538461538461,complete,her2-pose-v1,9,,1.0,38.38239387644481,3.5905759483493274,0.21783758971672793,Review,benchmark,1.0,0.06666666666666667
rcsb_local_pose_ensemble,1hww,1hww,1hww_pose_009,data/local_set/1hww/poses/1hww_pose_009.sdf,38.1252023448031,lower_better,0.8461538461538461,rcsb_local_pose_ensemble,uncalibrated,0.8461538461538461,complete,her2-pose-v1,22,,1.0,38.38239387644481,3.5905759483493274,0.21783758971672793,Review,benchmark,1.0,0.06666666666666667
rcsb_local_pose_ensemble,1hww,1hww,1hww_pose_010,data/local_set/1hww/poses/1hww_pose_010.sdf,46.3877217812785,lower_better,0.8461538461538461,rcsb_local_pose_ensemble,uncalibrated,0.8461538461538461,complete,her2-pose-v1,18,,1.0,38.38239387644481,3.5905759483493274,0.21783758971672793,Review,benchmark,1.0,0.06666666666666667
rcsb_local_pose_ensemble,1hww,1hww,1hww_pose_011,data/local_set/1hww/poses/1hww_pose_011.sdf,37.384448996353186,lower_better,0.8461538461538461,rcsb_local_pose_ensemble,uncalibrated,0.8461538461538461,complete,her2-pose-v1,9,,1.0,38.38239387644481,3.5905759483493274,0.21783758971672793,Pass,benchmark,1.0,0.06666666666666667
rcsb_local_pose_ensemble,1hww,1hww,1hww_pose_012,data/local_set/1hww/poses/1hww_pose_012.sdf,36.24702547859358,lower_better,0.8461538461538461,rcsb_local_pose_ensemble,uncalibrated,0.8461538461538461,complete,her2-pose-v1,25,,1.0,38.38239387644481,3.5905759483493274,0.21783758971672793,Fail,benchmark,1.0,0.06666666666666667
rcsb_local_pose_ensemble,1hww,1hww,1hww_pose_013,data/local_set/1hww/poses/1hww_pose_013.sdf,36.95289465080125,lower_better,0.8461538461538461,rcsb_local_pose_ensemble,uncalibrated,0.8461538461538461,complete,her2-pose-v1,8,,1.0,38.38239387644481,3.5905759483493274,0.21783758971672793,Pass,benchmark,1.0,0.06666666666666667
rcsb_local_pose_ensemble,1hww,1hww,1hww_pose_014,data/local_set/1hww/poses/1hww_pose_014.sdf,36.52598084894627,lower_better,0.8461538461538461,rcsb_local_pose_ensemble,uncalibrated,0.8461538461538461,complete,her2-pose-v1,21,,1.0,38.38239387644481,3.5905759483493274,0.21783758971672793,Fail,benchmark,1.0,0.06666666666666667
rcsb_local_pose_ensemble,1hww,1hww,1hww_pose_015,data/local_set/1hww/poses/1hww_pose_015.sdf,37.37865426891593,lower_better,1.0,rcsb_local_pose_ensemble,uncalibrated,1.0,complete,her2-pose-v1,0,,1.0,38.38239387644481,3.5905759483493274,0.21783758971672793,Pass,benchmark,1.0,0.06666666666666667
rcsb_local_pose_ensemble,1hww,1hww,1hww_pose_016,data/local_set/1hww/poses/1hww_pose_016.sdf,36.11202005119227,lower_better,0.9230769230769231,rcsb_local_pose_ensemble,uncalibrated,0.9230769230769231,complete,her2-pose-v1,1,,1.0,38.38239387644481,3.5905759483493274,0.21783758971672793,Pass,benchmark,1.0,0.06666666666666667
rcsb_local_pose_ensemble,1hww,1hww,1hww_pose_017,data/local_set/1hww/poses/1hww_pose_017.sdf,36.95501058730205,lower_better,0.8461538461538461,rcsb_local_pose_ensemble,uncalibrated,0.8461538461538461,complete,her2-pose-v1,9,,1.0,38.38239387644481,3.5905759483493274,0.21783758971672793,Review,benchmark,1.0,0.06666666666666667
rcsb_local_pose_ensemble,1hww,1hww,1hww_pose_018,data/local_set/1hww/poses/1hww_pose_018.sdf,36.114264321852495,lower_better,0.8461538461538461,rcsb_local_pose_ensemble,uncalibrated,0.8461538461538461,complete,her2-pose-v1,9,,1.0,38.38239387644481,3.5905759483493274,0.21783758971672793,Pass,benchmark,1.0,0.06666666666666667
rcsb_local_pose_ensemble,1hww,1hww,1hww_pose_019,data/local_set/1hww/poses/1hww_pose_019.sdf,38.123271707435904,lower_better,0.8461538461538461,rcsb_local_pose_ensemble,uncalibrated,0.8461538461538461,complete,her2-pose-v1,11,,1.0,38.38239387644481,3.5905759483493274,0.21783758971672793,Review,benchmark,1.0,0.06666666666666667
rcsb_local_pose_ensemble,1hww,1hww,1hww_pose_020,data/local_set/1hww/poses/1hww_pose_020.sdf,34.72100926835225,lower_better,0.8461538461538461,rcsb_local_pose_ensemble,uncalibrated,0.8461538461538461,complete,her2-pose-v1,9,,1.0,38.38239387644481,3.5905759483493274,0.21783758971672793,Review,benchmark,1.0,0.06666666666666667
rcsb_local_pose_ensemble,1hww,1hww,1hww_pose_021,data/local_set/1hww/poses/1hww_pose_021.sdf,38.55789946984057,lower_better,0.8461538461538461,rcsb_local_pose_ensemble,uncalibrated,0.8461538461538461,complete,her2-pose-v1,4,,1.0,38.38239387644481,3.5905759483493274,0.21783758971672793,Pass,benchmark,1.0,0.06666666666666667
rcsb_local_pose_ensemble,1hww,1hww,1hww_pose_022,data/local_set/1hww/poses/1hww_pose_022.sdf,45.517553878561344,lower_better,0.9230769230769231,rcsb_local_pose_ensemble,uncalibrated,0.9230769230769231,complete,her2-pose-v1,2,,1.0,38.38239387644481,3.5905759483493274,0.21783758971672793,Pass,benchmark,1.0,0.06666666666666667
rcsb_local_pose_ensemble,1hww,1hww,1hww_pose_023,data/local_set/1hww/poses/1hww_pose_023.sdf,37.3310437885439,lower_better,0.8461538461538461,rcsb_local_pose_ensemble,uncalibrated,0.8461538461538461,complete,her2-pose-v1,9,,1.0,38.38239387644481,3.5905759483493274,0.21783758971672793,Fail,benchmark,1.0,0.06666666666666667
rcsb_local_pose_ensemble,1hww,1hww,1hww_pose_024,data/local_set/1hww/poses/1hww_pose_024.sdf,38.880069490122374,lower_better,0.8461538461538461,rcsb_local_pose_ensemble,uncalibrated,0.8461538461538461,complete,her2-pose-v1,14,,1.0,38.38239387644481,3.5905759483493274,0.21783758971672793,Review,benchmark,1.0,0.06666666666666667
rcsb_local_pose_ensemble,1hww,1hww,1hww_pose_025,data/local_set/1hww/poses/1hww_pose_025.sdf,38.55619662033442,lower_better,0.8461538461538461,rcsb_local_pose_ensemble,uncalibrated,0.8461538461538461,complete,her2-pose-v1,2,,1.0,38.38239387644481,3.5905759483493274,0.21783758971672793,Pass,benchmark,1.0,0.06666666666666667
rcsb_local_pose_ensemble,1hww,1hww,1hww_pose_026,data/local_set/1hww/poses/1hww_pose_026.sdf,33.38600439878583,lower_better,0.8461538461538461,rcsb_local_pose_ensemble,uncalibrated,0.8461538461538461,complete,her2-pose-v1,11,,1.0,38.38239387644481,3.5905759483493274,0.21783758971672793,Review,benchmark,1.0,0.06666666666666667
rcsb_local_pose_ensemble,1hww,1hww,1hww_pose_027,data/local_set/1hww/poses/1hww_pose_027.sdf,38.484490838708766,lower_better,0.8461538461538461,rcsb_local_pose_ensemble,uncalibrated,0.8461538461538461,complete,her2-pose-v1,9,,1.0,38.38239387644481,3.5905759483493274,0.21783758971672793,Fail,benchmark,1.0,0.06666666666666667
rcsb_local_pose_ensemble,1hww,1hww,1hww_pose_028,data/local_set/1hww/poses/1hww_pose_028.sdf,37.333409997848385,lower_better,0.8461538461538461,rcsb_local_pose_ensemble,uncalibrated,0.8461538461538461,complete,her2-pose-v1,27,,1.0,38.38239387644481,3.5905759483493274,0.21783758971672793,Review,benchmark,1.0,0.06666666666666667
rcsb_local_pose_ensemble,1hww,1hww,1hww_pose_029,data/local_set/1hww/poses/1hww_pose_029.sdf,36.955239041681274,lower_better,0.8461538461538461,rcsb_local_pose_ensemble,uncalibrated,0.8461538461538461,complete,her2-pose-v1,3,,1.0,38.38239387644481,3.5905759483493274,0.21783758971672793,Pass,benchmark,1.0,0.06666666666666667
rcsb_local_pose_ensemble,1ia1,1ia1,1ia1_pose_000,data/local_set/1ia1/poses/1ia1_pose_000.sdf,402.9051093916715,lower_better,0.9230769230769231,rcsb_local_pose_ensemble,uncalibrated,0.9230769230769231,complete,her2-pose-v1,0,,0.9594731009067776,333.5134108828003,77.94284324031379,0.012667392748394566,Pass,benchmark,1.0,0.0
rcsb_local_pose_ensemble,1ia1,1ia1,1ia1_pose_001,data/local_set/1ia1/poses/1ia1_pose_001.sdf,402.9229613124414,lower_better,0.8461538461538461,rcsb_local_pose_ensemble,uncalibrated,0.8461538461538461,complete,her2-pose-v1,6,,0.9594659219297992,333.5134108828003,77.94284324031379,0.012667392748394566,Pass,benchmark,1.0,0.0
rcsb_local_pose_ensemble,1ia1,1ia1,1ia1_pose_002,data/local_set/1ia1/poses/1ia1_pose_002.sdf,253.0872339929446,lower_better,0.7692307692307693,rcsb_local_pose_ensemble,uncalibrated,0.7692307692307693,complete,her2-pose-v1,150,,0.929193946262417,333.5134108828003,77.94284324031379,0.012667392748394566,Fail,benchmark,1.0,0.0
rcsb_local_pose_ensemble,1ia1,1ia1,1ia1_pose_003,data/local_set/1ia1/poses/1ia1_pose_003.sdf,403.0419960018152,lower_better,0.7692307692307693,rcsb_local_pose_ensemble,uncalibrated,0.7692307692307693,complete,her2-pose-v1,155,,0.9594771305672336,333.5134108828003,77.94284324031379,0.012667392748394566,Fail,benchmark,1.0,0.0
rcsb_local_pose_ensemble,1ia1,1ia1,1ia1_pose_004,data/local_set/1ia1/poses/1ia1_pose_004.sdf,252.4687287869823,lower_better,0.7692307692307693,rcsb_local_pose_ensemble,uncalibrated,0.7692307692307693,complete,her2-pose-v1,168,,0.988233224027406,333.5134108828003,77.94284324031379,0.012667392748394566,Fail,benchmark,1.0,0.0
rcsb_local_pose_ensemble,1ia1,1ia1,1ia1_pose_005,data/local_set/1ia1/poses/1ia1_pose_005.sdf,405.6468903997565,lower_better,0.7692307692307693,rcsb_local_pose_ensemble,uncalibrated,0.7692307692307693,complete,her2-pose-v1,123,,0.959471506000171,333.5134108828003,77.94284324031379,0.012667392748394566,Fail,benchmark,1.0,0.0
rcsb_local_pose_ensemble,1ia1,1ia1,1ia1_pose_006,data/local_set/1ia1/poses/1ia1_pose_006.sdf,250.05079909339076,lower_better,0.7692307692307693,rcsb_local_pose_ensemble,uncalibrated,0.7692307692307693,complete,her2-pose-v1,111,,0.9948086246691122,333.5134108828003,77.94284324031379,0.012667392748394566,Fail,benchmark,1.0,0.0
rcsb_local_pose_ensemble,1ia1,1ia1,1ia1_pose_007,data/local_set/1ia1/poses/1ia1_pose_007.sdf,406.74819631187023,lower_better,0.7692307692307693,rcsb_local_pose_ensemble,uncalibrated,0.7692307692307693,complete,her2-pose-v1,31,,0.9594688580740798,333.5134108828003,77.94284324031379,0.012667392748394566,Fail,benchmark,1.0,0.0
rcsb_local_pose_ensemble,1ia1,1ia1,1ia1_pose_008,data/local_set/1ia1/poses/1ia1_pose_008.sdf,248.8306341485404,lower_better,0.7692307692307693,rcsb_local_pose_ensemble,uncalibrated,0.7692307692307693,complete,her2-pose-v1,39,,0.9658966281628149,333.5134108828003,77.94284324031379,0.012667392748394566,Review,benchmark,1.0,0.0
rcsb_local_pose_ensemble,1ia1,1ia1,1ia1_pose_009,data/local_set/1ia1/poses/1ia1_pose_009.sdf,405.3011917011188,lower_better,0.7692307692307693,rcsb_local_pose_ensemble,uncalibrated,0.7692307692307693,complete,her2-pose-v1,151,,0.9594790451941622,333.5134108828003,77.94284324031379,0.012667392748394566,Fail,benchmark,1.0,0.0
rcsb_local_pose_ensemble,1ia1,1ia1,1ia1_pose_010,data/local_set/1ia1/poses/1ia1_pose_010.sdf,255.35122115082257,lower_better,0.7692307692307693,rcsb_local_pose_ensemble,uncalibrated,0.7692307692307693,complete,her2-pose-v1,58,,0.946522485374077,333.5134108828003,77.94284324031379,0.012667392748394566,Fail,benchmark,1.0,0.0
rcsb_local_pose_ensemble,1ia1,1ia1,1ia1_pose_011,data/local_set/1ia1/poses/1ia1_pose_011.sdf,408.2924992214659,lower_better,0.7692307692307693,rcsb_local_pose_ensemble,uncalibrated,0.7692307692307693,complete,her2-pose-v1,81,,0.9594384469295754,333.5134108828003,77.94284324031379,0.012667392748394566,Fail,benchmark,1.0,0.0
rcsb_local_pose_ensemble,1ia1,1ia1,1ia1_pose_012,data/local_set/1ia1/poses/1ia1_pose_012.sdf,252.4148975240279,lower_better,0.7692307692307693,rcsb_local_pose_ensemble,uncalibrated,0.7692307692307693,complete,her2-pose-v1,95,,0.9927386740601576,333.5134108828003,77.94284324031379,0.012667392748394566,Fail,benchmark,1.0,0.0
rcsb_local_pose_ensemble,1ia1,1ia1,1ia1_pose_013,data/local_set/1ia1/poses/1ia1_pose_013.sdf,402.9548040433817,lower_better,0.7692307692307693,rcsb_local_pose_ensemble,uncalibrated,0.7692307692307693,complete,her2-pose-v1,29,,0.9595065820753458,333.5134108828003,77.94284324031379,0.012667392748394566,Review,benchmark,1.0,0.0
rcsb_local_pose_ensemble,1ia1,1ia1,1ia1_pose_014,data/local_set/1ia1/poses/1ia1_pose_014.sdf,264.3202448319207,lower_better,0.7692307692307693,rcsb_local_pose_ensemble,uncalibrated,0.7692307692307693,complete,her2-pose-v1,133,,0.9895328891554102,333.5134108828003,77.94284324031379,0.012667392748394566,Fail,benchmark,1.0,0.0
rcsb_local_pose_ensemble,1ia1,1ia1,1ia1_pose_015,data/local_set/1ia1/poses/1ia1_pose_015.sdf,409.70992014939367,lower_better,0.7692307692307693,rcsb_local_pose_ensemble,uncalibrated,0.7692307692307693,complete,her2-pose-v1,97,,0.9594899392060696,333.5134108828003,77.94284324031379,0.012667392748394566,Fail,benchmark,1.0,0.0
rcsb_local_pose_ensemble,1ia1,1ia1,1ia1_pose_016,data/local_set/1ia1/poses/1ia1_pose_016.sdf,246.1699391286699,lower_better,0.7692307692307693,rcsb_local_pose_ensemble,uncalibrated,0.7692307692307693,complete,her2-pose-v1,19,,0.9940163361843872,333.5134108828003,77.94284324031379,0.012667392748394566,Review,benchmark,1.0,0.0
rcsb_local_pose_ensemble,1ia1,1ia1,1ia1_pose_017,data/local_set/1ia1/poses/1ia1_pose_017.sdf,402.9089785841129,lower_better,0.8461538461538461,rcsb_local_pose_ensemble,uncalibrated,0.8461538461538461,complete,her2-pose-v1,7,,0.9594681428025398,333.5134108828003,77.94284324031379,0.012667392748394566,Pass,benchmark,1.0,0.0
rcsb_local_pose_ensemble,1ia1,1ia1,1ia1_pose_018,data/local_set/1ia1/poses/1ia1_pose_018.sdf,248.3069160476529,lower_better,0.7692307692307693,rcsb_local_pose_ensemble,uncalibrated,0.7692307692307693,complete,her2-pose-v1,45,,0.97753307286311,333.5134108828003,77.94284324031379,0.012667392748394566,Fail,benchmark,1.0,0.0
rcsb_local_pose_ensemble,1ia1,1ia1,1ia1_pose_019,data/local_set/1ia1/poses/1ia1_pose_019.sdf,406.8481464675974,lower_better,0.7692307692307693,rcsb_local_pose_ensemble,uncalibrated,0.7692307692307693,complete,her2-pose-v1,63,,0.9594737080964068,333.5134108828003,77.94284324031379,0.012667392748394566,Fail,benchmark,1.0,0.0
rcsb_local_pose_ensemble,1ia1,1ia1,1ia1_pose_020,data/local_set/1ia1/poses/1ia1_pose_020.sdf,239.507639264894,lower_better,0.7692307692307693,rcsb_local_pose_ensemble,uncalibrated,0.7692307692307693,complete,her2-pose-v1,48,,0.9939293828577226,333.5134108828003,77.94284324031379,0.012667392748394566,Fail,benchmark,1.0,0.0
rcsb_local_pose_ensemble,1ia1,1ia1,1ia1_pose_021,data/local_set/1ia1/poses/1ia1_pose_021.sdf,406.0041037933958,lower_better,0.7692307692307693,rcsb_local_pose_ensemble,uncalibrated,0.7692307692307693,complete,her2-pose-v1,100,,0.9595012451307614,333.5134108828003,77.94284324031379,0.012667392748394566,Fail,benchmark,1.0,0.0
rcsb_local_pose_ensemble,1ia1,1ia1,1ia1_pose_022,data/local_set/1ia1/poses/1ia1_pose_022.sdf,260.5843466053038,lower_better,0.7692307692307693,rcsb_local_pose_ensemble,uncalibrated,0.7692307692307693,complete,her2-pose-v1,116,,0.9501048812959192,333.5134108828003,77.94284324031379,0.012667392748394566,Fail,benchmark,1.0,0.0
rcsb_local_pose_ensemble,1ia1,1ia1,1ia1_pose_023,data/local_set/1ia1/poses/1ia1_pose_023.sdf,405.570871898364,lower_better,0.7692307692307693,rcsb_local_pose_ensemble,uncalibrated,0.7692307692307693,complete,her2-pose-v1,114,,0.9594916263971268,333.5134108828003,77.94284324031379,0.012667392748394566,Fail,benchmark,1.0,0.0
rcsb_local_pose_ensemble,1ia1,1ia1,1ia1_pose_024,data/local_set/1ia1/poses/1ia1_pose_024.sdf,252.109320448957,lower_better,0.7692307692307693,rcsb_local_pose_ensemble,uncalibrated,0.7692307692307693,complete,her2-pose-v1,35,,0.9906791836398484,333.5134108828003,77.94284324031379,0.012667392748394566,Review,benchmark,1.0,0.0
rcsb_local_pose_ensemble,1ia1,1ia1,1ia1_pose_025,data/local_set/1ia1/poses/1ia1_pose_025.sdf,403.42487709775946,lower_better,0.7692307692307693,rcsb_local_pose_ensemble,uncalibrated,0.7692307692307693,complete,her2-pose-v1,143,,0.959504732047994,333.5134108828003,77.94284324031379,0.012667392748394566,Fail,benchmark,1.0,0.0
rcsb_local_pose_ensemble,1ia1,1ia1,1ia1_pose_026,data/local_set/1ia1/poses/1ia1_pose_026.sdf,248.10848689621145,lower_better,0.7692307692307693,rcsb_local_pose_ensemble,uncalibrated,0.7692307692307693,complete,her2-pose-v1,40,,0.9892688324632936,333.5134108828003,77.94284324031379,0.012667392748394566,Review,benchmark,1.0,0.0
rcsb_local_pose_ensemble,1ia1,1ia1,1ia1_pose_027,data/local_set/1ia1/poses/1ia1_pose_027.sdf,403.11310482737673,lower_better,0.7692307692307693,rcsb_local_pose_ensemble,uncalibrated,0.7692307692307693,complete,her2-pose-v1,57,,0.9594615762396432,333.5134108828003,77.94284324031379,0.012667392748394566,Fail,benchmark,1.0,0.0
rcsb_local_pose_ensemble,1ia1,1ia1,1ia1_pose_028,data/local_set/1ia1/poses/1ia1_pose_028.sdf,252.70084709573328,lower_better,0.7692307692307693,rcsb_local_pose_ensemble,uncalibrated,0.7692307692307693,complete,her2-pose-v1,160,,0.9928121832756664,333.5134108828003,77.94284324031379,0.012667392748394566,Fail,benchmark,1.0,0.0
rcsb_local_pose_ensemble,1ia1,1ia1,1ia1_pose_029,data/local_set/1ia1/poses/1ia1_pose_029.sdf,405.99742026643673,lower_better,0.7692307692307693,rcsb_local_pose_ensemble,uncalibrated,0.7692307692307693,complete,her2-pose-v1,91,,0.959471449709303,333.5134108828003,77.94284324031379,0.012667392748394566,Fail,benchmark,1.0,0.0
rcsb_local_pose_ensemble,1ig3,1ig3,1ig3_pose_000,data/local_set/1ig3/poses/1ig3_pose_000.sdf,100.65014254532716,lower_better,1.0,rcsb_local_pose_ensemble,uncalibrated,1.0,complete,her2-pose-v1,0,,0.9393282574146192,89.63283913511826,11.779995958208062,0.07824728609227309,Pass,benchmark,1.0,0.06666666666666667
rcsb_local_pose_ensemble,1ig3,1ig3,1ig3_pose_001,data/local_set/1ig3/poses/1ig3_pose_001.sdf,100.11166402129804,lower_better,0.8461538461538461,rcsb_local_pose_ensemble,uncalibrated,0.8461538461538461,complete,her2-pose-v1,51,,0.9393262867291456,89.63283913511826,11.779995958208062,0.07824728609227309,Fail,benchmark,1.0,0.06666666666666667
rcsb_local_pose_ensemble,1ig3,1ig3,1ig3_pose_002,data/local_set/1ig3/poses/1ig3_pose_002.sdf,76.58171359200348,lower_better,0.8461538461538461,rcsb_local_pose_ensemble,uncalibrated,0.8461538461538461,complete,her2-pose-v1,27,,0.9496300638515062,89.63283913511826,11.779995958208062,0.07824728609227309,Fail,benchmark,1.0,0.06666666666666667
rcsb_local_pose_ensemble,1ig3,1ig3,1ig3_pose_003,data/local_set/1ig3/poses/1ig3_pose_003.sdf,100.08149442905544,lower_better,0.8461538461538461,rcsb_local_pose_ensemble,uncalibrated,0.8461538461538461,complete,her2-pose-v1,49,,0.9393297050970576,89.63283913511826,11.779995958208062,0.07824728609227309,Fail,benchmark,1.0,0.06666666666666667
rcsb_local_pose_ensemble,1ig3,1ig3,1ig3_pose_004,data/local_set/1ig3/poses/1ig3_pose_004.sdf,77.24830777641007,lower_better,0.8461538461538461,rcsb_local_pose_ensemble,uncalibrated,0.8461538461538461,complete,her2-pose-v1,10,,0.9517237005440368,89.63283913511826,11.779995958208062,0.07824728609227309,Fail,benchmark,1.0,0.06666666666666667
rcsb_local_pose_ensemble,1ig3,1ig3,1ig3_pose_005,data/local_set/1ig3/poses/1ig3_pose_005.sdf,100.65163598262627,lower_better,0.8461538461538461,rcsb_local_pose_ensemble,uncalibrated,0.8461538461538461,complete,her2-pose-v1,37,,0.939307579824909,89.63283913511826,11.779995958208062,0.07824728609227309,Fail,benchmark,1.0,0.06666666666666667
rcsb_local_pose_ensemble,1ig3,1ig3,1ig3_pose_006,data/local_set/1ig3/poses/1ig3_pose_006.sdf,78.48638106330034,lower_better,0.8461538461538461,rcsb_local_pose_ensemble,uncalibrated,0.8461538461538461,complete,her2-pose-v1,39,,0.9499762385322702,89.63283913511826,11.779995958208062,0.07824728609227309,Fail,benchmark,1.0,0.06666666666666667
rcsb_local_pose_ensemble,1ig3,1ig3,1ig3_pose_007,data/local_set/1ig3/poses/1ig3_pose_007.sdf,100.6597752058414,lower_better,0.8461538461538461,rcsb_local_pose_ensemble,uncalibrated,0.8461538461538461,complete,her2-pose-v1,5,,0.9393393638449512,89.63283913511826,11.779995958208062,0.07824728609227309,Review,benchmark,1.0,0.06666666666666667
rcsb_local_pose_ensemble,1ig3,1ig3,1ig3_pose_008,data/local_set/1ig3/poses/1ig3_pose_008.sdf,77.05200433309149,lower_better,0.8461538461538461,rcsb_local_pose_ensemble,uncalibrated,0.8461538461538461,complete,her2-pose-v1,58,,0.9511538166733092,89.63283913511826,11.779995958208062,0.07824728609227309,Fail,benchmark,1.0,0.06666666666666667
rcsb_local_pose_ensemble,1ig3,1ig3,1ig3_pose_009,data/local_set/1ig3/poses/1ig3_pose_009.sdf,100.64098639589864,lower_better,0.8461538461538461,rcsb_local_pose_ensemble,uncalibrated,0.8461538461538461,complete,her2-pose-v1,35,,0.9393261523144611,89.63283913511826,11.779995958208062,0.07824728609227309,Fail,benchmark,1.0,0.06666666666666667
rcsb_local_pose_ensemble,1ig3,1ig3,1ig3_pose_010,data/local_set/1ig3/poses/1ig3_pose_010.sdf,77.2513219935599,lower_better,0.8461538461538461,rcsb_local_pose_ensemble,uncalibrated,0.8461538461538461,complete,her2-pose-v1,29,,0.9517087278905064,89.63283913511826,11.779995958208062,0.07824728609227309,Fail,benchmark,1.0,0.06666666666666667
rcsb_local_pose_ensemble,1ig3,1ig3,1ig3_pose_011,data/local_set/1ig3/poses/1ig3_pose_011.sdf,100.5752683815814,lower_better,0.8461538461538461,rcsb_local_pose_ensemble,uncalibrated,0.8461538461538461,complete,her2-pose-v1,36,,0.939342043365046,89.63283913511826,11.779995958208062,0.07824728609227309,Review,benchmark,1.0,0.06666666666666667
rcsb_local_pose_ensemble,1ig3,1ig3,1ig3_pose_012,data/local_set/1ig3/poses/1ig3_pose_012.sdf,76.63638840535042,lower_better,0.8461538461538461,rcsb_local_pose_ensemble,uncalibrated,0.8461538461538461,complete,her2-pose-v1,38,,0.950184398656288,89.63283913511826,11.779995958208062,0.07824728609227309,Fail,benchmark,1.0,0.06666666666666667
rcsb_local_pose_ensemble,1ig3,1ig3,1ig3_pose_013,data/local_set/1ig3/poses/1ig3_pose_013.sdf,100.09920595134597,lower_better,0.8461538461538461,rcsb_local_pose_ensemble,uncalibrated,0.8461538461538461,complete,her2-pose-v1,42,,0.9393370092789672,89.63283913511826,11.779995958208062,0.07824728609227309,Fail,benchmark,1.0,0.06666666666666667
rcsb_local_pose_ensemble,1ig3,1ig3,1ig3_pose_014,data/local_set/1ig3/poses/1ig3_pose_014.sdf,78.4922958890555,lower_better,0.8461538461538461,rcsb_local_pose_ensemble,uncalibrated,0.8461538461538461,complete,her2-pose-v1,49,,0.9499831876412604,89.63283913511826,11.779995958208062,0.07824728609227309,Fail,benchmark,1.0,0.06666666666666667
rcsb_local_pose_ensemble,1ig3,1ig3,1ig3_pose_015,data/local_set/1ig3/poses/1ig3_pose_015.sdf,100.55759036876424,lower_better,0.8461538461538461,rcsb_local_pose_ensemble,uncalibrated,0.8461538461538461,complete,her2-pose-v1,42,,0.9393303749846856,89.63283913511826,11.779995958208062,0.07824728609227309,Fail,benchmark,1.0,0.06666666666666667
rcsb_local_pose_ensemble,1ig3,1ig3,1ig3_pose_016,data/local_set/1ig3/poses/1ig3_pose_016.sdf,76.98023574671315,lower_better,0.8461538461538461,rcsb_local_pose_ensemble,uncalibrated,0.8461538461538461,complete,her2-pose-v1,52,,0.9510298544381824,89.63283913511826,11.779995958208062,0.07824728609227309,Fail,benchmark,1.0,0.06666666666666667
rcsb_local_pose_ensemble,1ig3,1ig3,1ig3_pose_017,data/local_set/1ig3/poses/1ig3_pose_017.sdf,100.5618408290237,lower_better,0.8461538461538461,rcsb_local_pose_ensemble,uncalibrated,0.8461538461538461,complete,her2-pose-v1,17,,0.9393417031238016,89.63283913511826,11.779995958208062,0.07824728609227309,Fail,benchmark,1.0,0.06666666666666667
rcsb_local_pose_ensemble,1ig3,1ig3,1ig3_pose_018,data/local_set/1ig3/poses/1ig3_pose_018.sdf,78.84636828229938,lower_better,0.9230769230769231,rcsb_local_pose_ensemble,uncalibrated,0.9230769230769231,complete,her2-pose-v1,2,,0.9501448006046777,89.63283913511826,11.779995958208062,0.07824728609227309,Pass,benchmark,1.0,0.06666666666666667
rcsb_local_pose_ensemble,1ig3,1ig3,1ig3_pose_019,data/local_set/1ig3/poses/1ig3_pose_019.sdf,100.07552250564436,lower_better,0.8461538461538461,rcsb_local_pose_ensemble,uncalibrated,0.8461538461538461,complete,her2-pose-v1,32,,0.9393058757481656,89.63283913511826,11.779995958208062,0.07824728609227309,Review,benchmark,1.0,0.06666666666666667
rcsb_local_pose_ensemble,1ig3,1ig3,1ig3_pose_020,data/local_set/1ig3/poses/1ig3_pose_020.sdf,76.59854725463987,lower_better,0.8461538461538461,rcsb_local_pose_ensemble,uncalibrated,0.8461538461538461,complete,her2-pose-v1,12,,0.9502395127246688,89.63283913511826,11.779995958208062,0.07824728609227309,Pass,benchmark,1.0,0.06666666666666667
rcsb_local_pose_ensemble,1ig3,1ig3,1ig3_pose_021,data/local_set/1ig3/poses/1ig3_pose_021.sdf,100.63817250346892,lower_better,0.8461538461538461,rcsb_local_pose_ensemble,uncalibrated,0.8461538461538461,complete,her2-pose-v1,10,,0.9393229129459352,89.63283913511826,11.779995958208062,0.07824728609227309,Pass,benchmark,1.0,0.06666666666666667
rcsb_local_pose_ensemble,1ig3,1ig3,1ig3_pose_022,data/local_set/1ig3/poses/1ig3_pose_022.sdf,77.0598108456229,lower_better,0.8461538461538461,rcsb_local_pose_ensemble,uncalibrated,0.8461538461538461,complete,her2-pose-v1,15,,0.9514401149169928,89.63283913511826,11.779995958208062,0.07824728609227309,Fail,benchmark,1.0,0.06666666666666667
rcsb_local_pose_ensemble,1ig3,1ig3,1ig3_pose_023,data/local_set/1ig3/poses/1ig3_pose_023.sdf,100.58105294632776,lower_better,1.0,rcsb_local_pose_ensemble,uncalibrated,1.0,complete,her2-pose-v1,0,,0.9393295744252528,89.63283913511826,11.779995958208062,0.07824728609227309,Pass,benchmark,1.0,0.06666666666666667
rcsb_local_pose_ensemble,1ig3,1ig3,1ig3_pose_024,data/local_set/1ig3/poses/1ig3_pose_024.sdf,77.05158182121087,lower_better,0.8461538461538461,rcsb_local_pose_ensemble,uncalibrated,0.8461538461538461,complete,her2-pose-v1,8,,0.9511675445657608,89.63283913511826,11.779995958208062,0.07824728609227309,Pass,benchmark,1.0,0.06666666666666667
rcsb_local_pose_ensemble,1ig3,1ig3,1ig3_pose_025,data/local_set/1ig3/poses/1ig3_pose_025.sdf,100.6424685723455,lower_better,0.8461538461538461,rcsb_local_pose_ensemble,uncalibrated,0.8461538461538461,complete,her2-pose-v1,46,,0.93932649568001,89.63283913511826,11.779995958208062,0.07824728609227309,Fail,benchmark,1.0,0.06666666666666667
rcsb_local_pose_ensemble,1ig3,1ig3,1ig3_pose_026,data/local_set/1ig3/poses/1ig3_pose_026.sdf,76.95320873110535,lower_better,0.8461538461538461,rcsb_local_pose_ensemble,uncalibrated,0.8461538461538461,complete,her2-pose-v1,17,,0.9501478846848516,89.63283913511826,11.779995958208062,0.07824728609227309,Review,benchmark,1.0,0.06666666666666667
rcsb_local_pose_ensemble,1ig3,1ig3,1ig3_pose_027,data/local_set/1ig3/poses/1ig3_pose_027.sdf,100.65166781242344,lower_better,0.8461538461538461,rcsb_local_pose_ensemble,uncalibrated,0.8461538461538461,complete,her2-pose-v1,38,,0.9393428794660622,89.63283913511826,11.779995958208062,0.07824728609227309,Review,benchmark,1.0,0.06666666666666667
rcsb_local_pose_ensemble,1ig3,1ig3,1ig3_pose_028,data/local_set/1ig3/poses/1ig3_pose_028.sdf,76.4660244696317,lower_better,0.8461538461538461,rcsb_local_pose_ensemble,uncalibrated,0.8461538461538461,complete,her2-pose-v1,46,,0.9501885872539838,89.63283913511826,11.779995958208062,0.07824728609227309,Review,benchmark,1.0,0.06666666666666667
rcsb_local_pose_ensemble,1ig3,1ig3,1ig3_pose_029,data/local_set/1ig3/poses/1ig3_pose_029.sdf,100.10249539858124,lower_better,0.8461538461538461,rcsb_local_pose_ensemble,uncalibrated,0.8461538461538461,complete,her2-pose-v1,36,,0.9393427977583496,89.63283913511826,11.779995958208062,0.07824728609227309,Fail,benchmark,1.0,0.06666666666666667
rcsb_local_pose_ensemble,1j3j,1j3j,1j3j_pose_000,data/local_set/1j3j/poses/1j3j_pose_000.sdf,647.3528163931633,lower_better,0.9230769230769231,rcsb_local_pose_ensemble,uncalibrated,0.9230769230769231,complete,her2-pose-v1,0,,0.9994300074182384,462.61531092211914,203.80840607988392,0.004882612091663649,Pass,benchmark,1.0,0.0
rcsb_local_pose_ensemble,1j3j,1j3j,1j3j_pose_001,data/local_set/1j3j/poses/1j3j_pose_001.sdf,650.0351405654286,lower_better,0.7692307692307693,rcsb_local_pose_ensemble,uncalibrated,0.7692307692307693,complete,her2-pose-v1,171,,0.9994074149741384,462.61531092211914,203.80840607988392,0.004882612091663649,Fail,benchmark,1.0,0.0
rcsb_local_pose_ensemble,1j3j,1j3j,1j3j_pose_002,data/local_set/1j3j/poses/1j3j_pose_002.sdf,240.79518641509577,lower_better,0.7692307692307693,rcsb_local_pose_ensemble,uncalibrated,0.7692307692307693,complete,her2-pose-v1,190,,0.8640426022735861,462.61531092211914,203.80840607988392,0.004882612091663649,Fail,benchmark,1.0,0.0
rcsb_local_pose_ensemble,1j3j,1j3j,1j3j_pose_003,data/local_set/1j3j/poses/1j3j_pose_003.sdf,650.1100138072437,lower_better,0.7692307692307693,rcsb_local_pose_ensemble,uncalibrated,0.7692307692307693,complete,her2-pose-v1,125,,0.9994212010638148,462.61531092211914,203.80840607988392,0.004882612091663649,Fail,benchmark,1.0,0.0
rcsb_local_pose_ensemble,1j3j,1j3j,1j3j_pose_004,data/local_set/1j3j/poses/1j3j_pose_004.sdf,247.70517092272036,lower_better,0.7692307692307693,rcsb_local_pose_ensemble,uncalibrated,0.7692307692307693,complete,her2-pose-v1,40,,0.9935968833898452,462.61531092211914,203.80840607988392,0.004882612091663649,Review,benchmark,1.0,0.0
rcsb_local_pose_ensemble,1j3j,1j3j,1j3j_pose_005,data/local_set/1j3j/poses/1j3j_pose_005.sdf,647.3598264071015,lower_better,0.8461538461538461,rcsb_local_pose_ensemble,uncalibrated,0.8461538461538461,complete,her2-pose-v1,6,,0.9994421540155296,462.61531092211914,203.80840607988392,0.004882612091663649,Pass,benchmark,1.0,0.0
rcsb_local_pose_ensemble,1j3j,1j3j,1j3j_pose_006,data/local_set/1j3j/poses/1j3j_pose_006.sdf,247.89597316454595,lower_better,0.7692307692307693,rcsb_local_pose_ensemble,uncalibrated,0.7692307692307693,complete,her2-pose-v1,149,,0.9883665104456212,462.61531092211914,203.80840607988392,0.004882612091663649,Fail,benchmark,1.0,0.0
rcsb_local_pose_ensemble,1j3j,1j3j,1j3j_pose_007,data/local_set/1j3j/poses/1j3j_pose_007.sdf,652.1944959003858,lower_better,0.7692307692307693,rcsb_local_pose_ensemble,uncalibrated,0.7692307692307693,complete,her2-pose-v1,85,,0.9994510288328032,462.61531092211914,203.80840607988392,0.004882612091663649,Fail,benchmark,1.0,0.0
rcsb_local_pose_ensemble,1j3j,1j3j,1j3j_pose_008,data/local_set/1j3j/poses/1j3j_pose_008.sdf,246.02921617753037,lower_better,0.7692307692307693,rcsb_local_pose_ensemble,uncalibrated,0.7692307692307693,complete,her2-pose-v1,93,,0.989334036375136,462.61531092211914,203.80840607988392,0.004882612091663649,Fail,benchmark,1.0,0.0
rcsb_local_pose_ensemble,1j3j,1j3j,1j3j_pose_009,data/local_set/1j3j/poses/1j3j_pose_009.sdf,652.2402076354526,lower_better,0.7692307692307693,rcsb_local_pose_ensemble,uncalibrated,0.7692307692307693,complete,her2-pose-v1,67,,0.9994397806310829,462.61531092211914,203.80840607988392,0.004882612091663649,Fail,benchmark,1.0,0.0
rcsb_local_pose_ensemble,1j3j,1j3j,1j3j_pose_010,data/local_set/1j3j/poses/1j3j_pose_010.sdf,247.5772020934992,lower_better,0.7692307692307693,rcsb_local_pose_ensemble,uncalibrated,0.7692307692307693,complete,her2-pose-v1,159,,0.9132912945288226,462.61531092211914,203.80840607988392,0.004882612091663649,Fail,benchmark,1.0,0.0
rcsb_local_pose_ensemble,1j3j,1j3j,1j3j_pose_011,data/local_set/1j3j/poses/1j3j_pose_011.sdf,647.7529422041417,lower_better,0.7692307692307693,rcsb_local_pose_ensemble,uncalibrated,0.7692307692307693,complete,her2-pose-v1,74,,0.9994191817614216,462.61531092211914,203.80840607988392,0.004882612091663649,Fail,benchmark,1.0,0.0
rcsb_local_pose_ensemble,1j3j,1j3j,1j3j_pose_012,data/local_set/1j3j/poses/1j3j_pose_012.sdf,244.85163562163913,lower_better,0.7692307692307693,rcsb_local_pose_ensemble,uncalibrated,0.7692307692307693,complete,her2-pose-v1,98,,0.9913821755668468,462.61531092211914,203.80840607988392,0.004882612091663649,Fail,benchmark,1.0,0.0
rcsb_local_pose_ensemble,1j3j,1j3j,1j3j_pose_013,data/local_set/1j3j/poses/1j3j_pose_013.sdf,652.3007389815003,lower_better,0.7692307692307693,rcsb_local_pose_ensemble,uncalibrated,0.7692307692307693,complete,her2-pose-v1,110,,0.999413683076502,462.61531092211914,203.80840607988392,0.004882612091663649,Fail,benchmark,1.0,0.0
rcsb_local_pose_ensemble,1j3j,1j3j,1j3j_pose_014,data/local_set/1j3j/poses/1j3j_pose_014.sdf,251.18993469872143,lower_better,0.7692307692307693,rcsb_local_pose_ensemble,uncalibrated,0.7692307692307693,complete,her2-pose-v1,120,,0.9864475368466028,462.61531092211914,203.80840607988392,0.004882612091663649,Fail,benchmark,1.0,0.0
rcsb_local_pose_ensemble,1j3j,1j3j,1j3j_pose_015,data/local_set/1j3j/poses/1j3j_pose_015.sdf,652.3290023796307,lower_better,0.7692307692307693,rcsb_local_pose_ensemble,uncalibrated,0.7692307692307693,complete,her2-pose-v1,126,,0.999436751732268,462.61531092211914,203.80840607988392,0.004882612091663649,Fail,benchmark,1.0,0.0
rcsb_local_pose_ensemble,1j3j,1j3j,1j3j_pose_016,data/local_set/1j3j/poses/1j3j_pose_016.sdf,251.01654289824657,lower_better,0.7692307692307693,rcsb_local_pose_ensemble,uncalibrated,0.7692307692307693,complete,her2-pose-v1,110,,0.977091975224102,462.61531092211914,203.80840607988392,0.004882612091663649,Fail,benchmark,1.0,0.0
rcsb_local_pose_ensemble,1j3j,1j3j,1j3j_pose_017,data/local_set/1j3j/poses/1j3j_pose_017.sdf,652.4830711093618,lower_better,0.7692307692307693,rcsb_local_pose_ensemble,uncalibrated,0.7692307692307693,complete,her2-pose-v1,58,,0.9994019965961916,462.61531092211914,203.80840607988392,0.004882612091663649,Fail,benchmark,1.0,0.0
rcsb_local_pose_ensemble,1j3j,1j3j,1j3j_pose_018,data/local_set/1j3j/poses/1j3j_pose_018.sdf,256.86623535322735,lower_better,0.7692307692307693,rcsb_local_pose_ensemble,uncalibrated,0.7692307692307693,complete,her2-pose-v1,121,,0.9093164710069014,462.61531092211914,203.80840607988392,0.004882612091663649,Fail,benchmark,1.0,0.0
rcsb_local_pose_ensemble,1j3j,1j3j,1j3j_pose_019,data/local_set/1j3j/poses/1j3j_pose_019.sdf,647.3111672112609,lower_better,0.7692307692307693,rcsb_local_pose_ensemble,uncalibrated,0.7692307692307693,complete,her2-pose-v1,128,,0.9994355018274568,462.61531092211914,203.80840607988392,0.004882612091663649,Fail,benchmark,1.0,0.0
rcsb_local_pose_ensemble,1j3j,1j3j,1j3j_pose_020,data/local_set/1j3j/poses/1j3j_pose_020.sdf,249.9501390106817,lower_better,0.7692307692307693,rcsb_local_pose_ensemble,uncalibrated,0.7692307692307693,complete,her2-pose-v1,106,,0.9319838943564852,462.61531092211914,203.80840607988392,0.004882612091663649,Fail,benchmark,1.0,0.0
rcsb_local_pose_ensemble,1j3j,1j3j,1j3j_pose_021,data/local_set/1j3j/poses/1j3j_pose_021.sdf,647.3683620928945,lower_better,0.7692307692307693,rcsb_local_pose_ensemble,uncalibrated,0.7692307692307693,complete,her2-pose-v1,21,,0.9994090483514704,462.61531092211914,203.80840607988392,0.004882612091663649,Pass,benchmark,1.0,0.0
rcsb_local_pose_ensemble,1j3j,1j3j,1j3j_pose_022,data/local_set/1j3j/poses/1j3j_pose_022.sdf,248.83519418765607,lower_better,0.7692307692307693,rcsb_local_pose_ensemble,uncalibrated,0.7692307692307693,complete,her2-pose-v1,112,,0.9932636388981372,462.61531092211914,203.80840607988392,0.004882612091663649,Fail,benchmark,1.0,0.0
rcsb_local_pose_ensemble,1j3j,1j3j,1j3j_pose_023,data/local_set/1j3j/poses/1j3j_pose_023.sdf,652.683341896274,lower_better,0.7692307692307693,rcsb_local_pose_ensemble,uncalibrated,0.7692307692307693,complete,her2-pose-v1,140,,0.9994021531535684,462.61531092211914,203.80840607988392,0.004882612091663649,Fail,benchmark,1.0,0.0
rcsb_local_pose_ensemble,1j3j,1j3j,1j3j_pose_024,data/local_set/1j3j/poses/1j3j_pose_024.sdf,241.12569621256912,lower_better,0.7692307692307693,rcsb_local_pose_ensemble,uncalibrated,0.7692307692307693,complete,her2-pose-v1,136,,0.9900129685978544,462.61531092211914,203.80840607988392,0.004882612091663649,Fail,benchmark,1.0,0.0
rcsb_local_pose_ensemble,1j3j,1j3j,1j3j_pose_025,data/local_set/1j3j/poses/1j3j_pose_025.sdf,648.2598676116098,lower_better,0.7692307692307693,rcsb_local_pose_ensemble,uncalibrated,0.7692307692307693,complete,her2-pose-v1,106,,0.9994033059844104,462.61531092211914,203.80840607988392,0.004882612091663649,Fail,benchmark,1.0,0.0
rcsb_local_pose_ensemble,1j3j,1j3j,1j3j_pose_026,data/local_set/1j3j/poses/1j3j_pose_026.sdf,250.08941093146495,lower_better,0.7692307692307693,rcsb_local_pose_ensemble,uncalibrated,0.7692307692307693,complete,her2-pose-v1,66,,0.9288942453382006,462.61531092211914,203.80840607988392,0.004882612091663649,Fail,benchmark,1.0,0.0
rcsb_local_pose_ensemble,1j3j,1j3j,1j3j_pose_027,data/local_set/1j3j/poses/1j3j_pose_027.sdf,648.0854385380476,lower_better,0.7692307692307693,rcsb_local_pose_ensemble,uncalibrated,0.7692307692307693,complete,her2-pose-v1,109,,0.9994440920660228,462.61531092211914,203.80840607988392,0.004882612091663649,Fail,benchmark,1.0,0.0
rcsb_local_pose_ensemble,1j3j,1j3j,1j3j_pose_028,data/local_set/1j3j/poses/1j3j_pose_028.sdf,254.0481622668148,lower_better,0.7692307692307693,rcsb_local_pose_ensemble,uncalibrated,0.7692307692307693,complete,her2-pose-v1,133,,0.9647814859835596,462.61531092211914,203.80840607988392,0.004882612091663649,Fail,benchmark,1.0,0.0
rcsb_local_pose_ensemble,1j3j,1j3j,1j3j_pose_029,data/local_set/1j3j/poses/1j3j_pose_029.sdf,652.6171949756645,lower_better,0.7692307692307693,rcsb_local_pose_ensemble,uncalibrated,0.7692307692307693,complete,her2-pose-v1,137,,0.9994083660337392,462.61531092211914,203.80840607988392,0.004882612091663649,Fail,benchmark,1.0,0.0
rcsb_local_pose_ensemble,1jd0,1jd0,1jd0_pose_000,data/local_set/1jd0/poses/1jd0_pose_000.sdf,94.04464611309652,lower_better,0.9230769230769231,rcsb_local_pose_ensemble,uncalibrated,0.9230769230769231,complete,her2-pose-v1,0,,0.6638337898587932,88.25802725765718,6.247324699853548,0.13798195077698225,Pass,benchmark,1.0,0.0
rcsb_local_pose_ensemble,1jd0,1jd0,1jd0_pose_001,data/local_set/1jd0/poses/1jd0_pose_001.sdf,93.76945797921532,lower_better,0.7692307692307693,rcsb_local_pose_ensemble,uncalibrated,0.7692307692307693,complete,her2-pose-v1,22,,0.6638347239609561,88.25802725765718,6.247324699853548,0.13798195077698225,Fail,benchmark,1.0,0.0
rcsb_local_pose_ensemble,1jd0,1jd0,1jd0_pose_002,data/local_set/1jd0/poses/1jd0_pose_002.sdf,81.09322915733925,lower_better,0.9230769230769231,rcsb_local_pose_ensemble,uncalibrated,0.9230769230769231,complete,her2-pose-v1,2,,0.9124425982298198,88.25802725765718,6.247324699853548,0.13798195077698225,Review,benchmark,1.0,0.0
rcsb_local_pose_ensemble,1jd0,1jd0,1jd0_pose_003,data/local_set/1jd0/poses/1jd0_pose_003.sdf,93.73544730664231,lower_better,0.7692307692307693,rcsb_local_pose_ensemble,uncalibrated,0.7692307692307693,complete,her2-pose-v1,20,,0.6638363610101687,88.25802725765718,6.247324699853548,0.13798195077698225,Review,benchmark,1.0,0.0
rcsb_local_pose_ensemble,1jd0,1jd0,1jd0_pose_004,data/local_set/1jd0/poses/1jd0_pose_004.sdf,81.11630742917045,lower_better,0.8461538461538461,rcsb_local_pose_ensemble,uncalibrated,0.8461538461538461,complete,her2-pose-v1,43,,0.9124298905415884,88.25802725765718,6.247324699853548,0.13798195077698225,Fail,benchmark,1.0,0.0
rcsb_local_pose_ensemble,1jd0,1jd0,1jd0_pose_005,data/local_set/1jd0/poses/1jd0_pose_005.sdf,94.05073489543466,lower_better,0.9230769230769231,rcsb_local_pose_ensemble,uncalibrated,0.9230769230769231,complete,her2-pose-v1,0,,0.6638344373034739,88.25802725765718,6.247324699853548,0.13798195077698225,Pass,benchmark,1.0,0.0
rcsb_local_pose_ensemble,1jd0,1jd0,1jd0_pose_006,data/local_set/1jd0/poses/1jd0_pose_006.sdf,81.05378620567615,lower_better,0.8461538461538461,rcsb_local_pose_ensemble,uncalibrated,0.8461538461538461,complete,her2-pose-v1,17,,0.9124611862935874,88.25802725765718,6.247324699853548,0.13798195077698225,Fail,benchmark,1.0,0.0
rcsb_local_pose_ensemble,1jd0,1jd0,1jd0_pose_007,data/local_set/1jd0/poses/1jd0_pose_007.sdf,93.77058370868473,lower_better,0.7692307692307693,rcsb_local_pose_ensemble,uncalibrated,0.7692307692307693,complete,her2-pose-v1,2,,0.6638226973864219,88.25802725765718,6.247324699853548,0.13798195077698225,Pass,benchmark,1.0,0.0
rcsb_local_pose_ensemble,1jd0,1jd0,1jd0_pose_008,data/local_set/1jd0/poses/1jd0_pose_008.sdf,81.0857075904499,lower_better,0.8461538461538461,rcsb_local_pose_ensemble,uncalibrated,0.8461538461538461,complete,her2-pose-v1,5,,0.9124291454782412,88.25802725765718,6.247324699853548,0.13798195077698225,Review,benchmark,1.0,0.0
rcsb_local_pose_ensemble,1jd0,1jd0,1jd0_pose_009,data/local_set/1jd0/poses/1jd0_pose_009.sdf,93.72772310622182,lower_better,0.7692307692307693,rcsb_local_pose_ensemble,uncalibrated,0.7692307692307693,complete,her2-pose-v1,13,,0.6638557124298785,88.25802725765718,6.247324699853548,0.13798195077698225,Review,benchmark,1.0,0.0
rcsb_local_pose_ensemble,1jd0,1jd0,1jd0_pose_010,data/local_set/1jd0/poses/1jd0_pose_010.sdf,81.29336078053403,lower_better,0.8461538461538461,rcsb_local_pose_ensemble,uncalibrated,0.8461538461538461,complete,her2-pose-v1,2,,0.9124231313284596,88.25802725765718,6.247324699853548,0.13798195077698225,Review,benchmark,1.0,0.0
rcsb_local_pose_ensemble,1jd0,1jd0,1jd0_pose_011,data/local_set/1jd0/poses/1jd0_pose_011.sdf,93.73902692873668,lower_better,0.7692307692307693,rcsb_local_pose_ensemble,uncalibrated,0.7692307692307693,complete,her2-pose-v1,11,,0.6638457983394032,88.25802725765718,6.247324699853548,0.13798195077698225,Fail,benchmark,1.0,0.0
rcsb_local_pose_ensemble,1jd0,1jd0,1jd0_pose_012,data/local_set/1jd0/poses/1jd0_pose_012.sdf,86.03285446596287,lower_better,0.8461538461538461,rcsb_local_pose_ensemble,uncalibrated,0.8461538461538461,complete,her2-pose-v1,7,,0.9009965952206476,88.25802725765718,6.247324699853548,0.13798195077698225,Fail,benchmark,1.0,0.0
rcsb_local_pose_ensemble,1jd0,1jd0,1jd0_pose_013,data/local_set/1jd0/poses/1jd0_pose_013.sdf,94.0579760309523,lower_better,0.7692307692307693,rcsb_local_pose_ensemble,uncalibrated,0.7692307692307693,complete,her2-pose-v1,9,,0.6638345413765866,88.25802725765718,6.247324699853548,0.13798195077698225,Review,benchmark,1.0,0.0
rcsb_local_pose_ensemble,1jd0,1jd0,1jd0_pose_014,data/local_set/1jd0/poses/1jd0_pose_014.sdf,81.10877879592005,lower_better,0.8461538461538461,rcsb_local_pose_ensemble,uncalibrated,0.8461538461538461,complete,her2-pose-v1,4,,0.9124494360731604,88.25802725765718,6.247324699853548,0.13798195077698225,Fail,benchmark,1.0,0.0
rcsb_local_pose_ensemble,1jd0,1jd0,1jd0_pose_015,data/local_set/1jd0/poses/1jd0_pose_015.sdf,93.72020475643916,lower_better,0.7692307692307693,rcsb_local_pose_ensemble,uncalibrated,0.7692307692307693,complete,her2-pose-v1,17,,0.6638360455051247,88.25802725765718,6.247324699853548,0.13798195077698225,Fail,benchmark,1.0,0.0
rcsb_local_pose_ensemble,1jd0,1jd0,1jd0_pose_016,data/local_set/1jd0/poses/1jd0_pose_016.sdf,81.9237919707838,lower_better,0.9230769230769231,rcsb_local_pose_ensemble,uncalibrated,0.9230769230769231,complete,her2-pose-v1,2,,0.9125564898483344,88.25802725765718,6.247324699853548,0.13798195077698225,Fail,benchmark,1.0,0.0
rcsb_local_pose_ensemble,1jd0,1jd0,1jd0_pose_017,data/local_set/1jd0/poses/1jd0_pose_017.sdf,93.7597092038391,lower_better,0.7692307692307693,rcsb_local_pose_ensemble,uncalibrated,0.7692307692307693,complete,her2-pose-v1,9,,0.6638387992310125,88.25802725765718,6.247324699853548,0.13798195077698225,Review,benchmark,1.0,0.0
rcsb_local_pose_ensemble,1jd0,1jd0,1jd0_pose_018,data/local_set/1jd0/poses/1jd0_pose_018.sdf,85.98061553876724,lower_better,0.8461538461538461,rcsb_local_pose_ensemble,uncalibrated,0.8461538461538461,complete,her2-pose-v1,15,,0.9009743338272372,88.25802725765718,6.247324699853548,0.13798195077698225,Review,benchmark,1.0,0.0
rcsb_local_pose_ensemble,1jd0,1jd0,1jd0_pose_019,data/local_set/1jd0/poses/1jd0_pose_019.sdf,94.0319556558603,lower_better,0.9230769230769231,rcsb_local_pose_ensemble,uncalibrated,0.9230769230769231,complete,her2-pose-v1,0,,0.6638247409042801,88.25802725765718,6.247324699853548,0.13798195077698225,Pass,benchmark,1.0,0.0
rcsb_local_pose_ensemble,1jd0,1jd0,1jd0_pose_020,data/local_set/1jd0/poses/1jd0_pose_020.sdf,81.09908022578233,lower_better,0.8461538461538461,rcsb_local_pose_ensemble,uncalibrated,0.8461538461538461,complete,her2-pose-v1,15,,0.9124462066474588,88.25802725765718,6.247324699853548,0.13798195077698225,Fail,benchmark,1.0,0.0
rcsb_local_pose_ensemble,1jd0,1jd0,1jd0_pose_021,data/local_set/1jd0/poses/1jd0_pose_021.sdf,93.7674176511417,lower_better,0.7692307692307693,rcsb_local_pose_ensemble,uncalibrated,0.7692307692307693,complete,her2-pose-v1,7,,0.6638398246176034,88.25802725765718,6.247324699853548,0.13798195077698225,Fail,benchmark,1.0,0.0
rcsb_local_pose_ensemble,1jd0,1jd0,1jd0_pose_022,data/local_set/1jd0/poses/1jd0_pose_022.sdf,80.87097888378572,lower_better,0.8461538461538461,rcsb_local_pose_ensemble,uncalibrated,0.8461538461538461,complete,her2-pose-v1,16,,0.9108413440276544,88.25802725765718,6.247324699853548,0.13798195077698225,Review,benchmark,1.0,0.0
rcsb_local_pose_ensemble,1jd0,1jd0,1jd0_pose_023,data/local_set/1jd0/poses/1jd0_pose_023.sdf,94.03336071059135,lower_better,0.7692307692307693,rcsb_local_pose_ensemble,uncalibrated,0.7692307692307693,complete,her2-pose-v1,8,,0.6638360988196456,88.25802725765718,6.247324699853548,0.13798195077698225,Review,benchmark,1.0,0.0
rcsb_local_pose_ensemble,1jd0,1jd0,1jd0_pose_024,data/local_set/1jd0/poses/1jd0_pose_024.sdf,81.09142123079225,lower_better,0.8461538461538461,rcsb_local_pose_ensemble,uncalibrated,0.8461538461538461,complete,her2-pose-v1,6,,0.91245341317944,88.25802725765718,6.247324699853548,0.13798195077698225,Review,benchmark,1.0,0.0
rcsb_local_pose_ensemble,1jd0,1jd0,1jd0_pose_025,data/local_set/1jd0/poses/1jd0_pose_025.sdf,94.04238412698048,lower_better,0.9230769230769231,rcsb_local_pose_ensemble,uncalibrated,0.9230769230769231,complete,her2-pose-v1,0,,0.6638326461478655,88.25802725765718,6.247324699853548,0.13798195077698225,Pass,benchmark,1.0,0.0
rcsb_local_pose_ensemble,1jd0,1jd0,1jd0_pose_026,data/local_set/1jd0/poses/1jd0_pose_026.sdf,80.5900902331348,lower_better,0.8461538461538461,rcsb_local_pose_ensemble,uncalibrated,0.8461538461538461,complete,her2-pose-v1,20,,0.9117268378898864,88.25802725765718,6.247324699853548,0.13798195077698225,Review,benchmark,1.0,0.0
rcsb_local_pose_ensemble,1jd0,1jd0,1jd0_pose_027,data/local_set/1jd0/poses/1jd0_pose_027.sdf,94.0365577890274,lower_better,0.7692307692307693,rcsb_local_pose_ensemble,uncalibrated,0.7692307692307693,complete,her2-pose-v1,15,,0.663834967528427,88.25802725765718,6.247324699853548,0.13798195077698225,Fail,benchmark,1.0,0.0
rcsb_local_pose_ensemble,1jd0,1jd0,1jd0_pose_028,data/local_set/1jd0/poses/1jd0_pose_028.sdf,81.07928437801073,lower_better,0.8461538461538461,rcsb_local_pose_ensemble,uncalibrated,0.8461538461538461,complete,her2-pose-v1,15,,0.9124398281919568,88.25802725765718,6.247324699853548,0.13798195077698225,Fail,benchmark,1.0,0.0
rcsb_local_pose_ensemble,1jd0,1jd0,1jd0_pose_029,data/local_set/1jd0/poses/1jd0_pose_029.sdf,94.03434488074186,lower_better,0.7692307692307693,rcsb_local_pose_ensemble,uncalibrated,0.7692307692307693,complete,her2-pose-v1,4,,0.6638391936106579,88.25802725765718,6.247324699853548,0.13798195077698225,Pass,benchmark,1.0,0.0
rcsb_local_pose_ensemble,1jla,1jla,1jla_pose_000,data/local_set/1jla/poses/1jla_pose_000.sdf,102.18823198919074,lower_better,1.0,rcsb_local_pose_ensemble,uncalibrated,1.0,complete,her2-pose-v1,0,,1.0,95.10944598519492,8.581825743941291,0.10436424400979245,Pass,benchmark,1.0,0.1
rcsb_local_pose_ensemble,1jla,1jla,1jla_pose_001,data/local_set/1jla/poses/1jla_pose_001.sdf,102.19100799621836,lower_better,0.8461538461538461,rcsb_local_pose_ensemble,uncalibrated,0.8461538461538461,complete,her2-pose-v1,50,,1.0,95.10944598519492,8.581825743941291,0.10436424400979245,Fail,benchmark,1.0,0.1
rcsb_local_pose_ensemble,1jla,1jla,1jla_pose_002,data/local_set/1jla/poses/1jla_pose_002.sdf,88.33286819853123,lower_better,0.8461538461538461,rcsb_local_pose_ensemble,uncalibrated,0.8461538461538461,complete,her2-pose-v1,30,,0.999667710322387,95.10944598519492,8.581825743941291,0.10436424400979245,Review,benchmark,1.0,0.1
rcsb_local_pose_ensemble,1jla,1jla,1jla_pose_003,data/local_set/1jla/poses/1jla_pose_003.sdf,102.18239117032492,lower_better,1.0,rcsb_local_pose_ensemble,uncalibrated,1.0,complete,her2-pose-v1,0,,1.0,95.10944598519492,8.581825743941291,0.10436424400979245,Pass,benchmark,1.0,0.1
rcsb_local_pose_ensemble,1jla,1jla,1jla_pose_004,data/local_set/1jla/poses/1jla_pose_004.sdf,82.40189258974839,lower_better,0.8461538461538461,rcsb_local_pose_ensemble,uncalibrated,0.8461538461538461,complete,her2-pose-v1,39,,0.995538491139169,95.10944598519492,8.581825743941291,0.10436424400979245,Fail,benchmark,1.0,0.1
rcsb_local_pose_ensemble,1jla,1jla,1jla_pose_005,data/local_set/1jla/poses/1jla_pose_005.sdf,102.19433273081756,lower_better,0.8461538461538461,rcsb_local_pose_ensemble,uncalibrated,0.8461538461538461,complete,her2-pose-v1,47,,1.0,95.10944598519492,8.581825743941291,0.10436424400979245,Fail,benchmark,1.0,0.1
rcsb_local_pose_ensemble,1jla,1jla,1jla_pose_006,data/local_set/1jla/poses/1jla_pose_006.sdf,92.33065826523266,lower_better,0.8461538461538461,rcsb_local_pose_ensemble,uncalibrated,0.8461538461538461,complete,her2-pose-v1,11,,0.9888662476636504,95.10944598519492,8.581825743941291,0.10436424400979245,Review,benchmark,1.0,0.1
rcsb_local_pose_ensemble,1jla,1jla,1jla_pose_007,data/local_set/1jla/poses/1jla_pose_007.sdf,102.18257643710012,lower_better,1.0,rcsb_local_pose_ensemble,uncalibrated,1.0,complete,her2-pose-v1,0,,1.0,95.10944598519492,8.581825743941291,0.10436424400979245,Pass,benchmark,1.0,0.1
rcsb_local_pose_ensemble,1jla,1jla,1jla_pose_008,data/local_set/1jla/poses/1jla_pose_008.sdf,81.58741894236526,lower_better,0.8461538461538461,rcsb_local_pose_ensemble,uncalibrated,0.8461538461538461,complete,her2-pose-v1,66,,1.0,95.10944598519492,8.581825743941291,0.10436424400979245,Fail,benchmark,1.0,0.1
rcsb_local_pose_ensemble,1jla,1jla,1jla_pose_009,data/local_set/1jla/poses/1jla_pose_009.sdf,102.21214326977216,lower_better,0.8461538461538461,rcsb_local_pose_ensemble,uncalibrated,0.8461538461538461,complete,her2-pose-v1,46,,1.0,95.10944598519492,8.581825743941291,0.10436424400979245,Fail,benchmark,1.0,0.1
rcsb_local_pose_ensemble,1jla,1jla,1jla_pose_010,data/local_set/1jla/poses/1jla_pose_010.sdf,86.36754354576773,lower_better,0.8461538461538461,rcsb_local_pose_ensemble,uncalibrated,0.8461538461538461,complete,her2-pose-v1,52,,0.9949780168993096,95.10944598519492,8.581825743941291,0.10436424400979245,Fail,benchmark,1.0,0.1
rcsb_local_pose_ensemble,1jla,1jla,1jla_pose_011,data/local_set/1jla/poses/1jla_pose_011.sdf,102.18596336046107,lower_better,0.8461538461538461,rcsb_local_pose_ensemble,uncalibrated,0.8461538461538461,complete,her2-pose-v1,32,,1.0,95.10944598519492,8.581825743941291,0.10436424400979245,Fail,benchmark,1.0,0.1
rcsb_local_pose_ensemble,1jla,1jla,1jla_pose_012,data/local_set/1jla/poses/1jla_pose_012.sdf,81.5028160777381,lower_better,0.8461538461538461,rcsb_local_pose_ensemble,uncalibrated,0.8461538461538461,complete,her2-pose-v1,42,,1.0,95.10944598519492,8.581825743941291,0.10436424400979245,Fail,benchmark,1.0,0.1
rcsb_local_pose_ensemble,1jla,1jla,1jla_pose_013,data/local_set/1jla/poses/1jla_pose_013.sdf,102.18693646476537,lower_better,0.8461538461538461,rcsb_local_pose_ensemble,uncalibrated,0.8461538461538461,complete,her2-pose-v1,32,,1.0,95.10944598519492,8.581825743941291,0.10436424400979245,Review,benchmark,1.0,0.1
rcsb_local_pose_ensemble,1jla,1jla,1jla_pose_014,data/local_set/1jla/poses/1jla_pose_014.sdf,84.3952218524555,lower_better,0.8461538461538461,rcsb_local_pose_ensemble,uncalibrated,0.8461538461538461,complete,her2-pose-v1,29,,0.999261703514124,95.10944598519492,8.581825743941291,0.10436424400979245,Fail,benchmark,1.0,0.1
rcsb_local_pose_ensemble,1jla,1jla,1jla_pose_015,data/local_set/1jla/poses/1jla_pose_015.sdf,102.1874759121072,lower_better,0.8461538461538461,rcsb_local_pose_ensemble,uncalibrated,0.8461538461538461,complete,her2-pose-v1,48,,1.0,95.10944598519492,8.581825743941291,0.10436424400979245,Fail,benchmark,1.0,0.1
rcsb_local_pose_ensemble,1jla,1jla,1jla_pose_016,data/local_set/1jla/poses/1jla_pose_016.sdf,81.53788481498631,lower_better,0.8461538461538461,rcsb_local_pose_ensemble,uncalibrated,0.8461538461538461,complete,her2-pose-v1,25,,1.0,95.10944598519492,8.581825743941291,0.10436424400979245,Review,benchmark,1.0,0.1
rcsb_local_pose_ensemble,1jla,1jla,1jla_pose_017,data/local_set/1jla/poses/1jla_pose_017.sdf,102.20039717232952,lower_better,0.8461538461538461,rcsb_local_pose_ensemble,uncalibrated,0.8461538461538461,complete,her2-pose-v1,56,,1.0,95.10944598519492,8.581825743941291,0.10436424400979245,Fail,benchmark,1.0,0.1
rcsb_local_pose_ensemble,1jla,1jla,1jla_pose_018,data/local_set/1jla/poses/1jla_pose_018.sdf,96.32975569567192,lower_better,0.8461538461538461,rcsb_local_pose_ensemble,uncalibrated,0.8461538461538461,complete,her2-pose-v1,53,,0.987583960142247,95.10944598519492,8.581825743941291,0.10436424400979245,Fail,benchmark,1.0,0.1
rcsb_local_pose_ensemble,1jla,1jla,1jla_pose_019,data/local_set/1jla/poses/1jla_pose_019.sdf,102.1823901231904,lower_better,0.8461538461538461,rcsb_local_pose_ensemble,uncalibrated,0.8461538461538461,complete,her2-pose-v1,11,,1.0,95.10944598519492,8.581825743941291,0.10436424400979245,Review,benchmark,1.0,0.1
rcsb_local_pose_ensemble,1jla,1jla,1jla_pose_020,data/local_set/1jla/poses/1jla_pose_020.sdf,96.93751613473862,lower_better,0.8461538461538461,rcsb_local_pose_ensemble,uncalibrated,0.8461538461538461,complete,her2-pose-v1,46,,0.9910083366671965,95.10944598519492,8.581825743941291,0.10436424400979245,Fail,benchmark,1.0,0.1
rcsb_local_pose_ensemble,1jla,1jla,1jla_pose_021,data/local_set/1jla/poses/1jla_pose_021.sdf,102.20612421692331,lower_better,0.8461538461538461,rcsb_local_pose_ensemble,uncalibrated,0.8461538461538461,complete,her2-pose-v1,32,,1.0,95.10944598519492,8.581825743941291,0.10436424400979245,Fail,benchmark,1.0,0.1
rcsb_local_pose_ensemble,1jla,1jla,1jla_pose_022,data/local_set/1jla/poses/1jla_pose_022.sdf,86.6629390232439,lower_better,0.8461538461538461,rcsb_local_pose_ensemble,uncalibrated,0.8461538461538461,complete,her2-pose-v1,27,,0.9978165458743012,95.10944598519492,8.581825743941291,0.10436424400979245,Fail,benchmark,1.0,0.1
rcsb_local_pose_ensemble,1jla,1jla,1jla_pose_023,data/local_set/1jla/poses/1jla_pose_023.sdf,102.19999505070976,lower_better,0.8461538461538461,rcsb_local_pose_ensemble,uncalibrated,0.8461538461538461,complete,her2-pose-v1,20,,1.0,95.10944598519492,8.581825743941291,0.10436424400979245,Review,benchmark,1.0,0.1
rcsb_local_pose_ensemble,1jla,1jla,1jla_pose_024,data/local_set/1jla/poses/1jla_pose_024.sdf,93.86800698647542,lower_better,0.9230769230769231,rcsb_local_pose_ensemble,uncalibrated,0.9230769230769231,complete,her2-pose-v1,8,,0.9908006753449466,95.10944598519492,8.581825743941291,0.10436424400979245,Pass,benchmark,1.0,0.1
rcsb_local_pose_ensemble,1jla,1jla,1jla_pose_025,data/local_set/1jla/poses/1jla_pose_025.sdf,102.18326281013212,lower_better,0.8461538461538461,rcsb_local_pose_ensemble,uncalibrated,0.8461538461538461,complete,her2-pose-v1,18,,1.0,95.10944598519492,8.581825743941291,0.10436424400979245,Review,benchmark,1.0,0.1
rcsb_local_pose_ensemble,1jla,1jla,1jla_pose_026,data/local_set/1jla/poses/1jla_pose_026.sdf,84.33353853558621,lower_better,0.8461538461538461,rcsb_local_pose_ensemble,uncalibrated,0.8461538461538461,complete,her2-pose-v1,32,,0.995331537782476,95.10944598519492,8.581825743941291,0.10436424400979245,Fail,benchmark,1.0,0.1
rcsb_local_pose_ensemble,1jla,1jla,1jla_pose_027,data/local_set/1jla/poses/1jla_pose_027.sdf,102.1723278264089,lower_better,0.8461538461538461,rcsb_local_pose_ensemble,uncalibrated,0.8461538461538461,complete,her2-pose-v1,22,,1.0,95.10944598519492,8.581825743941291,0.10436424400979245,Fail,benchmark,1.0,0.1
rcsb_local_pose_ensemble,1jla,1jla,1jla_pose_028,data/local_set/1jla/poses/1jla_pose_028.sdf,81.64872064999604,lower_better,0.8461538461538461,rcsb_local_pose_ensemble,uncalibrated,0.8461538461538461,complete,her2-pose-v1,42,,1.0,95.10944598519492,8.581825743941291,0.10436424400979245,Fail,benchmark,1.0,0.1
rcsb_local_pose_ensemble,1jla,1jla,1jla_pose_029,data/local_set/1jla/poses/1jla_pose_029.sdf,102.1910417128588,lower_better,0.8461538461538461,rcsb_local_pose_ensemble,uncalibrated,0.8461538461538461,complete,her2-pose-v1,28,,1.0,95.10944598519492,8.581825743941291,0.10436424400979245,Fail,benchmark,1.0,0.1
rcsb_local_pose_ensemble,1k3u,1k3u,1k3u_pose_000,data/local_set/1k3u/poses/1k3u_pose_000.sdf,101.3335546232187,lower_better,1.0,rcsb_local_pose_ensemble,uncalibrated,1.0,complete,her2-pose-v1,0,,1.0,95.50991200949505,6.701981216593232,0.1298367227701866,Pass,benchmark,1.0,0.1
rcsb_local_pose_ensemble,1k3u,1k3u,1k3u_pose_001,data/local_set/1k3u/poses/1k3u_pose_001.sdf,101.343716158929,lower_better,0.9230769230769231,rcsb_local_pose_ensemble,uncalibrated,0.9230769230769231,complete,her2-pose-v1,4,,1.0,95.50991200949505,6.701981216593232,0.1298367227701866,Pass,benchmark,1.0,0.1
rcsb_local_pose_ensemble,1k3u,1k3u,1k3u_pose_002,data/local_set/1k3u/poses/1k3u_pose_002.sdf,91.68214586712364,lower_better,0.8461538461538461,rcsb_local_pose_ensemble,uncalibrated,0.8461538461538461,complete,her2-pose-v1,19,,0.9531088395023756,95.50991200949505,6.701981216593232,0.1298367227701866,Review,benchmark,1.0,0.1
rcsb_local_pose_ensemble,1k3u,1k3u,1k3u_pose_003,data/local_set/1k3u/poses/1k3u_pose_003.sdf,101.32916720474871,lower_better,0.8461538461538461,rcsb_local_pose_ensemble,uncalibrated,0.8461538461538461,complete,her2-pose-v1,43,,1.0,95.50991200949505,6.701981216593232,0.1298367227701866,Fail,benchmark,1.0,0.1
rcsb_local_pose_ensemble,1k3u,1k3u,1k3u_pose_004,data/local_set/1k3u/poses/1k3u_pose_004.sdf,85.73512382026044,lower_better,0.8461538461538461,rcsb_local_pose_ensemble,uncalibrated,0.8461538461538461,complete,her2-pose-v1,15,,1.0,95.50991200949505,6.701981216593232,0.1298367227701866,Review,benchmark,1.0,0.1
rcsb_local_pose_ensemble,1k3u,1k3u,1k3u_pose_005,data/local_set/1k3u/poses/1k3u_pose_005.sdf,101.33887432510676,lower_better,0.8461538461538461,rcsb_local_pose_ensemble,uncalibrated,0.8461538461538461,complete,her2-pose-v1,50,,1.0,95.50991200949505,6.701981216593232,0.1298367227701866,Fail,benchmark,1.0,0.1
rcsb_local_pose_ensemble,1k3u,1k3u,1k3u_pose_006,data/local_set/1k3u/poses/1k3u_pose_006.sdf,88.90881690932517,lower_better,0.8461538461538461,rcsb_local_pose_ensemble,uncalibrated,0.8461538461538461,complete,her2-pose-v1,13,,0.981272645855058,95.50991200949505,6.701981216593232,0.1298367227701866,Review,benchmark,1.0,0.1
rcsb_local_pose_ensemble,1k3u,1k3u,1k3u_pose_007,data/local_set/1k3u/poses/1k3u_pose_007.sdf,101.31597365383904,lower_better,0.8461538461538461,rcsb_local_pose_ensemble,uncalibrated,0.8461538461538461,complete,her2-pose-v1,43,,1.0,95.50991200949505,6.701981216593232,0.1298367227701866,Review,benchmark,1.0,0.1
rcsb_local_pose_ensemble,1k3u,1k3u,1k3u_pose_008,data/local_set/1k3u/poses/1k3u_pose_008.sdf,84.36515403442185,lower_better,0.8461538461538461,rcsb_local_pose_ensemble,uncalibrated,0.8461538461538461,complete,her2-pose-v1,46,,1.0,95.50991200949505,6.701981216593232,0.1298367227701866,Fail,benchmark,1.0,0.1
rcsb_local_pose_ensemble,1k3u,1k3u,1k3u_pose_009,data/local_set/1k3u/poses/1k3u_pose_009.sdf,101.33364781576992,lower_better,0.8461538461538461,rcsb_local_pose_ensemble,uncalibrated,0.8461538461538461,complete,her2-pose-v1,39,,1.0,95.50991200949505,6.701981216593232,0.1298367227701866,Fail,benchmark,1.0,0.1
rcsb_local_pose_ensemble,1k3u,1k3u,1k3u_pose_010,data/local_set/1k3u/poses/1k3u_pose_010.sdf,83.8338382641497,lower_better,0.8461538461538461,rcsb_local_pose_ensemble,uncalibrated,0.8461538461538461,complete,her2-pose-v1,39,,1.0,95.50991200949505,6.701981216593232,0.1298367227701866,Fail,benchmark,1.0,0.1
rcsb_local_pose_ensemble,1k3u,1k3u,1k3u_pose_011,data/local_set/1k3u/poses/1k3u_pose_011.sdf,101.33154813446107,lower_better,0.8461538461538461,rcsb_local_pose_ensemble,uncalibrated,0.8461538461538461,complete,her2-pose-v1,24,,1.0,95.50991200949505,6.701981216593232,0.1298367227701866,Review,benchmark,1.0,0.1
rcsb_local_pose_ensemble,1k3u,1k3u,1k3u_pose_012,data/local_set/1k3u/poses/1k3u_pose_012.sdf,94.45332582313664,lower_better,0.8461538461538461,rcsb_local_pose_ensemble,uncalibrated,0.8461538461538461,complete,her2-pose-v1,14,,1.0,95.50991200949505,6.701981216593232,0.1298367227701866,Fail,benchmark,1.0,0.1
rcsb_local_pose_ensemble,1k3u,1k3u,1k3u_pose_013,data/local_set/1k3u/poses/1k3u_pose_013.sdf,101.34080636713618,lower_better,0.9230769230769231,rcsb_local_pose_ensemble,uncalibrated,0.9230769230769231,complete,her2-pose-v1,3,,1.0,95.50991200949505,6.701981216593232,0.1298367227701866,Pass,benchmark,1.0,0.1
rcsb_local_pose_ensemble,1k3u,1k3u,1k3u_pose_014,data/local_set/1k3u/poses/1k3u_pose_014.sdf,89.16066227088278,lower_better,0.9230769230769231,rcsb_local_pose_ensemble,uncalibrated,0.9230769230769231,complete,her2-pose-v1,2,,1.0,95.50991200949505,6.701981216593232,0.1298367227701866,Review,benchmark,1.0,0.1
rcsb_local_pose_ensemble,1k3u,1k3u,1k3u_pose_015,data/local_set/1k3u/poses/1k3u_pose_015.sdf,101.32410735246673,lower_better,0.8461538461538461,rcsb_local_pose_ensemble,uncalibrated,0.8461538461538461,complete,her2-pose-v1,33,,1.0,95.50991200949505,6.701981216593232,0.1298367227701866,Fail,benchmark,1.0,0.1
rcsb_local_pose_ensemble,1k3u,1k3u,1k3u_pose_016,data/local_set/1k3u/poses/1k3u_pose_016.sdf,91.65334338402816,lower_better,0.8461538461538461,rcsb_local_pose_ensemble,uncalibrated,0.8461538461538461,complete,her2-pose-v1,29,,0.9594754199794088,95.50991200949505,6.701981216593232,0.1298367227701866,Review,benchmark,1.0,0.1
rcsb_local_pose_ensemble,1k3u,1k3u,1k3u_pose_017,data/local_set/1k3u/poses/1k3u_pose_017.sdf,101.3178270428558,lower_better,0.9230769230769231,rcsb_local_pose_ensemble,uncalibrated,0.9230769230769231,complete,her2-pose-v1,2,,1.0,95.50991200949505,6.701981216593232,0.1298367227701866,Pass,benchmark,1.0,0.1
rcsb_local_pose_ensemble,1k3u,1k3u,1k3u_pose_018,data/local_set/1k3u/poses/1k3u_pose_018.sdf,91.8515419026207,lower_better,0.8461538461538461,rcsb_local_pose_ensemble,uncalibrated,0.8461538461538461,complete,her2-pose-v1,35,,1.0,95.50991200949505,6.701981216593232,0.1298367227701866,Review,benchmark,1.0,0.1
rcsb_local_pose_ensemble,1k3u,1k3u,1k3u_pose_019,data/local_set/1k3u/poses/1k3u_pose_019.sdf,101.32240463033796,lower_better,0.8461538461538461,rcsb_local_pose_ensemble,uncalibrated,0.8461538461538461,complete,her2-pose-v1,43,,1.0,95.50991200949505,6.701981216593232,0.1298367227701866,Fail,benchmark,1.0,0.1
rcsb_local_pose_ensemble,1k3u,1k3u,1k3u_pose_020,data/local_set/1k3u/poses/1k3u_pose_020.sdf,87.44750226652442,lower_better,0.8461538461538461,rcsb_local_pose_ensemble,uncalibrated,0.8461538461538461,complete,her2-pose-v1,45,,0.9763012252539244,95.50991200949505,6.701981216593232,0.1298367227701866,Fail,benchmark,1.0,0.1
rcsb_local_pose_ensemble,1k3u,1k3u,1k3u_pose_021,data/local_set/1k3u/poses/1k3u_pose_021.sdf,101.3196567912093,lower_better,1.0,rcsb_local_pose_ensemble,uncalibrated,1.0,complete,her2-pose-v1,0,,1.0,95.50991200949505,6.701981216593232,0.1298367227701866,Pass,benchmark,1.0,0.1
rcsb_local_pose_ensemble,1k3u,1k3u,1k3u_pose_022,data/local_set/1k3u/poses/1k3u_pose_022.sdf,90.32002968567316,lower_better,0.8461538461538461,rcsb_local_pose_ensemble,uncalibrated,0.8461538461538461,complete,her2-pose-v1,35,,0.9867440884586656,95.50991200949505,6.701981216593232,0.1298367227701866,Fail,benchmark,1.0,0.1
rcsb_local_pose_ensemble,1k3u,1k3u,1k3u_pose_023,data/local_set/1k3u/poses/1k3u_pose_023.sdf,101.32077965338564,lower_better,0.8461538461538461,rcsb_local_pose_ensemble,uncalibrated,0.8461538461538461,complete,her2-pose-v1,16,,1.0,95.50991200949505,6.701981216593232,0.1298367227701866,Fail,benchmark,1.0,0.1
rcsb_local_pose_ensemble,1k3u,1k3u,1k3u_pose_024,data/local_set/1k3u/poses/1k3u_pose_024.sdf,91.66294202827606,lower_better,0.8461538461538461,rcsb_local_pose_ensemble,uncalibrated,0.8461538461538461,complete,her2-pose-v1,33,,0.959451776132737,95.50991200949505,6.701981216593232,0.1298367227701866,Fail,benchmark,1.0,0.1
rcsb_local_pose_ensemble,1k3u,1k3u,1k3u_pose_025,data/local_set/1k3u/poses/1k3u_pose_025.sdf,101.32971970619153,lower_better,0.8461538461538461,rcsb_local_pose_ensemble,uncalibrated,0.8461538461538461,complete,her2-pose-v1,46,,1.0,95.50991200949505,6.701981216593232,0.1298367227701866,Fail,benchmark,1.0,0.1
rcsb_local_pose_ensemble,1k3u,1k3u,1k3u_pose_026,data/local_set/1k3u/poses/1k3u_pose_026.sdf,84.78580346513702,lower_better,0.8461538461538461,rcsb_local_pose_ensemble,uncalibrated,0.8461538461538461,complete,her2-pose-v1,43,,0.9843118566415155,95.50991200949505,6.701981216593232,0.1298367227701866,Fail,benchmark,1.0,0.1
rcsb_local_pose_ensemble,1k3u,1k3u,1k3u_pose_027,data/local_set/1k3u/poses/1k3u_pose_027.sdf,101.35732245819088,lower_better,0.8461538461538461,rcsb_local_pose_ensemble,uncalibrated,0.8461538461538461,complete,her2-pose-v1,26,,1.0,95.50991200949505,6.701981216593232,0.1298367227701866,Fail,benchmark,1.0,0.1
rcsb_local_pose_ensemble,1k3u,1k3u,1k3u_pose_028,data/local_set/1k3u/poses/1k3u_pose_028.sdf,88.12676260691035,lower_better,0.8461538461538461,rcsb_local_pose_ensemble,uncalibrated,0.8461538461538461,complete,her2-pose-v1,52,,0.9965166858522464,95.50991200949505,6.701981216593232,0.1298367227701866,Fail,benchmark,1.0,0.1
rcsb_local_pose_ensemble,1k3u,1k3u,1k3u_pose_029,data/local_set/1k3u/poses/1k3u_pose_029.sdf,101.35126203853436,lower_better,1.0,rcsb_local_pose_ensemble,uncalibrated,1.0,complete,her2-pose-v1,0,,1.0,95.50991200949505,6.701981216593232,0.1298367227701866,Pass,benchmark,1.0,0.1
rcsb_local_pose_ensemble,1ke5,1ke5,1ke5_pose_000,data/local_set/1ke5/poses/1ke5_pose_000.sdf,162.88861062595657,lower_better,1.0,rcsb_local_pose_ensemble,uncalibrated,1.0,complete,her2-pose-v1,0,,0.9945012980932384,138.9069836352104,26.105759045356383,0.03689252893920766,Pass,benchmark,1.0,0.1
rcsb_local_pose_ensemble,1ke5,1ke5,1ke5_pose_001,data/local_set/1ke5/poses/1ke5_pose_001.sdf,162.89518715457953,lower_better,0.8461538461538461,rcsb_local_pose_ensemble,uncalibrated,0.8461538461538461,complete,her2-pose-v1,55,,0.9945084958937384,138.9069836352104,26.105759045356383,0.03689252893920766,Fail,benchmark,1.0,0.1
rcsb_local_pose_ensemble,1ke5,1ke5,1ke5_pose_002,data/local_set/1ke5/poses/1ke5_pose_002.sdf,112.89691559250856,lower_better,0.8461538461538461,rcsb_local_pose_ensemble,uncalibrated,0.8461538461538461,complete,her2-pose-v1,38,,0.996169078509508,138.9069836352104,26.105759045356383,0.03689252893920766,Fail,benchmark,1.0,0.1
rcsb_local_pose_ensemble,1ke5,1ke5,1ke5_pose_003,data/local_set/1ke5/poses/1ke5_pose_003.sdf,162.89547809364484,lower_better,0.8461538461538461,rcsb_local_pose_ensemble,uncalibrated,0.8461538461538461,complete,her2-pose-v1,52,,0.9944899134447422,138.9069836352104,26.105759045356383,0.03689252893920766,Fail,benchmark,1.0,0.1
rcsb_local_pose_ensemble,1ke5,1ke5,1ke5_pose_004,data/local_set/1ke5/poses/1ke5_pose_004.sdf,109.43481436210628,lower_better,0.8461538461538461,rcsb_local_pose_ensemble,uncalibrated,0.8461538461538461,complete,her2-pose-v1,56,,0.9987400339149723,138.9069836352104,26.105759045356383,0.03689252893920766,Fail,benchmark,1.0,0.1
rcsb_local_pose_ensemble,1ke5,1ke5,1ke5_pose_005,data/local_set/1ke5/poses/1ke5_pose_005.sdf,162.90324162748044,lower_better,0.8461538461538461,rcsb_local_pose_ensemble,uncalibrated,0.8461538461538461,complete,her2-pose-v1,44,,0.9944997362518904,138.9069836352104,26.105759045356383,0.03689252893920766,Review,benchmark,1.0,0.1
rcsb_local_pose_ensemble,1ke5,1ke5,1ke5_pose_006,data/local_set/1ke5/poses/1ke5_pose_006.sdf,113.96628991341372,lower_better,1.0,rcsb_local_pose_ensemble,uncalibrated,1.0,complete,her2-pose-v1,0,,0.9961942082772952,138.9069836352104,26.105759045356383,0.03689252893920766,Pass,benchmark,1.0,0.1
rcsb_local_pose_ensemble,1ke5,1ke5,1ke5_pose_007,data/local_set/1ke5/poses/1ke5_pose_007.sdf,162.8819251275484,lower_better,0.8461538461538461,rcsb_local_pose_ensemble,uncalibrated,0.8461538461538461,complete,her2-pose-v1,41,,0.9945108384241133,138.9069836352104,26.105759045356383,0.03689252893920766,Fail,benchmark,1.0,0.1
rcsb_local_pose_ensemble,1ke5,1ke5,1ke5_pose_008,data/local_set/1ke5/poses/1ke5_pose_008.sdf,109.47606635928123,lower_better,0.8461538461538461,rcsb_local_pose_ensemble,uncalibrated,0.8461538461538461,complete,her2-pose-v1,27,,0.998725076274664,138.9069836352104,26.105759045356383,0.03689252893920766,Fail,benchmark,1.0,0.1
rcsb_local_pose_ensemble,1ke5,1ke5,1ke5_pose_009,data/local_set/1ke5/poses/1ke5_pose_009.sdf,162.8782598842835,lower_better,0.8461538461538461,rcsb_local_pose_ensemble,uncalibrated,0.8461538461538461,complete,her2-pose-v1,57,,0.9945083126929252,138.9069836352104,26.105759045356383,0.03689252893920766,Fail,benchmark,1.0,0.1
rcsb_local_pose_ensemble,1ke5,1ke5,1ke5_pose_010,data/local_set/1ke5/poses/1ke5_pose_010.sdf,112.6808598054612,lower_better,0.8461538461538461,rcsb_local_pose_ensemble,uncalibrated,0.8461538461538461,complete,her2-pose-v1,64,,0.9964092680795904,138.9069836352104,26.105759045356383,0.03689252893920766,Fail,benchmark,1.0,0.1
rcsb_local_pose_ensemble,1ke5,1ke5,1ke5_pose_011,data/local_set/1ke5/poses/1ke5_pose_011.sdf,162.87716470458915,lower_better,0.8461538461538461,rcsb_local_pose_ensemble,uncalibrated,0.8461538461538461,complete,her2-pose-v1,31,,0.9945050823023774,138.9069836352104,26.105759045356383,0.03689252893920766,Fail,benchmark,1.0,0.1
rcsb_local_pose_ensemble,1ke5,1ke5,1ke5_pose_012,data/local_set/1ke5/poses/1ke5_pose_012.sdf,109.78433049357348,lower_better,0.8461538461538461,rcsb_local_pose_ensemble,uncalibrated,0.8461538461538461,complete,her2-pose-v1,12,,0.998722644577036,138.9069836352104,26.105759045356383,0.03689252893920766,Review,benchmark,1.0,0.1
rcsb_local_pose_ensemble,1ke5,1ke5,1ke5_pose_013,data/local_set/1ke5/poses/1ke5_pose_013.sdf,162.89338885481857,lower_better,0.8461538461538461,rcsb_local_pose_ensemble,uncalibrated,0.8461538461538461,complete,her2-pose-v1,30,,0.9944996387680338,138.9069836352104,26.105759045356383,0.03689252893920766,Review,benchmark,1.0,0.1
rcsb_local_pose_ensemble,1ke5,1ke5,1ke5_pose_014,data/local_set/1ke5/poses/1ke5_pose_014.sdf,110.76541432542083,lower_better,0.8461538461538461,rcsb_local_pose_ensemble,uncalibrated,0.8461538461538461,complete,her2-pose-v1,34,,0.9987656132402748,138.9069836352104,26.105759045356383,0.03689252893920766,Fail,benchmark,1.0,0.1
rcsb_local_pose_ensemble,1ke5,1ke5,1ke5_pose_015,data/local_set/1ke5/poses/1ke5_pose_015.sdf,162.897912098167,lower_better,0.8461538461538461,rcsb_local_pose_ensemble,uncalibrated,0.8461538461538461,complete,her2-pose-v1,68,,0.99451272547013,138.9069836352104,26.105759045356383,0.03689252893920766,Fail,benchmark,1.0,0.1
rcsb_local_pose_ensemble,1ke5,1ke5,1ke5_pose_016,data/local_set/1ke5/poses/1ke5_pose_016.sdf,109.42328716707364,lower_better,0.8461538461538461,rcsb_local_pose_ensemble,uncalibrated,0.8461538461538461,complete,her2-pose-v1,41,,0.998746665067509,138.9069836352104,26.105759045356383,0.03689252893920766,Fail,benchmark,1.0,0.1
rcsb_local_pose_ensemble,1ke5,1ke5,1ke5_pose_017,data/local_set/1ke5/poses/1ke5_pose_017.sdf,162.90278066795696,lower_better,0.9230769230769231,rcsb_local_pose_ensemble,uncalibrated,0.9230769230769231,complete,her2-pose-v1,5,,0.994498149196708,138.9069836352104,26.105759045356383,0.03689252893920766,Review,benchmark,1.0,0.1
rcsb_local_pose_ensemble,1ke5,1ke5,1ke5_pose_018,data/local_set/1ke5/poses/1ke5_pose_018.sdf,113.75347182598728,lower_better,0.8461538461538461,rcsb_local_pose_ensemble,uncalibrated,0.8461538461538461,complete,her2-pose-v1,13,,0.9962710385939154,138.9069836352104,26.105759045356383,0.03689252893920766,Review,benchmark,1.0,0.1
rcsb_local_pose_ensemble,1ke5,1ke5,1ke5_pose_019,data/local_set/1ke5/poses/1ke5_pose_019.sdf,162.87216085775145,lower_better,0.8461538461538461,rcsb_local_pose_ensemble,uncalibrated,0.8461538461538461,complete,her2-pose-v1,31,,0.9944990584867768,138.9069836352104,26.105759045356383,0.03689252893920766,Review,benchmark,1.0,0.1
rcsb_local_pose_ensemble,1ke5,1ke5,1ke5_pose_020,data/local_set/1ke5/poses/1ke5_pose_020.sdf,109.77555960965942,lower_better,0.8461538461538461,rcsb_local_pose_ensemble,uncalibrated,0.8461538461538461,complete,her2-pose-v1,61,,0.9987506447509864,138.9069836352104,26.105759045356383,0.03689252893920766,Fail,benchmark,1.0,0.1
rcsb_local_pose_ensemble,1ke5,1ke5,1ke5_pose_021,data/local_set/1ke5/poses/1ke5_pose_021.sdf,162.89488015728384,lower_better,0.8461538461538461,rcsb_local_pose_ensemble,uncalibrated,0.8461538461538461,complete,her2-pose-v1,73,,0.9944939170371762,138.9069836352104,26.105759045356383,0.03689252893920766,Fail,benchmark,1.0,0.1
rcsb_local_pose_ensemble,1ke5,1ke5,1ke5_pose_022,data/local_set/1ke5/poses/1ke5_pose_022.sdf,110.85616996156948,lower_better,0.8461538461538461,rcsb_local_pose_ensemble,uncalibrated,0.8461538461538461,complete,her2-pose-v1,54,,0.998748995177412,138.9069836352104,26.105759045356383,0.03689252893920766,Fail,benchmark,1.0,0.1
rcsb_local_pose_ensemble,1ke5,1ke5,1ke5_pose_023,data/local_set/1ke5/poses/1ke5_pose_023.sdf,162.8864096057756,lower_better,0.8461538461538461,rcsb_local_pose_ensemble,uncalibrated,0.8461538461538461,complete,her2-pose-v1,53,,0.9945177063132012,138.9069836352104,26.105759045356383,0.03689252893920766,Fail,benchmark,1.0,0.1
rcsb_local_pose_ensemble,1ke5,1ke5,1ke5_pose_024,data/local_set/1ke5/poses/1ke5_pose_024.sdf,113.73132188599108,lower_better,0.8461538461538461,rcsb_local_pose_ensemble,uncalibrated,0.8461538461538461,complete,her2-pose-v1,46,,0.9962257022832652,138.9069836352104,26.105759045356383,0.03689252893920766,Review,benchmark,1.0,0.1
rcsb_local_pose_ensemble,1ke5,1ke5,1ke5_pose_025,data/local_set/1ke5/poses/1ke5_pose_025.sdf,162.8773953220869,lower_better,0.8461538461538461,rcsb_local_pose_ensemble,uncalibrated,0.8461538461538461,complete,her2-pose-v1,22,,0.9945090786905996,138.9069836352104,26.105759045356383,0.03689252893920766,Review,benchmark,1.0,0.1
rcsb_local_pose_ensemble,1ke5,1ke5,1ke5_pose_026,data/local_set/1ke5/poses/1ke5_pose_026.sdf,113.7377453475786,lower_better,0.8461538461538461,rcsb_local_pose_ensemble,uncalibrated,0.8461538461538461,complete,her2-pose-v1,6,,0.9962175403491846,138.9069836352104,26.105759045356383,0.03689252893920766,Pass,benchmark,1.0,0.1
rcsb_local_pose_ensemble,1ke5,1ke5,1ke5_pose_027,data/local_set/1ke5/poses/1ke5_pose_027.sdf,162.8848496700212,lower_better,0.8461538461538461,rcsb_local_pose_ensemble,uncalibrated,0.8461538461538461,complete,her2-pose-v1,5,,0.9944908773673988,138.9069836352104,26.105759045356383,0.03689252893920766,Pass,benchmark,1.0,0.1
rcsb_local_pose_ensemble,1ke5,1ke5,1ke5_pose_028,data/local_set/1ke5/poses/1ke5_pose_028.sdf,110.7018586649286,lower_better,0.8461538461538461,rcsb_local_pose_ensemble,uncalibrated,0.8461538461538461,complete,her2-pose-v1,46,,0.998764699271622,138.9069836352104,26.105759045356383,0.03689252893920766,Review,benchmark,1.0,0.1
rcsb_local_pose_ensemble,1ke5,1ke5,1ke5_pose_029,data/local_set/1ke5/poses/1ke5_pose_029.sdf,162.89575928981387,lower_better,1.0,rcsb_local_pose_ensemble,uncalibrated,1.0,complete,her2-pose-v1,0,,0.994498960582662,138.9069836352104,26.105759045356383,0.03689252893920766,Pass,benchmark,1.0,0.1
rcsb_local_pose_ensemble,1kzk,1kzk,1kzk_pose_000,data/local_set/1kzk/poses/1kzk_pose_000.sdf,114.08153123862472,lower_better,1.0,rcsb_local_pose_ensemble,uncalibrated,1.0,complete,her2-pose-v1,0,,0.9407808611361792,110.69227291748842,8.033546091716241,0.11069849977485582,Pass,benchmark,1.0,0.03333333333333333
rcsb_local_pose_ensemble,1kzk,1kzk,1kzk_pose_001,data/local_set/1kzk/poses/1kzk_pose_001.sdf,118.851472577193,lower_better,0.8461538461538461,rcsb_local_pose_ensemble,uncalibrated,0.8461538461538461,complete,her2-pose-v1,63,,0.9408056929793824,110.69227291748842,8.033546091716241,0.11069849977485582,Review,benchmark,1.0,0.03333333333333333
rcsb_local_pose_ensemble,1kzk,1kzk,1kzk_pose_002,data/local_set/1kzk/poses/1kzk_pose_002.sdf,100.654993392184,lower_better,0.8461538461538461,rcsb_local_pose_ensemble,uncalibrated,0.8461538461538461,complete,her2-pose-v1,33,,0.954624382099766,110.69227291748842,8.033546091716241,0.11069849977485582,Review,benchmark,1.0,0.03333333333333333
rcsb_local_pose_ensemble,1kzk,1kzk,1kzk_pose_003,data/local_set/1kzk/poses/1kzk_pose_003.sdf,114.0781100354644,lower_better,0.8461538461538461,rcsb_local_pose_ensemble,uncalibrated,0.8461538461538461,complete,her2-pose-v1,46,,0.9407788233867008,110.69227291748842,8.033546091716241,0.11069849977485582,Fail,benchmark,1.0,0.03333333333333333
rcsb_local_pose_ensemble,1kzk,1kzk,1kzk_pose_004,data/local_set/1kzk/poses/1kzk_pose_004.sdf,102.744363779144,lower_better,0.8461538461538461,rcsb_local_pose_ensemble,uncalibrated,0.8461538461538461,complete,her2-pose-v1,67,,0.9386773167142188,110.69227291748842,8.033546091716241,0.11069849977485582,Fail,benchmark,1.0,0.03333333333333333
rcsb_local_pose_ensemble,1kzk,1kzk,1kzk_pose_005,data/local_set/1kzk/poses/1kzk_pose_005.sdf,114.11445030658716,lower_better,0.8461538461538461,rcsb_local_pose_ensemble,uncalibrated,0.8461538461538461,complete,her2-pose-v1,99,,0.9407780863943036,110.69227291748842,8.033546091716241,0.11069849977485582,Fail,benchmark,1.0,0.03333333333333333
rcsb_local_pose_ensemble,1kzk,1kzk,1kzk_pose_006,data/local_set/1kzk/poses/1kzk_pose_006.sdf,98.72901186395954,lower_better,0.8461538461538461,rcsb_local_pose_ensemble,uncalibrated,0.8461538461538461,complete,her2-pose-v1,47,,0.9508619631715955,110.69227291748842,8.033546091716241,0.11069849977485582,Fail,benchmark,1.0,0.03333333333333333
rcsb_local_pose_ensemble,1kzk,1kzk,1kzk_pose_007,data/local_set/1kzk/poses/1kzk_pose_007.sdf,114.08088097146012,lower_better,0.8461538461538461,rcsb_local_pose_ensemble,uncalibrated,0.8461538461538461,complete,her2-pose-v1,14,,0.9407827117994232,110.69227291748842,8.033546091716241,0.11069849977485582,Pass,benchmark,1.0,0.03333333333333333
rcsb_local_pose_ensemble,1kzk,1kzk,1kzk_pose_008,data/local_set/1kzk/poses/1kzk_pose_008.sdf,115.5220719423536,lower_better,0.8461538461538461,rcsb_local_pose_ensemble,uncalibrated,0.8461538461538461,complete,her2-pose-v1,21,,0.9646169908453108,110.69227291748842,8.033546091716241,0.11069849977485582,Fail,benchmark,1.0,0.03333333333333333
rcsb_local_pose_ensemble,1kzk,1kzk,1kzk_pose_009,data/local_set/1kzk/poses/1kzk_pose_009.sdf,114.083864323491,lower_better,0.8461538461538461,rcsb_local_pose_ensemble,uncalibrated,0.8461538461538461,complete,her2-pose-v1,47,,0.940776241391146,110.69227291748842,8.033546091716241,0.11069849977485582,Review,benchmark,1.0,0.03333333333333333
rcsb_local_pose_ensemble,1kzk,1kzk,1kzk_pose_010,data/local_set/1kzk/poses/1kzk_pose_010.sdf,103.03763422022531,lower_better,0.8461538461538461,rcsb_local_pose_ensemble,uncalibrated,0.8461538461538461,complete,her2-pose-v1,102,,0.9452095421085104,110.69227291748842,8.033546091716241,0.11069849977485582,Fail,benchmark,1.0,0.03333333333333333
rcsb_local_pose_ensemble,1kzk,1kzk,1kzk_pose_011,data/local_set/1kzk/poses/1kzk_pose_011.sdf,114.0683420860506,lower_better,0.8461538461538461,rcsb_local_pose_ensemble,uncalibrated,0.8461538461538461,complete,her2-pose-v1,119,,0.9407796239991558,110.69227291748842,8.033546091716241,0.11069849977485582,Fail,benchmark,1.0,0.03333333333333333
rcsb_local_pose_ensemble,1kzk,1kzk,1kzk_pose_012,data/local_set/1kzk/poses/1kzk_pose_012.sdf,102.59970270868268,lower_better,0.8461538461538461,rcsb_local_pose_ensemble,uncalibrated,0.8461538461538461,complete,her2-pose-v1,62,,0.9509461450984033,110.69227291748842,8.033546091716241,0.11069849977485582,Fail,benchmark,1.0,0.03333333333333333
rcsb_local_pose_ensemble,1kzk,1kzk,1kzk_pose_013,data/local_set/1kzk/poses/1kzk_pose_013.sdf,114.07741817518148,lower_better,0.8461538461538461,rcsb_local_pose_ensemble,uncalibrated,0.8461538461538461,complete,her2-pose-v1,51,,0.9407845530104672,110.69227291748842,8.033546091716241,0.11069849977485582,Fail,benchmark,1.0,0.03333333333333333
rcsb_local_pose_ensemble,1kzk,1kzk,1kzk_pose_014,data/local_set/1kzk/poses/1kzk_pose_014.sdf,99.12767797863457,lower_better,0.8461538461538461,rcsb_local_pose_ensemble,uncalibrated,0.8461538461538461,complete,her2-pose-v1,33,,0.9443062375138104,110.69227291748842,8.033546091716241,0.11069849977485582,Fail,benchmark,1.0,0.03333333333333333
rcsb_local_pose_ensemble,1kzk,1kzk,1kzk_pose_015,data/local_set/1kzk/poses/1kzk_pose_015.sdf,114.0879792652931,lower_better,0.8461538461538461,rcsb_local_pose_ensemble,uncalibrated,0.8461538461538461,complete,her2-pose-v1,37,,0.9407905282603513,110.69227291748842,8.033546091716241,0.11069849977485582,Fail,benchmark,1.0,0.03333333333333333
rcsb_local_pose_ensemble,1kzk,1kzk,1kzk_pose_016,data/local_set/1kzk/poses/1kzk_pose_016.sdf,97.95302133520238,lower_better,0.8461538461538461,rcsb_local_pose_ensemble,uncalibrated,0.8461538461538461,complete,her2-pose-v1,15,,0.9534690219295412,110.69227291748842,8.033546091716241,0.11069849977485582,Review,benchmark,1.0,0.03333333333333333
rcsb_local_pose_ensemble,1kzk,1kzk,1kzk_pose_017,data/local_set/1kzk/poses/1kzk_pose_017.sdf,118.84871713136504,lower_better,0.8461538461538461,rcsb_local_pose_ensemble,uncalibrated,0.8461538461538461,complete,her2-pose-v1,112,,0.9408116888812336,110.69227291748842,8.033546091716241,0.11069849977485582,Fail,benchmark,1.0,0.03333333333333333
rcsb_local_pose_ensemble,1kzk,1kzk,1kzk_pose_018,data/local_set/1kzk/poses/1kzk_pose_018.sdf,102.6322063393034,lower_better,0.8461538461538461,rcsb_local_pose_ensemble,uncalibrated,0.8461538461538461,complete,her2-pose-v1,79,,0.8911527141797422,110.69227291748842,8.033546091716241,0.11069849977485582,Fail,benchmark,1.0,0.03333333333333333
rcsb_local_pose_ensemble,1kzk,1kzk,1kzk_pose_019,data/local_set/1kzk/poses/1kzk_pose_019.sdf,118.86243040652217,lower_better,0.8461538461538461,rcsb_local_pose_ensemble,uncalibrated,0.8461538461538461,complete,her2-pose-v1,77,,0.9407736354518768,110.69227291748842,8.033546091716241,0.11069849977485582,Fail,benchmark,1.0,0.03333333333333333
rcsb_local_pose_ensemble,1kzk,1kzk,1kzk_pose_020,data/local_set/1kzk/poses/1kzk_pose_020.sdf,104.64601225554718,lower_better,0.8461538461538461,rcsb_local_pose_ensemble,uncalibrated,0.8461538461538461,complete,her2-pose-v1,57,,0.9354812524477868,110.69227291748842,8.033546091716241,0.11069849977485582,Fail,benchmark,1.0,0.03333333333333333
rcsb_local_pose_ensemble,1kzk,1kzk,1kzk_pose_021,data/local_set/1kzk/poses/1kzk_pose_021.sdf,114.09864235710388,lower_better,0.8461538461538461,rcsb_local_pose_ensemble,uncalibrated,0.8461538461538461,complete,her2-pose-v1,54,,0.9407585684838248,110.69227291748842,8.033546091716241,0.11069849977485582,Fail,benchmark,1.0,0.03333333333333333
rcsb_local_pose_ensemble,1kzk,1kzk,1kzk_pose_022,data/local_set/1kzk/poses/1kzk_pose_022.sdf,100.8713726653171,lower_better,0.8461538461538461,rcsb_local_pose_ensemble,uncalibrated,0.8461538461538461,complete,her2-pose-v1,68,,0.9252288910760588,110.69227291748842,8.033546091716241,0.11069849977485582,Fail,benchmark,1.0,0.03333333333333333
rcsb_local_pose_ensemble,1kzk,1kzk,1kzk_pose_023,data/local_set/1kzk/poses/1kzk_pose_023.sdf,114.12759020021304,lower_better,0.8461538461538461,rcsb_local_pose_ensemble,uncalibrated,0.8461538461538461,complete,her2-pose-v1,52,,0.9407614352515083,110.69227291748842,8.033546091716241,0.11069849977485582,Fail,benchmark,1.0,0.03333333333333333
rcsb_local_pose_ensemble,1kzk,1kzk,1kzk_pose_024,data/local_set/1kzk/poses/1kzk_pose_024.sdf,100.50808184225988,lower_better,0.8461538461538461,rcsb_local_pose_ensemble,uncalibrated,0.8461538461538461,complete,her2-pose-v1,34,,0.9393019300258112,110.69227291748842,8.033546091716241,0.11069849977485582,Fail,benchmark,1.0,0.03333333333333333
rcsb_local_pose_ensemble,1kzk,1kzk,1kzk_pose_025,data/local_set/1kzk/poses/1kzk_pose_025.sdf,114.07693112816143,lower_better,0.8461538461538461,rcsb_local_pose_ensemble,uncalibrated,0.8461538461538461,complete,her2-pose-v1,114,,0.9407595461212476,110.69227291748842,8.033546091716241,0.11069849977485582,Fail,benchmark,1.0,0.03333333333333333
rcsb_local_pose_ensemble,1kzk,1kzk,1kzk_pose_026,data/local_set/1kzk/poses/1kzk_pose_026.sdf,126.18509988699574,lower_better,0.8461538461538461,rcsb_local_pose_ensemble,uncalibrated,0.8461538461538461,complete,her2-pose-v1,118,,0.9701772155737224,110.69227291748842,8.033546091716241,0.11069849977485582,Fail,benchmark,1.0,0.03333333333333333
rcsb_local_pose_ensemble,1kzk,1kzk,1kzk_pose_027,data/local_set/1kzk/poses/1kzk_pose_027.sdf,114.08403614476003,lower_better,0.8461538461538461,rcsb_local_pose_ensemble,uncalibrated,0.8461538461538461,complete,her2-pose-v1,34,,0.9407653842081132,110.69227291748842,8.033546091716241,0.11069849977485582,Fail,benchmark,1.0,0.03333333333333333
rcsb_local_pose_ensemble,1kzk,1kzk,1kzk_pose_028,data/local_set/1kzk/poses/1kzk_pose_028.sdf,125.84530316857617,lower_better,0.8461538461538461,rcsb_local_pose_ensemble,uncalibrated,0.8461538461538461,complete,her2-pose-v1,55,,0.9120280331672608,110.69227291748842,8.033546091716241,0.11069849977485582,Fail,benchmark,1.0,0.03333333333333333
rcsb_local_pose_ensemble,1kzk,1kzk,1kzk_pose_029,data/local_set/1kzk/poses/1kzk_pose_029.sdf,114.08923779879608,lower_better,0.8461538461538461,rcsb_local_pose_ensemble,uncalibrated,0.8461538461538461,complete,her2-pose-v1,55,,0.9407537829591768,110.69227291748842,8.033546091716241,0.11069849977485582,Review,benchmark,1.0,0.03333333333333333
rcsb_local_pose_ensemble,1l2s,1l2s,1l2s_pose_000,data/local_set/1l2s/poses/1l2s_pose_000.sdf,129.17399085193242,lower_better,1.0,rcsb_local_pose_ensemble,uncalibrated,1.0,complete,her2-pose-v1,0,,0.9075341051831473,110.54305116320035,20.311782962427028,0.04692239977119765,Pass,benchmark,1.0,0.1
rcsb_local_pose_ensemble,1l2s,1l2s,1l2s_pose_001,data/local_set/1l2s/poses/1l2s_pose_001.sdf,129.18027532525895,lower_better,0.8461538461538461,rcsb_local_pose_ensemble,uncalibrated,0.8461538461538461,complete,her2-pose-v1,14,,0.9075254093401224,110.54305116320035,20.311782962427028,0.04692239977119765,Review,benchmark,1.0,0.1
rcsb_local_pose_ensemble,1l2s,1l2s,1l2s_pose_002,data/local_set/1l2s/poses/1l2s_pose_002.sdf,91.01846059634411,lower_better,0.9230769230769231,rcsb_local_pose_ensemble,uncalibrated,0.9230769230769231,complete,her2-pose-v1,2,,0.941320771617586,110.54305116320035,20.311782962427028,0.04692239977119765,Review,benchmark,1.0,0.1
rcsb_local_pose_ensemble,1l2s,1l2s,1l2s_pose_003,data/local_set/1l2s/poses/1l2s_pose_003.sdf,129.18824596564718,lower_better,0.8461538461538461,rcsb_local_pose_ensemble,uncalibrated,0.8461538461538461,complete,her2-pose-v1,7,,0.9075130535301535,110.54305116320035,20.311782962427028,0.04692239977119765,Review,benchmark,1.0,0.1
rcsb_local_pose_ensemble,1l2s,1l2s,1l2s_pose_004,data/local_set/1l2s/poses/1l2s_pose_004.sdf,88.58971361568011,lower_better,0.8461538461538461,rcsb_local_pose_ensemble,uncalibrated,0.8461538461538461,complete,her2-pose-v1,21,,0.9436229115970728,110.54305116320035,20.311782962427028,0.04692239977119765,Review,benchmark,1.0,0.1
rcsb_local_pose_ensemble,1l2s,1l2s,1l2s_pose_005,data/local_set/1l2s/poses/1l2s_pose_005.sdf,129.17386570762824,lower_better,0.9230769230769231,rcsb_local_pose_ensemble,uncalibrated,0.9230769230769231,complete,her2-pose-v1,3,,0.907533930174526,110.54305116320035,20.311782962427028,0.04692239977119765,Fail,benchmark,1.0,0.1
rcsb_local_pose_ensemble,1l2s,1l2s,1l2s_pose_006,data/local_set/1l2s/poses/1l2s_pose_006.sdf,88.5957162024435,lower_better,0.8461538461538461,rcsb_local_pose_ensemble,uncalibrated,0.8461538461538461,complete,her2-pose-v1,10,,0.9436331492083656,110.54305116320035,20.311782962427028,0.04692239977119765,Fail,benchmark,1.0,0.1
rcsb_local_pose_ensemble,1l2s,1l2s,1l2s_pose_007,data/local_set/1l2s/poses/1l2s_pose_007.sdf,129.19028696205206,lower_better,0.9230769230769231,rcsb_local_pose_ensemble,uncalibrated,0.9230769230769231,complete,her2-pose-v1,3,,0.9075322003678714,110.54305116320035,20.311782962427028,0.04692239977119765,Pass,benchmark,1.0,0.1
rcsb_local_pose_ensemble,1l2s,1l2s,1l2s_pose_008,data/local_set/1l2s/poses/1l2s_pose_008.sdf,91.02171062765288,lower_better,0.8461538461538461,rcsb_local_pose_ensemble,uncalibrated,0.8461538461538461,complete,her2-pose-v1,10,,0.9413127542873024,110.54305116320035,20.311782962427028,0.04692239977119765,Review,benchmark,1.0,0.1
rcsb_local_pose_ensemble,1l2s,1l2s,1l2s_pose_009,data/local_set/1l2s/poses/1l2s_pose_009.sdf,129.1656725873131,lower_better,0.8461538461538461,rcsb_local_pose_ensemble,uncalibrated,0.8461538461538461,complete,her2-pose-v1,29,,0.9075328143711024,110.54305116320035,20.311782962427028,0.04692239977119765,Fail,benchmark,1.0,0.1
rcsb_local_pose_ensemble,1l2s,1l2s,1l2s_pose_010,data/local_set/1l2s/poses/1l2s_pose_010.sdf,87.01065887070175,lower_better,0.8461538461538461,rcsb_local_pose_ensemble,uncalibrated,0.8461538461538461,complete,her2-pose-v1,6,,0.9241641914839394,110.54305116320035,20.311782962427028,0.04692239977119765,Review,benchmark,1.0,0.1
rcsb_local_pose_ensemble,1l2s,1l2s,1l2s_pose_011,data/local_set/1l2s/poses/1l2s_pose_011.sdf,129.18699928593125,lower_better,1.0,rcsb_local_pose_ensemble,uncalibrated,1.0,complete,her2-pose-v1,0,,0.9075340430305568,110.54305116320035,20.311782962427028,0.04692239977119765,Pass,benchmark,1.0,0.1
rcsb_local_pose_ensemble,1l2s,1l2s,1l2s_pose_012,data/local_set/1l2s/poses/1l2s_pose_012.sdf,85.28851308286896,lower_better,0.8461538461538461,rcsb_local_pose_ensemble,uncalibrated,0.8461538461538461,complete,her2-pose-v1,46,,0.9209460771402268,110.54305116320035,20.311782962427028,0.04692239977119765,Fail,benchmark,1.0,0.1
rcsb_local_pose_ensemble,1l2s,1l2s,1l2s_pose_013,data/local_set/1l2s/poses/1l2s_pose_013.sdf,129.18256714559638,lower_better,0.8461538461538461,rcsb_local_pose_ensemble,uncalibrated,0.8461538461538461,complete,her2-pose-v1,10,,0.9075181943081452,110.54305116320035,20.311782962427028,0.04692239977119765,Review,benchmark,1.0,0.1
rcsb_local_pose_ensemble,1l2s,1l2s,1l2s_pose_014,data/local_set/1l2s/poses/1l2s_pose_014.sdf,87.01084541707644,lower_better,0.8461538461538461,rcsb_local_pose_ensemble,uncalibrated,0.8461538461538461,complete,her2-pose-v1,20,,0.924153097559906,110.54305116320035,20.311782962427028,0.04692239977119765,Review,benchmark,1.0,0.1
rcsb_local_pose_ensemble,1l2s,1l2s,1l2s_pose_015,data/local_set/1l2s/poses/1l2s_pose_015.sdf,129.16143126199697,lower_better,0.8461538461538461,rcsb_local_pose_ensemble,uncalibrated,0.8461538461538461,complete,her2-pose-v1,13,,0.9075267063780093,110.54305116320035,20.311782962427028,0.04692239977119765,Fail,benchmark,1.0,0.1
rcsb_local_pose_ensemble,1l2s,1l2s,1l2s_pose_016,data/local_set/1l2s/poses/1l2s_pose_016.sdf,91.02343322585727,lower_better,0.9230769230769231,rcsb_local_pose_ensemble,uncalibrated,0.9230769230769231,complete,her2-pose-v1,6,,0.9413138131627083,110.54305116320035,20.311782962427028,0.04692239977119765,Fail,benchmark,1.0,0.1
rcsb_local_pose_ensemble,1l2s,1l2s,1l2s_pose_017,data/local_set/1l2s/poses/1l2s_pose_017.sdf,129.1721296591392,lower_better,0.8461538461538461,rcsb_local_pose_ensemble,uncalibrated,0.8461538461538461,complete,her2-pose-v1,12,,0.9075394375324526,110.54305116320035,20.311782962427028,0.04692239977119765,Fail,benchmark,1.0,0.1
rcsb_local_pose_ensemble,1l2s,1l2s,1l2s_pose_018,data/local_set/1l2s/poses/1l2s_pose_018.sdf,87.00647890479554,lower_better,0.8461538461538461,rcsb_local_pose_ensemble,uncalibrated,0.8461538461538461,complete,her2-pose-v1,9,,0.9241524135161888,110.54305116320035,20.311782962427028,0.04692239977119765,Review,benchmark,1.0,0.1
rcsb_local_pose_ensemble,1l2s,1l2s,1l2s_pose_019,data/local_set/1l2s/poses/1l2s_pose_019.sdf,129.19669746160983,lower_better,0.8461538461538461,rcsb_local_pose_ensemble,uncalibrated,0.8461538461538461,complete,her2-pose-v1,31,,0.90752955069546,110.54305116320035,20.311782962427028,0.04692239977119765,Fail,benchmark,1.0,0.1
rcsb_local_pose_ensemble,1l2s,1l2s,1l2s_pose_020,data/local_set/1l2s/poses/1l2s_pose_020.sdf,92.88172506821256,lower_better,0.8461538461538461,rcsb_local_pose_ensemble,uncalibrated,0.8461538461538461,complete,her2-pose-v1,33,,0.9427443646296388,110.54305116320035,20.311782962427028,0.04692239977119765,Fail,benchmark,1.0,0.1
rcsb_local_pose_ensemble,1l2s,1l2s,1l2s_pose_021,data/local_set/1l2s/poses/1l2s_pose_021.sdf,129.17942769397115,lower_better,1.0,rcsb_local_pose_ensemble,uncalibrated,1.0,complete,her2-pose-v1,0,,0.9075342114967788,110.54305116320035,20.311782962427028,0.04692239977119765,Pass,benchmark,1.0,0.1
rcsb_local_pose_ensemble,1l2s,1l2s,1l2s_pose_022,data/local_set/1l2s/poses/1l2s_pose_022.sdf,88.58949722434956,lower_better,0.8461538461538461,rcsb_local_pose_ensemble,uncalibrated,0.8461538461538461,complete,her2-pose-v1,13,,0.9436145388907614,110.54305116320035,20.311782962427028,0.04692239977119765,Review,benchmark,1.0,0.1
rcsb_local_pose_ensemble,1l2s,1l2s,1l2s_pose_023,data/local_set/1l2s/poses/1l2s_pose_023.sdf,129.18060799732996,lower_better,0.9230769230769231,rcsb_local_pose_ensemble,uncalibrated,0.9230769230769231,complete,her2-pose-v1,4,,0.9075409792333972,110.54305116320035,20.311782962427028,0.04692239977119765,Review,benchmark,1.0,0.1
rcsb_local_pose_ensemble,1l2s,1l2s,1l2s_pose_024,data/local_set/1l2s/poses/1l2s_pose_024.sdf,91.02920080890384,lower_better,0.8461538461538461,rcsb_local_pose_ensemble,uncalibrated,0.8461538461538461,complete,her2-pose-v1,17,,0.9413213077881484,110.54305116320035,20.311782962427028,0.04692239977119765,Review,benchmark,1.0,0.1
rcsb_local_pose_ensemble,1l2s,1l2s,1l2s_pose_025,data/local_set/1l2s/poses/1l2s_pose_025.sdf,129.1739318950721,lower_better,0.8461538461538461,rcsb_local_pose_ensemble,uncalibrated,0.8461538461538461,complete,her2-pose-v1,24,,0.9075223461643476,110.54305116320035,20.311782962427028,0.04692239977119765,Fail,benchmark,1.0,0.1
rcsb_local_pose_ensemble,1l2s,1l2s,1l2s_pose_026,data/local_set/1l2s/poses/1l2s_pose_026.sdf,91.02853882355784,lower_better,0.8461538461538461,rcsb_local_pose_ensemble,uncalibrated,0.8461538461538461,complete,her2-pose-v1,23,,0.941312878365553,110.54305116320035,20.311782962427028,0.04692239977119765,Fail,benchmark,1.0,0.1
rcsb_local_pose_ensemble,1l2s,1l2s,1l2s_pose_027,data/local_set/1l2s/poses/1l2s_pose_027.sdf,129.15507493867395,lower_better,0.8461538461538461,rcsb_local_pose_ensemble,uncalibrated,0.8461538461538461,complete,her2-pose-v1,36,,0.9075448719103152,110.54305116320035,20.311782962427028,0.04692239977119765,Fail,benchmark,1.0,0.1
rcsb_local_pose_ensemble,1l2s,1l2s,1l2s_pose_028,data/local_set/1l2s/poses/1l2s_pose_028.sdf,89.38186325322268,lower_better,0.8461538461538461,rcsb_local_pose_ensemble,uncalibrated,0.8461538461538461,complete,her2-pose-v1,9,,0.9274206881421264,110.54305116320035,20.311782962427028,0.04692239977119765,Review,benchmark,1.0,0.1
rcsb_local_pose_ensemble,1l2s,1l2s,1l2s_pose_029,data/local_set/1l2s/poses/1l2s_pose_029.sdf,129.15397443519092,lower_better,0.8461538461538461,rcsb_local_pose_ensemble,uncalibrated,0.8461538461538461,complete,her2-pose-v1,10,,0.9075317986649466,110.54305116320035,20.311782962427028,0.04692239977119765,Review,benchmark,1.0,0.1
rcsb_local_pose_ensemble,1l7f,1l7f,1l7f_pose_000,data/local_set/1l7f/poses/1l7f_pose_000.sdf,350.9443310864016,lower_better,1.0,rcsb_local_pose_ensemble,uncalibrated,1.0,complete,her2-pose-v1,0,,0.9995857273378688,229.2328940890403,129.0908006377079,0.007686938623622719,Pass,benchmark,1.0,0.13333333333333333
rcsb_local_pose_ensemble,1l7f,1l7f,1l7f_pose_001,data/local_set/1l7f/poses/1l7f_pose_001.sdf,347.8164738839608,lower_better,0.8461538461538461,rcsb_local_pose_ensemble,uncalibrated,0.8461538461538461,complete,her2-pose-v1,14,,0.9995943701543584,229.2328940890403,129.0908006377079,0.007686938623622719,Fail,benchmark,1.0,0.13333333333333333
rcsb_local_pose_ensemble,1l7f,1l7f,1l7f_pose_002,data/local_set/1l7f/poses/1l7f_pose_002.sdf,94.22982996163404,lower_better,0.8461538461538461,rcsb_local_pose_ensemble,uncalibrated,0.8461538461538461,complete,her2-pose-v1,14,,0.8999259682325661,229.2328940890403,129.0908006377079,0.007686938623622719,Fail,benchmark,1.0,0.13333333333333333
rcsb_local_pose_ensemble,1l7f,1l7f,1l7f_pose_003,data/local_set/1l7f/poses/1l7f_pose_003.sdf,347.81920204144257,lower_better,0.9230769230769231,rcsb_local_pose_ensemble,uncalibrated,0.9230769230769231,complete,her2-pose-v1,4,,0.999609398196084,229.2328940890403,129.0908006377079,0.007686938623622719,Pass,benchmark,1.0,0.13333333333333333
rcsb_local_pose_ensemble,1l7f,1l7f,1l7f_pose_004,data/local_set/1l7f/poses/1l7f_pose_004.sdf,95.40267446761986,lower_better,0.9230769230769231,rcsb_local_pose_ensemble,uncalibrated,0.9230769230769231,complete,her2-pose-v1,5,,0.9173336032470416,229.2328940890403,129.0908006377079,0.007686938623622719,Review,benchmark,1.0,0.13333333333333333
rcsb_local_pose_ensemble,1l7f,1l7f,1l7f_pose_005,data/local_set/1l7f/poses/1l7f_pose_005.sdf,347.79345622684207,lower_better,0.8461538461538461,rcsb_local_pose_ensemble,uncalibrated,0.8461538461538461,complete,her2-pose-v1,12,,0.9995708711595136,229.2328940890403,129.0908006377079,0.007686938623622719,Fail,benchmark,1.0,0.13333333333333333
rcsb_local_pose_ensemble,1l7f,1l7f,1l7f_pose_006,data/local_set/1l7f/poses/1l7f_pose_006.sdf,94.91581248681186,lower_better,0.8461538461538461,rcsb_local_pose_ensemble,uncalibrated,0.8461538461538461,complete,her2-pose-v1,19,,1.0,229.2328940890403,129.0908006377079,0.007686938623622719,Review,benchmark,1.0,0.13333333333333333
rcsb_local_pose_ensemble,1l7f,1l7f,1l7f_pose_007,data/local_set/1l7f/poses/1l7f_pose_007.sdf,350.91873482044855,lower_better,0.9230769230769231,rcsb_local_pose_ensemble,uncalibrated,0.9230769230769231,complete,her2-pose-v1,2,,0.9995982103725128,229.2328940890403,129.0908006377079,0.007686938623622719,Pass,benchmark,1.0,0.13333333333333333
rcsb_local_pose_ensemble,1l7f,1l7f,1l7f_pose_008,data/local_set/1l7f/poses/1l7f_pose_008.sdf,99.63610757349817,lower_better,0.8461538461538461,rcsb_local_pose_ensemble,uncalibrated,0.8461538461538461,complete,her2-pose-v1,12,,1.0,229.2328940890403,129.0908006377079,0.007686938623622719,Fail,benchmark,1.0,0.13333333333333333
rcsb_local_pose_ensemble,1l7f,1l7f,1l7f_pose_009,data/local_set/1l7f/poses/1l7f_pose_009.sdf,350.92897338294165,lower_better,0.9230769230769231,rcsb_local_pose_ensemble,uncalibrated,0.9230769230769231,complete,her2-pose-v1,6,,0.999598675524696,229.2328940890403,129.0908006377079,0.007686938623622719,Pass,benchmark,1.0,0.13333333333333333
rcsb_local_pose_ensemble,1l7f,1l7f,1l7f_pose_010,data/local_set/1l7f/poses/1l7f_pose_010.sdf,93.93662074115154,lower_better,0.8461538461538461,rcsb_local_pose_ensemble,uncalibrated,0.8461538461538461,complete,her2-pose-v1,22,,1.0,229.2328940890403,129.0908006377079,0.007686938623622719,Fail,benchmark,1.0,0.13333333333333333
rcsb_local_pose_ensemble,1l7f,1l7f,1l7f_pose_011,data/local_set/1l7f/poses/1l7f_pose_011.sdf,344.1074872437259,lower_better,0.8461538461538461,rcsb_local_pose_ensemble,uncalibrated,0.8461538461538461,complete,her2-pose-v1,10,,0.9995695661003534,229.2328940890403,129.0908006377079,0.007686938623622719,Fail,benchmark,1.0,0.13333333333333333
rcsb_local_pose_ensemble,1l7f,1l7f,1l7f_pose_012,data/local_set/1l7f/poses/1l7f_pose_012.sdf,99.36110563195795,lower_better,0.8461538461538461,rcsb_local_pose_ensemble,uncalibrated,0.8461538461538461,complete,her2-pose-v1,10,,1.0,229.2328940890403,129.0908006377079,0.007686938623622719,Review,benchmark,1.0,0.13333333333333333
rcsb_local_pose_ensemble,1l7f,1l7f,1l7f_pose_013,data/local_set/1l7f/poses/1l7f_pose_013.sdf,343.9067572740511,lower_better,0.8461538461538461,rcsb_local_pose_ensemble,uncalibrated,0.8461538461538461,complete,her2-pose-v1,12,,0.999595061178364,229.2328940890403,129.0908006377079,0.007686938623622719,Fail,benchmark,1.0,0.13333333333333333
rcsb_local_pose_ensemble,1l7f,1l7f,1l7f_pose_014,data/local_set/1l7f/poses/1l7f_pose_014.sdf,89.55041855481969,lower_better,0.8461538461538461,rcsb_local_pose_ensemble,uncalibrated,0.8461538461538461,complete,her2-pose-v1,22,,1.0,229.2328940890403,129.0908006377079,0.007686938623622719,Fail,benchmark,1.0,0.13333333333333333
rcsb_local_pose_ensemble,1l7f,1l7f,1l7f_pose_015,data/local_set/1l7f/poses/1l7f_pose_015.sdf,350.9472001321294,lower_better,1.0,rcsb_local_pose_ensemble,uncalibrated,1.0,complete,her2-pose-v1,0,,0.9995805266404276,229.2328940890403,129.0908006377079,0.007686938623622719,Pass,benchmark,1.0,0.13333333333333333
rcsb_local_pose_ensemble,1l7f,1l7f,1l7f_pose_016,data/local_set/1l7f/poses/1l7f_pose_016.sdf,100.85691354197704,lower_better,0.8461538461538461,rcsb_local_pose_ensemble,uncalibrated,0.8461538461538461,complete,her2-pose-v1,24,,1.0,229.2328940890403,129.0908006377079,0.007686938623622719,Review,benchmark,1.0,0.13333333333333333
rcsb_local_pose_ensemble,1l7f,1l7f,1l7f_pose_017,data/local_set/1l7f/poses/1l7f_pose_017.sdf,347.81597270806225,lower_better,1.0,rcsb_local_pose_ensemble,uncalibrated,1.0,complete,her2-pose-v1,0,,0.9995907968992476,229.2328940890403,129.0908006377079,0.007686938623622719,Pass,benchmark,1.0,0.13333333333333333
rcsb_local_pose_ensemble,1l7f,1l7f,1l7f_pose_018,data/local_set/1l7f/poses/1l7f_pose_018.sdf,88.05465905612418,lower_better,0.8461538461538461,rcsb_local_pose_ensemble,uncalibrated,0.8461538461538461,complete,her2-pose-v1,10,,1.0,229.2328940890403,129.0908006377079,0.007686938623622719,Review,benchmark,1.0,0.13333333333333333
rcsb_local_pose_ensemble,1l7f,1l7f,1l7f_pose_019,data/local_set/1l7f/poses/1l7f_pose_019.sdf,350.95057760084734,lower_better,0.8461538461538461,rcsb_local_pose_ensemble,uncalibrated,0.8461538461538461,complete,her2-pose-v1,32,,0.9995879903835526,229.2328940890403,129.0908006377079,0.007686938623622719,Fail,benchmark,1.0,0.13333333333333333
rcsb_local_pose_ensemble,1l7f,1l7f,1l7f_pose_020,data/local_set/1l7f/poses/1l7f_pose_020.sdf,81.65730940773233,lower_better,0.8461538461538461,rcsb_local_pose_ensemble,uncalibrated,0.8461538461538461,complete,her2-pose-v1,9,,1.0,229.2328940890403,129.0908006377079,0.007686938623622719,Fail,benchmark,1.0,0.13333333333333333
rcsb_local_pose_ensemble,1l7f,1l7f,1l7f_pose_021,data/local_set/1l7f/poses/1l7f_pose_021.sdf,347.80872716496555,lower_better,0.8461538461538461,rcsb_local_pose_ensemble,uncalibrated,0.8461538461538461,complete,her2-pose-v1,11,,0.999579868059456,229.2328940890403,129.0908006377079,0.007686938623622719,Review,benchmark,1.0,0.13333333333333333
rcsb_local_pose_ensemble,1l7f,1l7f,1l7f_pose_022,data/local_set/1l7f/poses/1l7f_pose_022.sdf,87.92358296212466,lower_better,0.8461538461538461,rcsb_local_pose_ensemble,uncalibrated,0.8461538461538461,complete,her2-pose-v1,31,,1.0,229.2328940890403,129.0908006377079,0.007686938623622719,Fail,benchmark,1.0,0.13333333333333333
rcsb_local_pose_ensemble,1l7f,1l7f,1l7f_pose_023,data/local_set/1l7f/poses/1l7f_pose_023.sdf,343.88785932894496,lower_better,0.8461538461538461,rcsb_local_pose_ensemble,uncalibrated,0.8461538461538461,complete,her2-pose-v1,11,,0.9995676496161576,229.2328940890403,129.0908006377079,0.007686938623622719,Fail,benchmark,1.0,0.13333333333333333
rcsb_local_pose_ensemble,1l7f,1l7f,1l7f_pose_024,data/local_set/1l7f/poses/1l7f_pose_024.sdf,84.5689337180827,lower_better,0.8461538461538461,rcsb_local_pose_ensemble,uncalibrated,0.8461538461538461,complete,her2-pose-v1,26,,1.0,229.2328940890403,129.0908006377079,0.007686938623622719,Fail,benchmark,1.0,0.13333333333333333
rcsb_local_pose_ensemble,1l7f,1l7f,1l7f_pose_025,data/local_set/1l7f/poses/1l7f_pose_025.sdf,347.855952973153,lower_better,0.8461538461538461,rcsb_local_pose_ensemble,uncalibrated,0.8461538461538461,complete,her2-pose-v1,7,,0.9995825153619378,229.2328940890403,129.0908006377079,0.007686938623622719,Review,benchmark,1.0,0.13333333333333333
rcsb_local_pose_ensemble,1l7f,1l7f,1l7f_pose_026,data/local_set/1l7f/poses/1l7f_pose_026.sdf,106.69925937551383,lower_better,0.8461538461538461,rcsb_local_pose_ensemble,uncalibrated,0.8461538461538461,complete,her2-pose-v1,9,,1.0,229.2328940890403,129.0908006377079,0.007686938623622719,Fail,benchmark,1.0,0.13333333333333333
rcsb_local_pose_ensemble,1l7f,1l7f,1l7f_pose_027,data/local_set/1l7f/poses/1l7f_pose_027.sdf,341.3960065534143,lower_better,0.9230769230769231,rcsb_local_pose_ensemble,uncalibrated,0.9230769230769231,complete,her2-pose-v1,3,,0.9995981117169518,229.2328940890403,129.0908006377079,0.007686938623622719,Pass,benchmark,1.0,0.13333333333333333
rcsb_local_pose_ensemble,1l7f,1l7f,1l7f_pose_028,data/local_set/1l7f/poses/1l7f_pose_028.sdf,94.35677738169797,lower_better,0.8461538461538461,rcsb_local_pose_ensemble,uncalibrated,0.8461538461538461,complete,her2-pose-v1,25,,0.9486220450361372,229.2328940890403,129.0908006377079,0.007686938623622719,Fail,benchmark,1.0,0.13333333333333333
rcsb_local_pose_ensemble,1l7f,1l7f,1l7f_pose_029,data/local_set/1l7f/poses/1l7f_pose_029.sdf,350.9391053891321,lower_better,1.0,rcsb_local_pose_ensemble,uncalibrated,1.0,complete,her2-pose-v1,0,,0.9995980100324828,229.2328940890403,129.0908006377079,0.007686938623622719,Pass,benchmark,1.0,0.13333333333333333
rcsb_local_pose_ensemble,1lpz,1lpz,1lpz_pose_000,data/local_set/1lpz/poses/1lpz_pose_000.sdf,872.0507048426521,lower_better,0.9230769230769231,rcsb_local_pose_ensemble,uncalibrated,0.9230769230769231,complete,her2-pose-v1,0,,1.0,518.3628576012467,388.2137482983925,0.002569282314337328,Pass,benchmark,1.0,0.0
rcsb_local_pose_ensemble,1lpz,1lpz,1lpz_pose_001,data/local_set/1lpz/poses/1lpz_pose_001.sdf,872.048534855285,lower_better,0.9230769230769231,rcsb_local_pose_ensemble,uncalibrated,0.9230769230769231,complete,her2-pose-v1,0,,1.0,518.3628576012467,388.2137482983925,0.002569282314337328,Pass,benchmark,1.0,0.0
rcsb_local_pose_ensemble,1lpz,1lpz,1lpz_pose_002,data/local_set/1lpz/poses/1lpz_pose_002.sdf,126.80959645254876,lower_better,0.8461538461538461,rcsb_local_pose_ensemble,uncalibrated,0.8461538461538461,complete,her2-pose-v1,72,,1.0,518.3628576012467,388.2137482983925,0.002569282314337328,Fail,benchmark,1.0,0.0
rcsb_local_pose_ensemble,1lpz,1lpz,1lpz_pose_003,data/local_set/1lpz/poses/1lpz_pose_003.sdf,872.0826698378041,lower_better,0.7692307692307693,rcsb_local_pose_ensemble,uncalibrated,0.7692307692307693,complete,her2-pose-v1,34,,1.0,518.3628576012467,388.2137482983925,0.002569282314337328,Fail,benchmark,1.0,0.0
rcsb_local_pose_ensemble,1lpz,1lpz,1lpz_pose_004,data/local_set/1lpz/poses/1lpz_pose_004.sdf,96.33548810291968,lower_better,0.8461538461538461,rcsb_local_pose_ensemble,uncalibrated,0.8461538461538461,complete,her2-pose-v1,56,,1.0,518.3628576012467,388.2137482983925,0.002569282314337328,Fail,benchmark,1.0,0.0
rcsb_local_pose_ensemble,1lpz,1lpz,1lpz_pose_005,data/local_set/1lpz/poses/1lpz_pose_005.sdf,877.0022677064876,lower_better,0.7692307692307693,rcsb_local_pose_ensemble,uncalibrated,0.7692307692307693,complete,her2-pose-v1,115,,1.0,518.3628576012467,388.2137482983925,0.002569282314337328,Fail,benchmark,1.0,0.0
rcsb_local_pose_ensemble,1lpz,1lpz,1lpz_pose_006,data/local_set/1lpz/poses/1lpz_pose_006.sdf,104.32817592939962,lower_better,0.8461538461538461,rcsb_local_pose_ensemble,uncalibrated,0.8461538461538461,complete,her2-pose-v1,52,,1.0,518.3628576012467,388.2137482983925,0.002569282314337328,Fail,benchmark,1.0,0.0
rcsb_local_pose_ensemble,1lpz,1lpz,1lpz_pose_007,data/local_set/1lpz/poses/1lpz_pose_007.sdf,872.0594404088835,lower_better,0.9230769230769231,rcsb_local_pose_ensemble,uncalibrated,0.9230769230769231,complete,her2-pose-v1,0,,1.0,518.3628576012467,388.2137482983925,0.002569282314337328,Pass,benchmark,1.0,0.0
rcsb_local_pose_ensemble,1lpz,1lpz,1lpz_pose_008,data/local_set/1lpz/poses/1lpz_pose_008.sdf,117.83165843144953,lower_better,0.8461538461538461,rcsb_local_pose_ensemble,uncalibrated,0.8461538461538461,complete,her2-pose-v1,36,,1.0,518.3628576012467,388.2137482983925,0.002569282314337328,Review,benchmark,1.0,0.0
rcsb_local_pose_ensemble,1lpz,1lpz,1lpz_pose_009,data/local_set/1lpz/poses/1lpz_pose_009.sdf,872.0355724404794,lower_better,0.8461538461538461,rcsb_local_pose_ensemble,uncalibrated,0.8461538461538461,complete,her2-pose-v1,2,,1.0,518.3628576012467,388.2137482983925,0.002569282314337328,Pass,benchmark,1.0,0.0
rcsb_local_pose_ensemble,1lpz,1lpz,1lpz_pose_010,data/local_set/1lpz/poses/1lpz_pose_010.sdf,115.8923351024992,lower_better,0.8461538461538461,rcsb_local_pose_ensemble,uncalibrated,0.8461538461538461,complete,her2-pose-v1,42,,1.0,518.3628576012467,388.2137482983925,0.002569282314337328,Fail,benchmark,1.0,0.0
rcsb_local_pose_ensemble,1lpz,1lpz,1lpz_pose_011,data/local_set/1lpz/poses/1lpz_pose_011.sdf,872.7375645296518,lower_better,0.7692307692307693,rcsb_local_pose_ensemble,uncalibrated,0.7692307692307693,complete,her2-pose-v1,48,,1.0,518.3628576012467,388.2137482983925,0.002569282314337328,Fail,benchmark,1.0,0.0
rcsb_local_pose_ensemble,1lpz,1lpz,1lpz_pose_012,data/local_set/1lpz/poses/1lpz_pose_012.sdf,108.08111475105464,lower_better,0.8461538461538461,rcsb_local_pose_ensemble,uncalibrated,0.8461538461538461,complete,her2-pose-v1,38,,1.0,518.3628576012467,388.2137482983925,0.002569282314337328,Fail,benchmark,1.0,0.0
rcsb_local_pose_ensemble,1lpz,1lpz,1lpz_pose_013,data/local_set/1lpz/poses/1lpz_pose_013.sdf,878.7175635398911,lower_better,0.7692307692307693,rcsb_local_pose_ensemble,uncalibrated,0.7692307692307693,complete,her2-pose-v1,40,,1.0,518.3628576012467,388.2137482983925,0.002569282314337328,Review,benchmark,1.0,0.0
rcsb_local_pose_ensemble,1lpz,1lpz,1lpz_pose_014,data/local_set/1lpz/poses/1lpz_pose_014.sdf,99.23162777175456,lower_better,0.8461538461538461,rcsb_local_pose_ensemble,uncalibrated,0.8461538461538461,complete,her2-pose-v1,23,,1.0,518.3628576012467,388.2137482983925,0.002569282314337328,Review,benchmark,1.0,0.0
rcsb_local_pose_ensemble,1lpz,1lpz,1lpz_pose_015,data/local_set/1lpz/poses/1lpz_pose_015.sdf,878.7322127421896,lower_better,0.7692307692307693,rcsb_local_pose_ensemble,uncalibrated,0.7692307692307693,complete,her2-pose-v1,25,,1.0,518.3628576012467,388.2137482983925,0.002569282314337328,Pass,benchmark,1.0,0.0
rcsb_local_pose_ensemble,1lpz,1lpz,1lpz_pose_016,data/local_set/1lpz/poses/1lpz_pose_016.sdf,126.7505797413786,lower_better,0.8461538461538461,rcsb_local_pose_ensemble,uncalibrated,0.8461538461538461,complete,her2-pose-v1,45,,1.0,518.3628576012467,388.2137482983925,0.002569282314337328,Review,benchmark,1.0,0.0
rcsb_local_pose_ensemble,1lpz,1lpz,1lpz_pose_017,data/local_set/1lpz/poses/1lpz_pose_017.sdf,878.7639001058072,lower_better,0.7692307692307693,rcsb_local_pose_ensemble,uncalibrated,0.7692307692307693,complete,her2-pose-v1,54,,1.0,518.3628576012467,388.2137482983925,0.002569282314337328,Fail,benchmark,1.0,0.0
rcsb_local_pose_ensemble,1lpz,1lpz,1lpz_pose_018,data/local_set/1lpz/poses/1lpz_pose_018.sdf,107.22702501164726,lower_better,0.8461538461538461,rcsb_local_pose_ensemble,uncalibrated,0.8461538461538461,complete,her2-pose-v1,41,,1.0,518.3628576012467,388.2137482983925,0.002569282314337328,Fail,benchmark,1.0,0.0
rcsb_local_pose_ensemble,1lpz,1lpz,1lpz_pose_019,data/local_set/1lpz/poses/1lpz_pose_019.sdf,878.7403909200463,lower_better,0.7692307692307693,rcsb_local_pose_ensemble,uncalibrated,0.7692307692307693,complete,her2-pose-v1,22,,1.0,518.3628576012467,388.2137482983925,0.002569282314337328,Review,benchmark,1.0,0.0
rcsb_local_pose_ensemble,1lpz,1lpz,1lpz_pose_020,data/local_set/1lpz/poses/1lpz_pose_020.sdf,111.11018130370697,lower_better,0.8461538461538461,rcsb_local_pose_ensemble,uncalibrated,0.8461538461538461,complete,her2-pose-v1,63,,1.0,518.3628576012467,388.2137482983925,0.002569282314337328,Fail,benchmark,1.0,0.0
rcsb_local_pose_ensemble,1lpz,1lpz,1lpz_pose_021,data/local_set/1lpz/poses/1lpz_pose_021.sdf,878.706108817778,lower_better,0.7692307692307693,rcsb_local_pose_ensemble,uncalibrated,0.7692307692307693,complete,her2-pose-v1,36,,1.0,518.3628576012467,388.2137482983925,0.002569282314337328,Fail,benchmark,1.0,0.0
rcsb_local_pose_ensemble,1lpz,1lpz,1lpz_pose_022,data/local_set/1lpz/poses/1lpz_pose_022.sdf,111.13209309418988,lower_better,0.8461538461538461,rcsb_local_pose_ensemble,uncalibrated,0.8461538461538461,complete,her2-pose-v1,17,,1.0,518.3628576012467,388.2137482983925,0.002569282314337328,Review,benchmark,1.0,0.0
rcsb_local_pose_ensemble,1lpz,1lpz,1lpz_pose_023,data/local_set/1lpz/poses/1lpz_pose_023.sdf,878.7363902257221,lower_better,0.7692307692307693,rcsb_local_pose_ensemble,uncalibrated,0.7692307692307693,complete,her2-pose-v1,38,,1.0,518.3628576012467,388.2137482983925,0.002569282314337328,Review,benchmark,1.0,0.0
rcsb_local_pose_ensemble,1lpz,1lpz,1lpz_pose_024,data/local_set/1lpz/poses/1lpz_pose_024.sdf,121.77350332867763,lower_better,0.8461538461538461,rcsb_local_pose_ensemble,uncalibrated,0.8461538461538461,complete,her2-pose-v1,53,,1.0,518.3628576012467,388.2137482983925,0.002569282314337328,Fail,benchmark,1.0,0.0
rcsb_local_pose_ensemble,1lpz,1lpz,1lpz_pose_025,data/local_set/1lpz/poses/1lpz_pose_025.sdf,872.0703647264754,lower_better,0.7692307692307693,rcsb_local_pose_ensemble,uncalibrated,0.7692307692307693,complete,her2-pose-v1,16,,1.0,518.3628576012467,388.2137482983925,0.002569282314337328,Pass,benchmark,1.0,0.0
rcsb_local_pose_ensemble,1lpz,1lpz,1lpz_pose_026,data/local_set/1lpz/poses/1lpz_pose_026.sdf,90.05917880533431,lower_better,0.8461538461538461,rcsb_local_pose_ensemble,uncalibrated,0.8461538461538461,complete,her2-pose-v1,40,,1.0,518.3628576012467,388.2137482983925,0.002569282314337328,Review,benchmark,1.0,0.0
rcsb_local_pose_ensemble,1lpz,1lpz,1lpz_pose_027,data/local_set/1lpz/poses/1lpz_pose_027.sdf,878.7394661030834,lower_better,0.7692307692307693,rcsb_local_pose_ensemble,uncalibrated,0.7692307692307693,complete,her2-pose-v1,45,,1.0,518.3628576012467,388.2137482983925,0.002569282314337328,Review,benchmark,1.0,0.0
rcsb_local_pose_ensemble,1lpz,1lpz,1lpz_pose_028,data/local_set/1lpz/poses/1lpz_pose_028.sdf,109.04095151410225,lower_better,0.8461538461538461,rcsb_local_pose_ensemble,uncalibrated,0.8461538461538461,complete,her2-pose-v1,34,,1.0,518.3628576012467,388.2137482983925,0.002569282314337328,Fail,benchmark,1.0,0.0
rcsb_local_pose_ensemble,1lpz,1lpz,1lpz_pose_029,data/local_set/1lpz/poses/1lpz_pose_029.sdf,872.0590668945003,lower_better,0.8461538461538461,rcsb_local_pose_ensemble,uncalibrated,0.8461538461538461,complete,her2-pose-v1,1,,1.0,518.3628576012467,388.2137482983925,0.002569282314337328,Pass,benchmark,1.0,0.0
rcsb_local_pose_ensemble,1lrh,1lrh,1lrh_pose_000,data/local_set/1lrh/poses/1lrh_pose_000.sdf,52.441915283101494,lower_better,1.0,rcsb_local_pose_ensemble,uncalibrated,1.0,complete,her2-pose-v1,0,,1.0,44.864770757351856,8.256249999542094,0.10803511141655313,Pass,benchmark,1.0,0.1
rcsb_local_pose_ensemble,1lrh,1lrh,1lrh_pose_001,data/local_set/1lrh/poses/1lrh_pose_001.sdf,52.44148274204165,lower_better,0.8461538461538461,rcsb_local_pose_ensemble,uncalibrated,0.8461538461538461,complete,her2-pose-v1,15,,1.0,44.864770757351856,8.256249999542094,0.10803511141655313,Fail,benchmark,1.0,0.1
rcsb_local_pose_ensemble,1lrh,1lrh,1lrh_pose_002,data/local_set/1lrh/poses/1lrh_pose_002.sdf,34.23754681493186,lower_better,0.8461538461538461,rcsb_local_pose_ensemble,uncalibrated,0.8461538461538461,complete,her2-pose-v1,10,,1.0,44.864770757351856,8.256249999542094,0.10803511141655313,Fail,benchmark,1.0,0.1
rcsb_local_pose_ensemble,1lrh,1lrh,1lrh_pose_003,data/local_set/1lrh/poses/1lrh_pose_003.sdf,52.42506709713814,lower_better,0.8461538461538461,rcsb_local_pose_ensemble,uncalibrated,0.8461538461538461,complete,her2-pose-v1,5,,1.0,44.864770757351856,8.256249999542094,0.10803511141655313,Pass,benchmark,1.0,0.1
rcsb_local_pose_ensemble,1lrh,1lrh,1lrh_pose_004,data/local_set/1lrh/poses/1lrh_pose_004.sdf,36.53611428852779,lower_better,0.8461538461538461,rcsb_local_pose_ensemble,uncalibrated,0.8461538461538461,complete,her2-pose-v1,10,,1.0,44.864770757351856,8.256249999542094,0.10803511141655313,Review,benchmark,1.0,0.1
rcsb_local_pose_ensemble,1lrh,1lrh,1lrh_pose_005,data/local_set/1lrh/poses/1lrh_pose_005.sdf,52.43919121180637,lower_better,0.8461538461538461,rcsb_local_pose_ensemble,uncalibrated,0.8461538461538461,complete,her2-pose-v1,22,,1.0,44.864770757351856,8.256249999542094,0.10803511141655313,Review,benchmark,1.0,0.1
rcsb_local_pose_ensemble,1lrh,1lrh,1lrh_pose_006,data/local_set/1lrh/poses/1lrh_pose_006.sdf,36.53365525546288,lower_better,0.8461538461538461,rcsb_local_pose_ensemble,uncalibrated,0.8461538461538461,complete,her2-pose-v1,11,,1.0,44.864770757351856,8.256249999542094,0.10803511141655313,Review,benchmark,1.0,0.1
rcsb_local_pose_ensemble,1lrh,1lrh,1lrh_pose_007,data/local_set/1lrh/poses/1lrh_pose_007.sdf,52.44534736963491,lower_better,0.8461538461538461,rcsb_local_pose_ensemble,uncalibrated,0.8461538461538461,complete,her2-pose-v1,12,,1.0,44.864770757351856,8.256249999542094,0.10803511141655313,Fail,benchmark,1.0,0.1
rcsb_local_pose_ensemble,1lrh,1lrh,1lrh_pose_008,data/local_set/1lrh/poses/1lrh_pose_008.sdf,36.53976787874217,lower_better,0.8461538461538461,rcsb_local_pose_ensemble,uncalibrated,0.8461538461538461,complete,her2-pose-v1,11,,1.0,44.864770757351856,8.256249999542094,0.10803511141655313,Fail,benchmark,1.0,0.1
rcsb_local_pose_ensemble,1lrh,1lrh,1lrh_pose_009,data/local_set/1lrh/poses/1lrh_pose_009.sdf,52.44493804682198,lower_better,0.8461538461538461,rcsb_local_pose_ensemble,uncalibrated,0.8461538461538461,complete,her2-pose-v1,12,,1.0,44.864770757351856,8.256249999542094,0.10803511141655313,Review,benchmark,1.0,0.1
rcsb_local_pose_ensemble,1lrh,1lrh,1lrh_pose_010,data/local_set/1lrh/poses/1lrh_pose_010.sdf,36.53812956076757,lower_better,0.8461538461538461,rcsb_local_pose_ensemble,uncalibrated,0.8461538461538461,complete,her2-pose-v1,3,,1.0,44.864770757351856,8.256249999542094,0.10803511141655313,Review,benchmark,1.0,0.1
rcsb_local_pose_ensemble,1lrh,1lrh,1lrh_pose_011,data/local_set/1lrh/poses/1lrh_pose_011.sdf,52.436468325661274,lower_better,0.8461538461538461,rcsb_local_pose_ensemble,uncalibrated,0.8461538461538461,complete,her2-pose-v1,7,,1.0,44.864770757351856,8.256249999542094,0.10803511141655313,Pass,benchmark,1.0,0.1
rcsb_local_pose_ensemble,1lrh,1lrh,1lrh_pose_012,data/local_set/1lrh/poses/1lrh_pose_012.sdf,36.53148728736689,lower_better,0.8461538461538461,rcsb_local_pose_ensemble,uncalibrated,0.8461538461538461,complete,her2-pose-v1,19,,1.0,44.864770757351856,8.256249999542094,0.10803511141655313,Fail,benchmark,1.0,0.1
rcsb_local_pose_ensemble,1lrh,1lrh,1lrh_pose_013,data/local_set/1lrh/poses/1lrh_pose_013.sdf,52.43731674200101,lower_better,0.8461538461538461,rcsb_local_pose_ensemble,uncalibrated,0.8461538461538461,complete,her2-pose-v1,12,,1.0,44.864770757351856,8.256249999542094,0.10803511141655313,Review,benchmark,1.0,0.1
rcsb_local_pose_ensemble,1lrh,1lrh,1lrh_pose_014,data/local_set/1lrh/poses/1lrh_pose_014.sdf,34.23697333065063,lower_better,0.8461538461538461,rcsb_local_pose_ensemble,uncalibrated,0.8461538461538461,complete,her2-pose-v1,7,,1.0,44.864770757351856,8.256249999542094,0.10803511141655313,Fail,benchmark,1.0,0.1
rcsb_local_pose_ensemble,1lrh,1lrh,1lrh_pose_015,data/local_set/1lrh/poses/1lrh_pose_015.sdf,52.44412845575214,lower_better,0.8461538461538461,rcsb_local_pose_ensemble,uncalibrated,0.8461538461538461,complete,her2-pose-v1,21,,1.0,44.864770757351856,8.256249999542094,0.10803511141655313,Fail,benchmark,1.0,0.1
rcsb_local_pose_ensemble,1lrh,1lrh,1lrh_pose_016,data/local_set/1lrh/poses/1lrh_pose_016.sdf,36.539499456943176,lower_better,0.8461538461538461,rcsb_local_pose_ensemble,uncalibrated,0.8461538461538461,complete,her2-pose-v1,35,,1.0,44.864770757351856,8.256249999542094,0.10803511141655313,Fail,benchmark,1.0,0.1
rcsb_local_pose_ensemble,1lrh,1lrh,1lrh_pose_017,data/local_set/1lrh/poses/1lrh_pose_017.sdf,52.4406345717505,lower_better,0.8461538461538461,rcsb_local_pose_ensemble,uncalibrated,0.8461538461538461,complete,her2-pose-v1,10,,1.0,44.864770757351856,8.256249999542094,0.10803511141655313,Fail,benchmark,1.0,0.1
rcsb_local_pose_ensemble,1lrh,1lrh,1lrh_pose_018,data/local_set/1lrh/poses/1lrh_pose_018.sdf,36.53855301252597,lower_better,0.8461538461538461,rcsb_local_pose_ensemble,uncalibrated,0.8461538461538461,complete,her2-pose-v1,2,,1.0,44.864770757351856,8.256249999542094,0.10803511141655313,Pass,benchmark,1.0,0.1
rcsb_local_pose_ensemble,1lrh,1lrh,1lrh_pose_019,data/local_set/1lrh/poses/1lrh_pose_019.sdf,52.43926072768606,lower_better,0.9230769230769231,rcsb_local_pose_ensemble,uncalibrated,0.9230769230769231,complete,her2-pose-v1,4,,1.0,44.864770757351856,8.256249999542094,0.10803511141655313,Pass,benchmark,1.0,0.1
rcsb_local_pose_ensemble,1lrh,1lrh,1lrh_pose_020,data/local_set/1lrh/poses/1lrh_pose_020.sdf,36.52736928348563,lower_better,0.8461538461538461,rcsb_local_pose_ensemble,uncalibrated,0.8461538461538461,complete,her2-pose-v1,6,,1.0,44.864770757351856,8.256249999542094,0.10803511141655313,Fail,benchmark,1.0,0.1
rcsb_local_pose_ensemble,1lrh,1lrh,1lrh_pose_021,data/local_set/1lrh/poses/1lrh_pose_021.sdf,52.444871917058414,lower_better,0.8461538461538461,rcsb_local_pose_ensemble,uncalibrated,0.8461538461538461,complete,her2-pose-v1,21,,1.0,44.864770757351856,8.256249999542094,0.10803511141655313,Fail,benchmark,1.0,0.1
rcsb_local_pose_ensemble,1lrh,1lrh,1lrh_pose_022,data/local_set/1lrh/poses/1lrh_pose_022.sdf,36.54004168504447,lower_better,0.8461538461538461,rcsb_local_pose_ensemble,uncalibrated,0.8461538461538461,complete,her2-pose-v1,4,,1.0,44.864770757351856,8.256249999542094,0.10803511141655313,Review,benchmark,1.0,0.1
rcsb_local_pose_ensemble,1lrh,1lrh,1lrh_pose_023,data/local_set/1lrh/poses/1lrh_pose_023.sdf,52.444950011896,lower_better,0.8461538461538461,rcsb_local_pose_ensemble,uncalibrated,0.8461538461538461,complete,her2-pose-v1,6,,1.0,44.864770757351856,8.256249999542094,0.10803511141655313,Pass,benchmark,1.0,0.1
rcsb_local_pose_ensemble,1lrh,1lrh,1lrh_pose_024,data/local_set/1lrh/poses/1lrh_pose_024.sdf,36.53243089776616,lower_better,0.8461538461538461,rcsb_local_pose_ensemble,uncalibrated,0.8461538461538461,complete,her2-pose-v1,11,,1.0,44.864770757351856,8.256249999542094,0.10803511141655313,Review,benchmark,1.0,0.1
rcsb_local_pose_ensemble,1lrh,1lrh,1lrh_pose_025,data/local_set/1lrh/poses/1lrh_pose_025.sdf,52.43972388047682,lower_better,1.0,rcsb_local_pose_ensemble,uncalibrated,1.0,complete,her2-pose-v1,0,,1.0,44.864770757351856,8.256249999542094,0.10803511141655313,Pass,benchmark,1.0,0.1
rcsb_local_pose_ensemble,1lrh,1lrh,1lrh_pose_026,data/local_set/1lrh/poses/1lrh_pose_026.sdf,36.53458359126797,lower_better,0.8461538461538461,rcsb_local_pose_ensemble,uncalibrated,0.8461538461538461,complete,her2-pose-v1,6,,1.0,44.864770757351856,8.256249999542094,0.10803511141655313,Review,benchmark,1.0,0.1
rcsb_local_pose_ensemble,1lrh,1lrh,1lrh_pose_027,data/local_set/1lrh/poses/1lrh_pose_027.sdf,52.43321992671212,lower_better,0.8461538461538461,rcsb_local_pose_ensemble,uncalibrated,0.8461538461538461,complete,her2-pose-v1,23,,1.0,44.864770757351856,8.256249999542094,0.10803511141655313,Review,benchmark,1.0,0.1
rcsb_local_pose_ensemble,1lrh,1lrh,1lrh_pose_028,data/local_set/1lrh/poses/1lrh_pose_028.sdf,36.52779602988172,lower_better,1.0,rcsb_local_pose_ensemble,uncalibrated,1.0,complete,her2-pose-v1,0,,1.0,44.864770757351856,8.256249999542094,0.10803511141655313,Review,benchmark,1.0,0.1
rcsb_local_pose_ensemble,1lrh,1lrh,1lrh_pose_029,data/local_set/1lrh/poses/1lrh_pose_029.sdf,52.45065803765189,lower_better,0.8461538461538461,rcsb_local_pose_ensemble,uncalibrated,0.8461538461538461,complete,her2-pose-v1,9,,1.0,44.864770757351856,8.256249999542094,0.10803511141655313,Review,benchmark,1.0,0.1
rcsb_local_pose_ensemble,1m2z,1m2z,1m2z_pose_000,data/local_set/1m2z/poses/1m2z_pose_000.sdf,363.4556592411181,lower_better,1.0,rcsb_local_pose_ensemble,uncalibrated,1.0,complete,her2-pose-v1,0,,1.0,250.54970086547922,117.7053109477865,0.008424222909789253,Pass,benchmark,1.0,0.06666666666666667
rcsb_local_pose_ensemble,1m2z,1m2z,1m2z_pose_001,data/local_set/1m2z/poses/1m2z_pose_001.sdf,357.1100716986172,lower_better,0.8461538461538461,rcsb_local_pose_ensemble,uncalibrated,0.8461538461538461,complete,her2-pose-v1,42,,1.0,250.54970086547922,117.7053109477865,0.008424222909789253,Fail,benchmark,1.0,0.06666666666666667
rcsb_local_pose_ensemble,1m2z,1m2z,1m2z_pose_002,data/local_set/1m2z/poses/1m2z_pose_002.sdf,144.72154814409973,lower_better,0.9230769230769231,rcsb_local_pose_ensemble,uncalibrated,0.9230769230769231,complete,her2-pose-v1,3,,1.0,250.54970086547922,117.7053109477865,0.008424222909789253,Pass,benchmark,1.0,0.06666666666666667
rcsb_local_pose_ensemble,1m2z,1m2z,1m2z_pose_003,data/local_set/1m2z/poses/1m2z_pose_003.sdf,363.8168182767021,lower_better,0.9230769230769231,rcsb_local_pose_ensemble,uncalibrated,0.9230769230769231,complete,her2-pose-v1,2,,1.0,250.54970086547922,117.7053109477865,0.008424222909789253,Pass,benchmark,1.0,0.06666666666666667
rcsb_local_pose_ensemble,1m2z,1m2z,1m2z_pose_004,data/local_set/1m2z/poses/1m2z_pose_004.sdf,121.25943940165124,lower_better,0.8461538461538461,rcsb_local_pose_ensemble,uncalibrated,0.8461538461538461,complete,her2-pose-v1,19,,1.0,250.54970086547922,117.7053109477865,0.008424222909789253,Fail,benchmark,1.0,0.06666666666666667
rcsb_local_pose_ensemble,1m2z,1m2z,1m2z_pose_005,data/local_set/1m2z/poses/1m2z_pose_005.sdf,364.53656977733806,lower_better,0.8461538461538461,rcsb_local_pose_ensemble,uncalibrated,0.8461538461538461,complete,her2-pose-v1,25,,1.0,250.54970086547922,117.7053109477865,0.008424222909789253,Fail,benchmark,1.0,0.06666666666666667
rcsb_local_pose_ensemble,1m2z,1m2z,1m2z_pose_006,data/local_set/1m2z/poses/1m2z_pose_006.sdf,125.11702197948756,lower_better,0.8461538461538461,rcsb_local_pose_ensemble,uncalibrated,0.8461538461538461,complete,her2-pose-v1,32,,1.0,250.54970086547922,117.7053109477865,0.008424222909789253,Fail,benchmark,1.0,0.06666666666666667
rcsb_local_pose_ensemble,1m2z,1m2z,1m2z_pose_007,data/local_set/1m2z/poses/1m2z_pose_007.sdf,349.8301270782395,lower_better,0.8461538461538461,rcsb_local_pose_ensemble,uncalibrated,0.8461538461538461,complete,her2-pose-v1,25,,1.0,250.54970086547922,117.7053109477865,0.008424222909789253,Review,benchmark,1.0,0.06666666666666667
rcsb_local_pose_ensemble,1m2z,1m2z,1m2z_pose_008,data/local_set/1m2z/poses/1m2z_pose_008.sdf,123.7432338323075,lower_better,0.8461538461538461,rcsb_local_pose_ensemble,uncalibrated,0.8461538461538461,complete,her2-pose-v1,16,,1.0,250.54970086547922,117.7053109477865,0.008424222909789253,Fail,benchmark,1.0,0.06666666666666667
rcsb_local_pose_ensemble,1m2z,1m2z,1m2z_pose_009,data/local_set/1m2z/poses/1m2z_pose_009.sdf,352.71946746141435,lower_better,0.8461538461538461,rcsb_local_pose_ensemble,uncalibrated,0.8461538461538461,complete,her2-pose-v1,30,,1.0,250.54970086547922,117.7053109477865,0.008424222909789253,Fail,benchmark,1.0,0.06666666666666667
rcsb_local_pose_ensemble,1m2z,1m2z,1m2z_pose_010,data/local_set/1m2z/poses/1m2z_pose_010.sdf,137.2765315924522,lower_better,0.8461538461538461,rcsb_local_pose_ensemble,uncalibrated,0.8461538461538461,complete,her2-pose-v1,40,,1.0,250.54970086547922,117.7053109477865,0.008424222909789253,Fail,benchmark,1.0,0.06666666666666667
rcsb_local_pose_ensemble,1m2z,1m2z,1m2z_pose_011,data/local_set/1m2z/poses/1m2z_pose_011.sdf,361.27319086352935,lower_better,0.8461538461538461,rcsb_local_pose_ensemble,uncalibrated,0.8461538461538461,complete,her2-pose-v1,14,,1.0,250.54970086547922,117.7053109477865,0.008424222909789253,Review,benchmark,1.0,0.06666666666666667
rcsb_local_pose_ensemble,1m2z,1m2z,1m2z_pose_012,data/local_set/1m2z/poses/1m2z_pose_012.sdf,129.66078548984189,lower_better,0.9230769230769231,rcsb_local_pose_ensemble,uncalibrated,0.9230769230769231,complete,her2-pose-v1,6,,1.0,250.54970086547922,117.7053109477865,0.008424222909789253,Fail,benchmark,1.0,0.06666666666666667
rcsb_local_pose_ensemble,1m2z,1m2z,1m2z_pose_013,data/local_set/1m2z/poses/1m2z_pose_013.sdf,364.5832239458995,lower_better,0.8461538461538461,rcsb_local_pose_ensemble,uncalibrated,0.8461538461538461,complete,her2-pose-v1,36,,1.0,250.54970086547922,117.7053109477865,0.008424222909789253,Fail,benchmark,1.0,0.06666666666666667
rcsb_local_pose_ensemble,1m2z,1m2z,1m2z_pose_014,data/local_set/1m2z/poses/1m2z_pose_014.sdf,113.16967768630046,lower_better,0.8461538461538461,rcsb_local_pose_ensemble,uncalibrated,0.8461538461538461,complete,her2-pose-v1,9,,1.0,250.54970086547922,117.7053109477865,0.008424222909789253,Fail,benchmark,1.0,0.06666666666666667
rcsb_local_pose_ensemble,1m2z,1m2z,1m2z_pose_015,data/local_set/1m2z/poses/1m2z_pose_015.sdf,349.8428734923343,lower_better,0.8461538461538461,rcsb_local_pose_ensemble,uncalibrated,0.8461538461538461,complete,her2-pose-v1,10,,1.0,250.54970086547922,117.7053109477865,0.008424222909789253,Review,benchmark,1.0,0.06666666666666667
rcsb_local_pose_ensemble,1m2z,1m2z,1m2z_pose_016,data/local_set/1m2z/poses/1m2z_pose_016.sdf,116.77111584048214,lower_better,0.8461538461538461,rcsb_local_pose_ensemble,uncalibrated,0.8461538461538461,complete,her2-pose-v1,21,,1.0,250.54970086547922,117.7053109477865,0.008424222909789253,Review,benchmark,1.0,0.06666666666666667
rcsb_local_pose_ensemble,1m2z,1m2z,1m2z_pose_017,data/local_set/1m2z/poses/1m2z_pose_017.sdf,363.00404228226233,lower_better,0.8461538461538461,rcsb_local_pose_ensemble,uncalibrated,0.8461538461538461,complete,her2-pose-v1,24,,1.0,250.54970086547922,117.7053109477865,0.008424222909789253,Fail,benchmark,1.0,0.06666666666666667
rcsb_local_pose_ensemble,1m2z,1m2z,1m2z_pose_018,data/local_set/1m2z/poses/1m2z_pose_018.sdf,130.8195276326895,lower_better,0.8461538461538461,rcsb_local_pose_ensemble,uncalibrated,0.8461538461538461,complete,her2-pose-v1,13,,1.0,250.54970086547922,117.7053109477865,0.008424222909789253,Review,benchmark,1.0,0.06666666666666667
rcsb_local_pose_ensemble,1m2z,1m2z,1m2z_pose_019,data/local_set/1m2z/poses/1m2z_pose_019.sdf,349.8488897533962,lower_better,0.8461538461538461,rcsb_local_pose_ensemble,uncalibrated,0.8461538461538461,complete,her2-pose-v1,17,,1.0,250.54970086547922,117.7053109477865,0.008424222909789253,Pass,benchmark,1.0,0.06666666666666667
rcsb_local_pose_ensemble,1m2z,1m2z,1m2z_pose_020,data/local_set/1m2z/poses/1m2z_pose_020.sdf,133.19193882096232,lower_better,0.8461538461538461,rcsb_local_pose_ensemble,uncalibrated,0.8461538461538461,complete,her2-pose-v1,34,,1.0,250.54970086547922,117.7053109477865,0.008424222909789253,Fail,benchmark,1.0,0.06666666666666667
rcsb_local_pose_ensemble,1m2z,1m2z,1m2z_pose_021,data/local_set/1m2z/poses/1m2z_pose_021.sdf,363.43609821390766,lower_better,0.9230769230769231,rcsb_local_pose_ensemble,uncalibrated,0.9230769230769231,complete,her2-pose-v1,5,,1.0,250.54970086547922,117.7053109477865,0.008424222909789253,Pass,benchmark,1.0,0.06666666666666667
rcsb_local_pose_ensemble,1m2z,1m2z,1m2z_pose_022,data/local_set/1m2z/poses/1m2z_pose_022.sdf,124.85134603054578,lower_better,0.8461538461538461,rcsb_local_pose_ensemble,uncalibrated,0.8461538461538461,complete,her2-pose-v1,30,,1.0,250.54970086547922,117.7053109477865,0.008424222909789253,Fail,benchmark,1.0,0.06666666666666667
rcsb_local_pose_ensemble,1m2z,1m2z,1m2z_pose_023,data/local_set/1m2z/poses/1m2z_pose_023.sdf,363.01618748945225,lower_better,0.8461538461538461,rcsb_local_pose_ensemble,uncalibrated,0.8461538461538461,complete,her2-pose-v1,22,,1.0,250.54970086547922,117.7053109477865,0.008424222909789253,Fail,benchmark,1.0,0.06666666666666667
rcsb_local_pose_ensemble,1m2z,1m2z,1m2z_pose_024,data/local_set/1m2z/poses/1m2z_pose_024.sdf,124.46098664127076,lower_better,0.8461538461538461,rcsb_local_pose_ensemble,uncalibrated,0.8461538461538461,complete,her2-pose-v1,30,,1.0,250.54970086547922,117.7053109477865,0.008424222909789253,Fail,benchmark,1.0,0.06666666666666667
rcsb_local_pose_ensemble,1m2z,1m2z,1m2z_pose_025,data/local_set/1m2z/poses/1m2z_pose_025.sdf,363.81885866243175,lower_better,1.0,rcsb_local_pose_ensemble,uncalibrated,1.0,complete,her2-pose-v1,0,,1.0,250.54970086547922,117.7053109477865,0.008424222909789253,Pass,benchmark,1.0,0.06666666666666667
rcsb_local_pose_ensemble,1m2z,1m2z,1m2z_pose_026,data/local_set/1m2z/poses/1m2z_pose_026.sdf,121.4113586245397,lower_better,0.8461538461538461,rcsb_local_pose_ensemble,uncalibrated,0.8461538461538461,complete,her2-pose-v1,26,,1.0,250.54970086547922,117.7053109477865,0.008424222909789253,Review,benchmark,1.0,0.06666666666666667
rcsb_local_pose_ensemble,1m2z,1m2z,1m2z_pose_027,data/local_set/1m2z/poses/1m2z_pose_027.sdf,357.5728456964317,lower_better,0.8461538461538461,rcsb_local_pose_ensemble,uncalibrated,0.8461538461538461,complete,her2-pose-v1,24,,1.0,250.54970086547922,117.7053109477865,0.008424222909789253,Fail,benchmark,1.0,0.06666666666666667
rcsb_local_pose_ensemble,1m2z,1m2z,1m2z_pose_028,data/local_set/1m2z/poses/1m2z_pose_028.sdf,132.34245205648733,lower_better,0.8461538461538461,rcsb_local_pose_ensemble,uncalibrated,0.8461538461538461,complete,her2-pose-v1,31,,1.0,250.54970086547922,117.7053109477865,0.008424222909789253,Fail,benchmark,1.0,0.06666666666666667
rcsb_local_pose_ensemble,1m2z,1m2z,1m2z_pose_029,data/local_set/1m2z/poses/1m2z_pose_029.sdf,349.8291382581843,lower_better,0.8461538461538461,rcsb_local_pose_ensemble,uncalibrated,0.8461538461538461,complete,her2-pose-v1,17,,1.0,250.54970086547922,117.7053109477865,0.008424222909789253,Review,benchmark,1.0,0.06666666666666667
rcsb_local_pose_ensemble,1meh,1meh,1meh_pose_000,data/local_set/1meh/poses/1meh_pose_000.sdf,152.25279955450662,lower_better,1.0,rcsb_local_pose_ensemble,uncalibrated,1.0,complete,her2-pose-v1,0,,0.982144763341284,141.70396838121502,12.139238706828124,0.07610791023077507,Pass,benchmark,1.0,0.06666666666666667
rcsb_local_pose_ensemble,1meh,1meh,1meh_pose_001,data/local_set/1meh/poses/1meh_pose_001.sdf,152.5771844188422,lower_better,0.8461538461538461,rcsb_local_pose_ensemble,uncalibrated,0.8461538461538461,complete,her2-pose-v1,41,,0.982138151316735,141.70396838121502,12.139238706828124,0.07610791023077507,Fail,benchmark,1.0,0.06666666666666667
rcsb_local_pose_ensemble,1meh,1meh,1meh_pose_002,data/local_set/1meh/poses/1meh_pose_002.sdf,126.32461778240902,lower_better,0.8461538461538461,rcsb_local_pose_ensemble,uncalibrated,0.8461538461538461,complete,her2-pose-v1,6,,0.9790254793556752,141.70396838121502,12.139238706828124,0.07610791023077507,Pass,benchmark,1.0,0.06666666666666667
rcsb_local_pose_ensemble,1meh,1meh,1meh_pose_003,data/local_set/1meh/poses/1meh_pose_003.sdf,152.47773318865117,lower_better,0.8461538461538461,rcsb_local_pose_ensemble,uncalibrated,0.8461538461538461,complete,her2-pose-v1,47,,0.9821422524163144,141.70396838121502,12.139238706828124,0.07610791023077507,Review,benchmark,1.0,0.06666666666666667
rcsb_local_pose_ensemble,1meh,1meh,1meh_pose_004,data/local_set/1meh/poses/1meh_pose_004.sdf,126.14083865095216,lower_better,0.8461538461538461,rcsb_local_pose_ensemble,uncalibrated,0.8461538461538461,complete,her2-pose-v1,22,,0.9767448664100408,141.70396838121502,12.139238706828124,0.07610791023077507,Review,benchmark,1.0,0.06666666666666667
rcsb_local_pose_ensemble,1meh,1meh,1meh_pose_005,data/local_set/1meh/poses/1meh_pose_005.sdf,152.23980766476342,lower_better,0.8461538461538461,rcsb_local_pose_ensemble,uncalibrated,0.8461538461538461,complete,her2-pose-v1,51,,0.9821523433805472,141.70396838121502,12.139238706828124,0.07610791023077507,Fail,benchmark,1.0,0.06666666666666667
rcsb_local_pose_ensemble,1meh,1meh,1meh_pose_006,data/local_set/1meh/poses/1meh_pose_006.sdf,134.3593153123816,lower_better,0.9230769230769231,rcsb_local_pose_ensemble,uncalibrated,0.9230769230769231,complete,her2-pose-v1,5,,0.9765924829150776,141.70396838121502,12.139238706828124,0.07610791023077507,Pass,benchmark,1.0,0.06666666666666667
rcsb_local_pose_ensemble,1meh,1meh,1meh_pose_007,data/local_set/1meh/poses/1meh_pose_007.sdf,154.2761960127367,lower_better,0.9230769230769231,rcsb_local_pose_ensemble,uncalibrated,0.9230769230769231,complete,her2-pose-v1,6,,0.9821313670835616,141.70396838121502,12.139238706828124,0.07610791023077507,Pass,benchmark,1.0,0.06666666666666667
rcsb_local_pose_ensemble,1meh,1meh,1meh_pose_008,data/local_set/1meh/poses/1meh_pose_008.sdf,128.3604574807626,lower_better,0.8461538461538461,rcsb_local_pose_ensemble,uncalibrated,0.8461538461538461,complete,her2-pose-v1,14,,0.9757997765394344,141.70396838121502,12.139238706828124,0.07610791023077507,Fail,benchmark,1.0,0.06666666666666667
rcsb_local_pose_ensemble,1meh,1meh,1meh_pose_009,data/local_set/1meh/poses/1meh_pose_009.sdf,152.5536184192936,lower_better,0.8461538461538461,rcsb_local_pose_ensemble,uncalibrated,0.8461538461538461,complete,her2-pose-v1,9,,0.9821259436236284,141.70396838121502,12.139238706828124,0.07610791023077507,Fail,benchmark,1.0,0.06666666666666667
rcsb_local_pose_ensemble,1meh,1meh,1meh_pose_010,data/local_set/1meh/poses/1meh_pose_010.sdf,127.66115181920352,lower_better,0.8461538461538461,rcsb_local_pose_ensemble,uncalibrated,0.8461538461538461,complete,her2-pose-v1,60,,0.976445683431628,141.70396838121502,12.139238706828124,0.07610791023077507,Fail,benchmark,1.0,0.06666666666666667
rcsb_local_pose_ensemble,1meh,1meh,1meh_pose_011,data/local_set/1meh/poses/1meh_pose_011.sdf,151.409063272139,lower_better,0.8461538461538461,rcsb_local_pose_ensemble,uncalibrated,0.8461538461538461,complete,her2-pose-v1,36,,0.9821438986817566,141.70396838121502,12.139238706828124,0.07610791023077507,Fail,benchmark,1.0,0.06666666666666667
rcsb_local_pose_ensemble,1meh,1meh,1meh_pose_012,data/local_set/1meh/poses/1meh_pose_012.sdf,129.45163023933216,lower_better,0.8461538461538461,rcsb_local_pose_ensemble,uncalibrated,0.8461538461538461,complete,her2-pose-v1,21,,0.94326123002372,141.70396838121502,12.139238706828124,0.07610791023077507,Review,benchmark,1.0,0.06666666666666667
rcsb_local_pose_ensemble,1meh,1meh,1meh_pose_013,data/local_set/1meh/poses/1meh_pose_013.sdf,154.27617221825034,lower_better,0.8461538461538461,rcsb_local_pose_ensemble,uncalibrated,0.8461538461538461,complete,her2-pose-v1,8,,0.9821714865557456,141.70396838121502,12.139238706828124,0.07610791023077507,Review,benchmark,1.0,0.06666666666666667
rcsb_local_pose_ensemble,1meh,1meh,1meh_pose_014,data/local_set/1meh/poses/1meh_pose_014.sdf,128.23772868542477,lower_better,0.8461538461538461,rcsb_local_pose_ensemble,uncalibrated,0.8461538461538461,complete,her2-pose-v1,38,,0.9759731208604052,141.70396838121502,12.139238706828124,0.07610791023077507,Fail,benchmark,1.0,0.06666666666666667
rcsb_local_pose_ensemble,1meh,1meh,1meh_pose_015,data/local_set/1meh/poses/1meh_pose_015.sdf,152.7580336501576,lower_better,0.8461538461538461,rcsb_local_pose_ensemble,uncalibrated,0.8461538461538461,complete,her2-pose-v1,10,,0.982146047128262,141.70396838121502,12.139238706828124,0.07610791023077507,Review,benchmark,1.0,0.06666666666666667
rcsb_local_pose_ensemble,1meh,1meh,1meh_pose_016,data/local_set/1meh/poses/1meh_pose_016.sdf,132.8760392176803,lower_better,0.8461538461538461,rcsb_local_pose_ensemble,uncalibrated,0.8461538461538461,complete,her2-pose-v1,24,,0.9614561190588682,141.70396838121502,12.139238706828124,0.07610791023077507,Fail,benchmark,1.0,0.06666666666666667
rcsb_local_pose_ensemble,1meh,1meh,1meh_pose_017,data/local_set/1meh/poses/1meh_pose_017.sdf,151.51673228111488,lower_better,0.8461538461538461,rcsb_local_pose_ensemble,uncalibrated,0.8461538461538461,complete,her2-pose-v1,17,,0.9821344374306656,141.70396838121502,12.139238706828124,0.07610791023077507,Fail,benchmark,1.0,0.06666666666666667
rcsb_local_pose_ensemble,1meh,1meh,1meh_pose_018,data/local_set/1meh/poses/1meh_pose_018.sdf,125.81002587558116,lower_better,0.8461538461538461,rcsb_local_pose_ensemble,uncalibrated,0.8461538461538461,complete,her2-pose-v1,30,,0.9758974087021706,141.70396838121502,12.139238706828124,0.07610791023077507,Fail,benchmark,1.0,0.06666666666666667
rcsb_local_pose_ensemble,1meh,1meh,1meh_pose_019,data/local_set/1meh/poses/1meh_pose_019.sdf,154.29730011021138,lower_better,0.8461538461538461,rcsb_local_pose_ensemble,uncalibrated,0.8461538461538461,complete,her2-pose-v1,27,,0.9821505370692644,141.70396838121502,12.139238706828124,0.07610791023077507,Fail,benchmark,1.0,0.06666666666666667
rcsb_local_pose_ensemble,1meh,1meh,1meh_pose_020,data/local_set/1meh/poses/1meh_pose_020.sdf,128.27342978478129,lower_better,0.8461538461538461,rcsb_local_pose_ensemble,uncalibrated,0.8461538461538461,complete,her2-pose-v1,8,,0.9770875781573446,141.70396838121502,12.139238706828124,0.07610791023077507,Pass,benchmark,1.0,0.06666666666666667
rcsb_local_pose_ensemble,1meh,1meh,1meh_pose_021,data/local_set/1meh/poses/1meh_pose_021.sdf,151.3788590734104,lower_better,0.8461538461538461,rcsb_local_pose_ensemble,uncalibrated,0.8461538461538461,complete,her2-pose-v1,31,,0.9821251669553124,141.70396838121502,12.139238706828124,0.07610791023077507,Review,benchmark,1.0,0.06666666666666667
rcsb_local_pose_ensemble,1meh,1meh,1meh_pose_022,data/local_set/1meh/poses/1meh_pose_022.sdf,123.48757841509888,lower_better,0.8461538461538461,rcsb_local_pose_ensemble,uncalibrated,0.8461538461538461,complete,her2-pose-v1,40,,0.9757415457234694,141.70396838121502,12.139238706828124,0.07610791023077507,Fail,benchmark,1.0,0.06666666666666667
rcsb_local_pose_ensemble,1meh,1meh,1meh_pose_023,data/local_set/1meh/poses/1meh_pose_023.sdf,152.76267264730217,lower_better,0.8461538461538461,rcsb_local_pose_ensemble,uncalibrated,0.8461538461538461,complete,her2-pose-v1,28,,0.9821545583624696,141.70396838121502,12.139238706828124,0.07610791023077507,Review,benchmark,1.0,0.06666666666666667
rcsb_local_pose_ensemble,1meh,1meh,1meh_pose_024,data/local_set/1meh/poses/1meh_pose_024.sdf,127.37691623833064,lower_better,0.8461538461538461,rcsb_local_pose_ensemble,uncalibrated,0.8461538461538461,complete,her2-pose-v1,23,,0.9774357882150302,141.70396838121502,12.139238706828124,0.07610791023077507,Fail,benchmark,1.0,0.06666666666666667
rcsb_local_pose_ensemble,1meh,1meh,1meh_pose_025,data/local_set/1meh/poses/1meh_pose_025.sdf,151.3818693021804,lower_better,0.8461538461538461,rcsb_local_pose_ensemble,uncalibrated,0.8461538461538461,complete,her2-pose-v1,28,,0.9821419119420962,141.70396838121502,12.139238706828124,0.07610791023077507,Fail,benchmark,1.0,0.06666666666666667
rcsb_local_pose_ensemble,1meh,1meh,1meh_pose_026,data/local_set/1meh/poses/1meh_pose_026.sdf,134.64208482994846,lower_better,0.8461538461538461,rcsb_local_pose_ensemble,uncalibrated,0.8461538461538461,complete,her2-pose-v1,29,,0.9792119382419994,141.70396838121502,12.139238706828124,0.07610791023077507,Fail,benchmark,1.0,0.06666666666666667
rcsb_local_pose_ensemble,1meh,1meh,1meh_pose_027,data/local_set/1meh/poses/1meh_pose_027.sdf,152.72236609872112,lower_better,1.0,rcsb_local_pose_ensemble,uncalibrated,1.0,complete,her2-pose-v1,0,,0.9821381331653708,141.70396838121502,12.139238706828124,0.07610791023077507,Pass,benchmark,1.0,0.06666666666666667
rcsb_local_pose_ensemble,1meh,1meh,1meh_pose_028,data/local_set/1meh/poses/1meh_pose_028.sdf,136.6639578372641,lower_better,0.8461538461538461,rcsb_local_pose_ensemble,uncalibrated,0.8461538461538461,complete,her2-pose-v1,38,,0.8390970755432434,141.70396838121502,12.139238706828124,0.07610791023077507,Fail,benchmark,1.0,0.06666666666666667
rcsb_local_pose_ensemble,1meh,1meh,1meh_pose_029,data/local_set/1meh/poses/1meh_pose_029.sdf,152.57287135501946,lower_better,0.8461538461538461,rcsb_local_pose_ensemble,uncalibrated,0.8461538461538461,complete,her2-pose-v1,22,,0.982137690381994,141.70396838121502,12.139238706828124,0.07610791023077507,Fail,benchmark,1.0,0.06666666666666667
rcsb_local_pose_ensemble,1mmv,1mmv,1mmv_pose_000,data/local_set/1mmv/poses/1mmv_pose_000.sdf,,lower_better,,rcsb_local_pose_ensemble,uncalibrated,,failed,her2-pose-v1,2,,0.8336251355758227,,,0.032462253422087806,,benchmark,1.0,0.0
rcsb_local_pose_ensemble,1mmv,1mmv,1mmv_pose_001,data/local_set/1mmv/poses/1mmv_pose_001.sdf,,lower_better,,rcsb_local_pose_ensemble,uncalibrated,,failed,her2-pose-v1,39,,0.833624479594558,,,0.032462253422087806,,benchmark,1.0,0.0
rcsb_local_pose_ensemble,1mmv,1mmv,1mmv_pose_002,data/local_set/1mmv/poses/1mmv_pose_002.sdf,443.94822468793495,lower_better,0.8461538461538461,rcsb_local_pose_ensemble,uncalibrated,0.8461538461538461,complete,her2-pose-v1,20,,1.0,471.44089499897535,29.80500872806276,0.032462253422087806,Pass,benchmark,1.0,0.0
rcsb_local_pose_ensemble,1mmv,1mmv,1mmv_pose_003,data/local_set/1mmv/poses/1mmv_pose_003.sdf,,lower_better,,rcsb_local_pose_ensemble,uncalibrated,,failed,her2-pose-v1,63,,0.8336259509136746,,,0.032462253422087806,,benchmark,1.0,0.0
rcsb_local_pose_ensemble,1mmv,1mmv,1mmv_pose_004,data/local_set/1mmv/poses/1mmv_pose_004.sdf,545.6271364603103,lower_better,0.8461538461538461,rcsb_local_pose_ensemble,uncalibrated,0.8461538461538461,complete,her2-pose-v1,51,,1.0,471.44089499897535,29.80500872806276,0.032462253422087806,Fail,benchmark,1.0,0.0
rcsb_local_pose_ensemble,1mmv,1mmv,1mmv_pose_005,data/local_set/1mmv/poses/1mmv_pose_005.sdf,,lower_better,,rcsb_local_pose_ensemble,uncalibrated,,failed,her2-pose-v1,2,,0.8336106772294576,,,0.032462253422087806,,benchmark,1.0,0.0
rcsb_local_pose_ensemble,1mmv,1mmv,1mmv_pose_006,data/local_set/1mmv/poses/1mmv_pose_006.sdf,465.6204411868699,lower_better,0.8461538461538461,rcsb_local_pose_ensemble,uncalibrated,0.8461538461538461,complete,her2-pose-v1,55,,1.0,471.44089499897535,29.80500872806276,0.032462253422087806,Fail,benchmark,1.0,0.0
rcsb_local_pose_ensemble,1mmv,1mmv,1mmv_pose_007,data/local_set/1mmv/poses/1mmv_pose_007.sdf,,lower_better,,rcsb_local_pose_ensemble,uncalibrated,,failed,her2-pose-v1,52,,0.8336296246810428,,,0.032462253422087806,,benchmark,1.0,0.0
rcsb_local_pose_ensemble,1mmv,1mmv,1mmv_pose_008,data/local_set/1mmv/poses/1mmv_pose_008.sdf,458.4025877238201,lower_better,0.8461538461538461,rcsb_local_pose_ensemble,uncalibrated,0.8461538461538461,complete,her2-pose-v1,39,,0.9988275587886176,471.44089499897535,29.80500872806276,0.032462253422087806,Fail,benchmark,1.0,0.0
rcsb_local_pose_ensemble,1mmv,1mmv,1mmv_pose_009,data/local_set/1mmv/poses/1mmv_pose_009.sdf,,lower_better,,rcsb_local_pose_ensemble,uncalibrated,,failed,her2-pose-v1,57,,0.8336420938680974,,,0.032462253422087806,,benchmark,1.0,0.0
rcsb_local_pose_ensemble,1mmv,1mmv,1mmv_pose_010,data/local_set/1mmv/poses/1mmv_pose_010.sdf,458.4914800317131,lower_better,0.8461538461538461,rcsb_local_pose_ensemble,uncalibrated,0.8461538461538461,complete,her2-pose-v1,19,,1.0,471.44089499897535,29.80500872806276,0.032462253422087806,Fail,benchmark,1.0,0.0
rcsb_local_pose_ensemble,1mmv,1mmv,1mmv_pose_011,data/local_set/1mmv/poses/1mmv_pose_011.sdf,,lower_better,,rcsb_local_pose_ensemble,uncalibrated,,failed,her2-pose-v1,59,,0.833617967798947,,,0.032462253422087806,,benchmark,1.0,0.0
rcsb_local_pose_ensemble,1mmv,1mmv,1mmv_pose_012,data/local_set/1mmv/poses/1mmv_pose_012.sdf,486.08072083743986,lower_better,0.8461538461538461,rcsb_local_pose_ensemble,uncalibrated,0.8461538461538461,complete,her2-pose-v1,31,,0.958353357026038,471.44089499897535,29.80500872806276,0.032462253422087806,Review,benchmark,1.0,0.0
rcsb_local_pose_ensemble,1mmv,1mmv,1mmv_pose_013,data/local_set/1mmv/poses/1mmv_pose_013.sdf,,lower_better,,rcsb_local_pose_ensemble,uncalibrated,,failed,her2-pose-v1,39,,0.8336202768306931,,,0.032462253422087806,,benchmark,1.0,0.0
rcsb_local_pose_ensemble,1mmv,1mmv,1mmv_pose_014,data/local_set/1mmv/poses/1mmv_pose_014.sdf,471.8958571225662,lower_better,0.8461538461538461,rcsb_local_pose_ensemble,uncalibrated,0.8461538461538461,complete,her2-pose-v1,53,,0.997054610980816,471.44089499897535,29.80500872806276,0.032462253422087806,Fail,benchmark,1.0,0.0
rcsb_local_pose_ensemble,1mmv,1mmv,1mmv_pose_015,data/local_set/1mmv/poses/1mmv_pose_015.sdf,,lower_better,,rcsb_local_pose_ensemble,uncalibrated,,failed,her2-pose-v1,54,,0.8336273052099643,,,0.032462253422087806,,benchmark,1.0,0.0
rcsb_local_pose_ensemble,1mmv,1mmv,1mmv_pose_016,data/local_set/1mmv/poses/1mmv_pose_016.sdf,441.52774938364354,lower_better,0.8461538461538461,rcsb_local_pose_ensemble,uncalibrated,0.8461538461538461,complete,her2-pose-v1,59,,1.0,471.44089499897535,29.80500872806276,0.032462253422087806,Fail,benchmark,1.0,0.0
rcsb_local_pose_ensemble,1mmv,1mmv,1mmv_pose_017,data/local_set/1mmv/poses/1mmv_pose_017.sdf,,lower_better,,rcsb_local_pose_ensemble,uncalibrated,,failed,her2-pose-v1,50,,0.8336170225877736,,,0.032462253422087806,,benchmark,1.0,0.0
rcsb_local_pose_ensemble,1mmv,1mmv,1mmv_pose_018,data/local_set/1mmv/poses/1mmv_pose_018.sdf,475.6876126857176,lower_better,0.8461538461538461,rcsb_local_pose_ensemble,uncalibrated,0.8461538461538461,complete,her2-pose-v1,43,,1.0,471.44089499897535,29.80500872806276,0.032462253422087806,Fail,benchmark,1.0,0.0
rcsb_local_pose_ensemble,1mmv,1mmv,1mmv_pose_019,data/local_set/1mmv/poses/1mmv_pose_019.sdf,,lower_better,,rcsb_local_pose_ensemble,uncalibrated,,failed,her2-pose-v1,54,,0.8336169940458998,,,0.032462253422087806,,benchmark,1.0,0.0
rcsb_local_pose_ensemble,1mmv,1mmv,1mmv_pose_020,data/local_set/1mmv/poses/1mmv_pose_020.sdf,483.725926387894,lower_better,0.8461538461538461,rcsb_local_pose_ensemble,uncalibrated,0.8461538461538461,complete,her2-pose-v1,36,,0.9609745167147502,471.44089499897535,29.80500872806276,0.032462253422087806,Fail,benchmark,1.0,0.0
rcsb_local_pose_ensemble,1mmv,1mmv,1mmv_pose_021,data/local_set/1mmv/poses/1mmv_pose_021.sdf,,lower_better,,rcsb_local_pose_ensemble,uncalibrated,,failed,her2-pose-v1,59,,0.833627374185305,,,0.032462253422087806,,benchmark,1.0,0.0
rcsb_local_pose_ensemble,1mmv,1mmv,1mmv_pose_022,data/local_set/1mmv/poses/1mmv_pose_022.sdf,425.5067330420214,lower_better,0.8461538461538461,rcsb_local_pose_ensemble,uncalibrated,0.8461538461538461,complete,her2-pose-v1,46,,1.0,471.44089499897535,29.80500872806276,0.032462253422087806,Fail,benchmark,1.0,0.0
rcsb_local_pose_ensemble,1mmv,1mmv,1mmv_pose_023,data/local_set/1mmv/poses/1mmv_pose_023.sdf,,lower_better,,rcsb_local_pose_ensemble,uncalibrated,,failed,her2-pose-v1,47,,0.8336099655796927,,,0.032462253422087806,,benchmark,1.0,0.0
rcsb_local_pose_ensemble,1mmv,1mmv,1mmv_pose_024,data/local_set/1mmv/poses/1mmv_pose_024.sdf,463.2479052549089,lower_better,0.8461538461538461,rcsb_local_pose_ensemble,uncalibrated,0.8461538461538461,complete,her2-pose-v1,54,,1.0,471.44089499897535,29.80500872806276,0.032462253422087806,Fail,benchmark,1.0,0.0
rcsb_local_pose_ensemble,1mmv,1mmv,1mmv_pose_025,data/local_set/1mmv/poses/1mmv_pose_025.sdf,,lower_better,,rcsb_local_pose_ensemble,uncalibrated,,failed,her2-pose-v1,52,,0.8336138449198063,,,0.032462253422087806,,benchmark,1.0,0.0
rcsb_local_pose_ensemble,1mmv,1mmv,1mmv_pose_026,data/local_set/1mmv/poses/1mmv_pose_026.sdf,470.7391240791693,lower_better,0.8461538461538461,rcsb_local_pose_ensemble,uncalibrated,0.8461538461538461,complete,her2-pose-v1,21,,1.0,471.44089499897535,29.80500872806276,0.032462253422087806,Fail,benchmark,1.0,0.0
rcsb_local_pose_ensemble,1mmv,1mmv,1mmv_pose_027,data/local_set/1mmv/poses/1mmv_pose_027.sdf,,lower_better,,rcsb_local_pose_ensemble,uncalibrated,,failed,her2-pose-v1,40,,0.8336257049804627,,,0.032462253422087806,,benchmark,1.0,0.0
rcsb_local_pose_ensemble,1mmv,1mmv,1mmv_pose_028,data/local_set/1mmv/poses/1mmv_pose_028.sdf,509.6710311016463,lower_better,0.8461538461538461,rcsb_local_pose_ensemble,uncalibrated,0.8461538461538461,complete,her2-pose-v1,50,,1.0,471.44089499897535,29.80500872806276,0.032462253422087806,Fail,benchmark,1.0,0.0
rcsb_local_pose_ensemble,1mmv,1mmv,1mmv_pose_029,data/local_set/1mmv/poses/1mmv_pose_029.sdf,,lower_better,,rcsb_local_pose_ensemble,uncalibrated,,failed,her2-pose-v1,73,,0.8336178774164453,,,0.032462253422087806,,benchmark,1.0,0.0
rcsb_local_pose_ensemble,1mzc,1mzc,1mzc_pose_000,data/local_set/1mzc/poses/1mzc_pose_000.sdf,151.69966861336192,lower_better,1.0,rcsb_local_pose_ensemble,uncalibrated,1.0,complete,her2-pose-v1,0,,0.9908097248980478,149.8165082121483,3.240722235615704,0.23580888925039709,Pass,benchmark,1.0,0.16666666666666666
rcsb_local_pose_ensemble,1mzc,1mzc,1mzc_pose_001,data/local_set/1mzc/poses/1mzc_pose_001.sdf,151.28486633429702,lower_better,0.8461538461538461,rcsb_local_pose_ensemble,uncalibrated,0.8461538461538461,complete,her2-pose-v1,20,,0.990787834487684,149.8165082121483,3.240722235615704,0.23580888925039709,Fail,benchmark,1.0,0.16666666666666666
rcsb_local_pose_ensemble,1mzc,1mzc,1mzc_pose_002,data/local_set/1mzc/poses/1mzc_pose_002.sdf,148.1103085216495,lower_better,0.8461538461538461,rcsb_local_pose_ensemble,uncalibrated,0.8461538461538461,complete,her2-pose-v1,61,,0.947246532492259,149.8165082121483,3.240722235615704,0.23580888925039709,Fail,benchmark,1.0,0.16666666666666666
rcsb_local_pose_ensemble,1mzc,1mzc,1mzc_pose_003,data/local_set/1mzc/poses/1mzc_pose_003.sdf,152.10800887493676,lower_better,0.8461538461538461,rcsb_local_pose_ensemble,uncalibrated,0.8461538461538461,complete,her2-pose-v1,19,,0.9908090556644392,149.8165082121483,3.240722235615704,0.23580888925039709,Fail,benchmark,1.0,0.16666666666666666
rcsb_local_pose_ensemble,1mzc,1mzc,1mzc_pose_004,data/local_set/1mzc/poses/1mzc_pose_004.sdf,145.95586288377174,lower_better,0.8461538461538461,rcsb_local_pose_ensemble,uncalibrated,0.8461538461538461,complete,her2-pose-v1,84,,0.9743448094127632,149.8165082121483,3.240722235615704,0.23580888925039709,Fail,benchmark,1.0,0.16666666666666666
rcsb_local_pose_ensemble,1mzc,1mzc,1mzc_pose_005,data/local_set/1mzc/poses/1mzc_pose_005.sdf,151.70429934961865,lower_better,1.0,rcsb_local_pose_ensemble,uncalibrated,1.0,complete,her2-pose-v1,0,,0.9907955773419362,149.8165082121483,3.240722235615704,0.23580888925039709,Pass,benchmark,1.0,0.16666666666666666
rcsb_local_pose_ensemble,1mzc,1mzc,1mzc_pose_006,data/local_set/1mzc/poses/1mzc_pose_006.sdf,146.13323930893824,lower_better,0.8461538461538461,rcsb_local_pose_ensemble,uncalibrated,0.8461538461538461,complete,her2-pose-v1,55,,0.9339094407612872,149.8165082121483,3.240722235615704,0.23580888925039709,Fail,benchmark,1.0,0.16666666666666666
rcsb_local_pose_ensemble,1mzc,1mzc,1mzc_pose_007,data/local_set/1mzc/poses/1mzc_pose_007.sdf,153.40069240438245,lower_better,0.9230769230769231,rcsb_local_pose_ensemble,uncalibrated,0.9230769230769231,complete,her2-pose-v1,13,,0.990807284074177,149.8165082121483,3.240722235615704,0.23580888925039709,Fail,benchmark,1.0,0.16666666666666666
rcsb_local_pose_ensemble,1mzc,1mzc,1mzc_pose_008,data/local_set/1mzc/poses/1mzc_pose_008.sdf,143.1847373560049,lower_better,0.8461538461538461,rcsb_local_pose_ensemble,uncalibrated,0.8461538461538461,complete,her2-pose-v1,11,,0.975435047996181,149.8165082121483,3.240722235615704,0.23580888925039709,Fail,benchmark,1.0,0.16666666666666666
rcsb_local_pose_ensemble,1mzc,1mzc,1mzc_pose_009,data/local_set/1mzc/poses/1mzc_pose_009.sdf,152.1046890240287,lower_better,0.8461538461538461,rcsb_local_pose_ensemble,uncalibrated,0.8461538461538461,complete,her2-pose-v1,20,,0.9908130898690608,149.8165082121483,3.240722235615704,0.23580888925039709,Fail,benchmark,1.0,0.16666666666666666
rcsb_local_pose_ensemble,1mzc,1mzc,1mzc_pose_010,data/local_set/1mzc/poses/1mzc_pose_010.sdf,146.87010730934435,lower_better,0.8461538461538461,rcsb_local_pose_ensemble,uncalibrated,0.8461538461538461,complete,her2-pose-v1,40,,0.9890435025134028,149.8165082121483,3.240722235615704,0.23580888925039709,Fail,benchmark,1.0,0.16666666666666666
rcsb_local_pose_ensemble,1mzc,1mzc,1mzc_pose_011,data/local_set/1mzc/poses/1mzc_pose_011.sdf,153.80327808921314,lower_better,0.9230769230769231,rcsb_local_pose_ensemble,uncalibrated,0.9230769230769231,complete,her2-pose-v1,6,,0.9908003343014002,149.8165082121483,3.240722235615704,0.23580888925039709,Fail,benchmark,1.0,0.16666666666666666
rcsb_local_pose_ensemble,1mzc,1mzc,1mzc_pose_012,data/local_set/1mzc/poses/1mzc_pose_012.sdf,147.414749494095,lower_better,0.8461538461538461,rcsb_local_pose_ensemble,uncalibrated,0.8461538461538461,complete,her2-pose-v1,33,,0.9838090271915044,149.8165082121483,3.240722235615704,0.23580888925039709,Fail,benchmark,1.0,0.16666666666666666
rcsb_local_pose_ensemble,1mzc,1mzc,1mzc_pose_013,data/local_set/1mzc/poses/1mzc_pose_013.sdf,151.6994508410537,lower_better,1.0,rcsb_local_pose_ensemble,uncalibrated,1.0,complete,her2-pose-v1,0,,0.990803035511608,149.8165082121483,3.240722235615704,0.23580888925039709,Fail,benchmark,1.0,0.16666666666666666
rcsb_local_pose_ensemble,1mzc,1mzc,1mzc_pose_014,data/local_set/1mzc/poses/1mzc_pose_014.sdf,149.96531817244446,lower_better,0.8461538461538461,rcsb_local_pose_ensemble,uncalibrated,0.8461538461538461,complete,her2-pose-v1,42,,0.9642105191743012,149.8165082121483,3.240722235615704,0.23580888925039709,Fail,benchmark,1.0,0.16666666666666666
rcsb_local_pose_ensemble,1mzc,1mzc,1mzc_pose_015,data/local_set/1mzc/poses/1mzc_pose_015.sdf,151.27659722229834,lower_better,0.8461538461538461,rcsb_local_pose_ensemble,uncalibrated,0.8461538461538461,complete,her2-pose-v1,25,,0.9907834903051308,149.8165082121483,3.240722235615704,0.23580888925039709,Fail,benchmark,1.0,0.16666666666666666
rcsb_local_pose_ensemble,1mzc,1mzc,1mzc_pose_016,data/local_set/1mzc/poses/1mzc_pose_016.sdf,142.4141749403929,lower_better,0.8461538461538461,rcsb_local_pose_ensemble,uncalibrated,0.8461538461538461,complete,her2-pose-v1,21,,0.9311542056794792,149.8165082121483,3.240722235615704,0.23580888925039709,Fail,benchmark,1.0,0.16666666666666666
rcsb_local_pose_ensemble,1mzc,1mzc,1mzc_pose_017,data/local_set/1mzc/poses/1mzc_pose_017.sdf,151.69951571106327,lower_better,1.0,rcsb_local_pose_ensemble,uncalibrated,1.0,complete,her2-pose-v1,0,,0.9908198534361284,149.8165082121483,3.240722235615704,0.23580888925039709,Pass,benchmark,1.0,0.16666666666666666
rcsb_local_pose_ensemble,1mzc,1mzc,1mzc_pose_018,data/local_set/1mzc/poses/1mzc_pose_018.sdf,149.4110853915874,lower_better,0.9230769230769231,rcsb_local_pose_ensemble,uncalibrated,0.9230769230769231,complete,her2-pose-v1,11,,0.9678860122931814,149.8165082121483,3.240722235615704,0.23580888925039709,Fail,benchmark,1.0,0.16666666666666666
rcsb_local_pose_ensemble,1mzc,1mzc,1mzc_pose_019,data/local_set/1mzc/poses/1mzc_pose_019.sdf,152.1044133320464,lower_better,0.8461538461538461,rcsb_local_pose_ensemble,uncalibrated,0.8461538461538461,complete,her2-pose-v1,18,,0.990810559459444,149.8165082121483,3.240722235615704,0.23580888925039709,Fail,benchmark,1.0,0.16666666666666666
rcsb_local_pose_ensemble,1mzc,1mzc,1mzc_pose_020,data/local_set/1mzc/poses/1mzc_pose_020.sdf,150.0465891281901,lower_better,0.8461538461538461,rcsb_local_pose_ensemble,uncalibrated,0.8461538461538461,complete,her2-pose-v1,20,,0.936210871151412,149.8165082121483,3.240722235615704,0.23580888925039709,Fail,benchmark,1.0,0.16666666666666666
rcsb_local_pose_ensemble,1mzc,1mzc,1mzc_pose_021,data/local_set/1mzc/poses/1mzc_pose_021.sdf,153.80322148522887,lower_better,0.8461538461538461,rcsb_local_pose_ensemble,uncalibrated,0.8461538461538461,complete,her2-pose-v1,21,,0.9908083017860932,149.8165082121483,3.240722235615704,0.23580888925039709,Fail,benchmark,1.0,0.16666666666666666
rcsb_local_pose_ensemble,1mzc,1mzc,1mzc_pose_022,data/local_set/1mzc/poses/1mzc_pose_022.sdf,145.35751377922003,lower_better,0.8461538461538461,rcsb_local_pose_ensemble,uncalibrated,0.8461538461538461,complete,her2-pose-v1,64,,0.9731940313174208,149.8165082121483,3.240722235615704,0.23580888925039709,Fail,benchmark,1.0,0.16666666666666666
rcsb_local_pose_ensemble,1mzc,1mzc,1mzc_pose_023,data/local_set/1mzc/poses/1mzc_pose_023.sdf,151.69985422540182,lower_better,1.0,rcsb_local_pose_ensemble,uncalibrated,1.0,complete,her2-pose-v1,0,,0.9908173581881689,149.8165082121483,3.240722235615704,0.23580888925039709,Pass,benchmark,1.0,0.16666666666666666
rcsb_local_pose_ensemble,1mzc,1mzc,1mzc_pose_024,data/local_set/1mzc/poses/1mzc_pose_024.sdf,146.04653036393518,lower_better,0.9230769230769231,rcsb_local_pose_ensemble,uncalibrated,0.9230769230769231,complete,her2-pose-v1,9,,0.9326214803127364,149.8165082121483,3.240722235615704,0.23580888925039709,Review,benchmark,1.0,0.16666666666666666
rcsb_local_pose_ensemble,1mzc,1mzc,1mzc_pose_025,data/local_set/1mzc/poses/1mzc_pose_025.sdf,152.0992907350752,lower_better,0.8461538461538461,rcsb_local_pose_ensemble,uncalibrated,0.8461538461538461,complete,her2-pose-v1,57,,0.99080911011394,149.8165082121483,3.240722235615704,0.23580888925039709,Fail,benchmark,1.0,0.16666666666666666
rcsb_local_pose_ensemble,1mzc,1mzc,1mzc_pose_026,data/local_set/1mzc/poses/1mzc_pose_026.sdf,145.97205622459228,lower_better,0.9230769230769231,rcsb_local_pose_ensemble,uncalibrated,0.9230769230769231,complete,her2-pose-v1,4,,0.9880636356472222,149.8165082121483,3.240722235615704,0.23580888925039709,Review,benchmark,1.0,0.16666666666666666
rcsb_local_pose_ensemble,1mzc,1mzc,1mzc_pose_027,data/local_set/1mzc/poses/1mzc_pose_027.sdf,150.8620825304568,lower_better,0.9230769230769231,rcsb_local_pose_ensemble,uncalibrated,0.9230769230769231,complete,her2-pose-v1,4,,0.9907939646235387,149.8165082121483,3.240722235615704,0.23580888925039709,Review,benchmark,1.0,0.16666666666666666
rcsb_local_pose_ensemble,1mzc,1mzc,1mzc_pose_028,data/local_set/1mzc/poses/1mzc_pose_028.sdf,152.84037432799886,lower_better,0.8461538461538461,rcsb_local_pose_ensemble,uncalibrated,0.8461538461538461,complete,her2-pose-v1,17,,0.9663166345181202,149.8165082121483,3.240722235615704,0.23580888925039709,Fail,benchmark,1.0,0.16666666666666666
rcsb_local_pose_ensemble,1mzc,1mzc,1mzc_pose_029,data/local_set/1mzc/poses/1mzc_pose_029.sdf,153.42267038982192,lower_better,0.9230769230769231,rcsb_local_pose_ensemble,uncalibrated,0.9230769230769231,complete,her2-pose-v1,5,,0.9908200692517656,149.8165082121483,3.240722235615704,0.23580888925039709,Fail,benchmark,1.0,0.16666666666666666
rcsb_local_pose_ensemble,1n1m,1n1m,1n1m_pose_000,data/local_set/1n1m/poses/1n1m_pose_000.sdf,113.15978284030888,lower_better,1.0,rcsb_local_pose_ensemble,uncalibrated,1.0,complete,her2-pose-v1,0,,1.0,81.12773325206543,37.025079067972634,0.02629843315282596,Pass,benchmark,1.0,0.9333333333333333
rcsb_local_pose_ensemble,1n1m,1n1m,1n1m_pose_001,data/local_set/1n1m/poses/1n1m_pose_001.sdf,113.33238674577316,lower_better,1.0,rcsb_local_pose_ensemble,uncalibrated,1.0,complete,her2-pose-v1,0,,1.0,81.12773325206543,37.025079067972634,0.02629843315282596,Pass,benchmark,1.0,0.9333333333333333
rcsb_local_pose_ensemble,1n1m,1n1m,1n1m_pose_002,data/local_set/1n1m/poses/1n1m_pose_002.sdf,49.4081089832897,lower_better,1.0,rcsb_local_pose_ensemble,uncalibrated,1.0,complete,her2-pose-v1,0,,1.0,81.12773325206543,37.025079067972634,0.02629843315282596,Pass,benchmark,1.0,0.9333333333333333
rcsb_local_pose_ensemble,1n1m,1n1m,1n1m_pose_003,data/local_set/1n1m/poses/1n1m_pose_003.sdf,113.1677873429914,lower_better,1.0,rcsb_local_pose_ensemble,uncalibrated,1.0,complete,her2-pose-v1,0,,1.0,81.12773325206543,37.025079067972634,0.02629843315282596,Pass,benchmark,1.0,0.9333333333333333
rcsb_local_pose_ensemble,1n1m,1n1m,1n1m_pose_004,data/local_set/1n1m/poses/1n1m_pose_004.sdf,52.21728645608499,lower_better,1.0,rcsb_local_pose_ensemble,uncalibrated,1.0,complete,her2-pose-v1,0,,1.0,81.12773325206543,37.025079067972634,0.02629843315282596,Pass,benchmark,1.0,0.9333333333333333
rcsb_local_pose_ensemble,1n1m,1n1m,1n1m_pose_005,data/local_set/1n1m/poses/1n1m_pose_005.sdf,125.91267328629016,lower_better,1.0,rcsb_local_pose_ensemble,uncalibrated,1.0,complete,her2-pose-v1,0,,1.0,81.12773325206543,37.025079067972634,0.02629843315282596,Review,benchmark,1.0,0.9333333333333333
rcsb_local_pose_ensemble,1n1m,1n1m,1n1m_pose_006,data/local_set/1n1m/poses/1n1m_pose_006.sdf,35.531072007132096,lower_better,1.0,rcsb_local_pose_ensemble,uncalibrated,1.0,complete,her2-pose-v1,0,,0.9924380750723202,81.12773325206543,37.025079067972634,0.02629843315282596,Review,benchmark,1.0,0.9333333333333333
rcsb_local_pose_ensemble,1n1m,1n1m,1n1m_pose_007,data/local_set/1n1m/poses/1n1m_pose_007.sdf,127.08460928458224,lower_better,1.0,rcsb_local_pose_ensemble,uncalibrated,1.0,complete,her2-pose-v1,0,,1.0,81.12773325206543,37.025079067972634,0.02629843315282596,Fail,benchmark,1.0,0.9333333333333333
rcsb_local_pose_ensemble,1n1m,1n1m,1n1m_pose_008,data/local_set/1n1m/poses/1n1m_pose_008.sdf,45.84450945208835,lower_better,1.0,rcsb_local_pose_ensemble,uncalibrated,1.0,complete,her2-pose-v1,0,,1.0,81.12773325206543,37.025079067972634,0.02629843315282596,Fail,benchmark,1.0,0.9333333333333333
rcsb_local_pose_ensemble,1n1m,1n1m,1n1m_pose_009,data/local_set/1n1m/poses/1n1m_pose_009.sdf,112.59596424287562,lower_better,1.0,rcsb_local_pose_ensemble,uncalibrated,1.0,complete,her2-pose-v1,0,,1.0,81.12773325206543,37.025079067972634,0.02629843315282596,Review,benchmark,1.0,0.9333333333333333
rcsb_local_pose_ensemble,1n1m,1n1m,1n1m_pose_010,data/local_set/1n1m/poses/1n1m_pose_010.sdf,33.52592564938751,lower_better,1.0,rcsb_local_pose_ensemble,uncalibrated,1.0,complete,her2-pose-v1,0,,1.0,81.12773325206543,37.025079067972634,0.02629843315282596,Fail,benchmark,1.0,0.9333333333333333
rcsb_local_pose_ensemble,1n1m,1n1m,1n1m_pose_011,data/local_set/1n1m/poses/1n1m_pose_011.sdf,113.91082065626831,lower_better,1.0,rcsb_local_pose_ensemble,uncalibrated,1.0,complete,her2-pose-v1,0,,1.0,81.12773325206543,37.025079067972634,0.02629843315282596,Fail,benchmark,1.0,0.9333333333333333
rcsb_local_pose_ensemble,1n1m,1n1m,1n1m_pose_012,data/local_set/1n1m/poses/1n1m_pose_012.sdf,44.76961063821545,lower_better,1.0,rcsb_local_pose_ensemble,uncalibrated,1.0,complete,her2-pose-v1,0,,1.0,81.12773325206543,37.025079067972634,0.02629843315282596,Review,benchmark,1.0,0.9333333333333333
rcsb_local_pose_ensemble,1n1m,1n1m,1n1m_pose_013,data/local_set/1n1m/poses/1n1m_pose_013.sdf,113.14776781024833,lower_better,1.0,rcsb_local_pose_ensemble,uncalibrated,1.0,complete,her2-pose-v1,0,,1.0,81.12773325206543,37.025079067972634,0.02629843315282596,Review,benchmark,1.0,0.9333333333333333
rcsb_local_pose_ensemble,1n1m,1n1m,1n1m_pose_014,data/local_set/1n1m/poses/1n1m_pose_014.sdf,42.91411063243536,lower_better,1.0,rcsb_local_pose_ensemble,uncalibrated,1.0,complete,her2-pose-v1,0,,1.0,81.12773325206543,37.025079067972634,0.02629843315282596,Pass,benchmark,1.0,0.9333333333333333
rcsb_local_pose_ensemble,1n1m,1n1m,1n1m_pose_015,data/local_set/1n1m/poses/1n1m_pose_015.sdf,113.35119201779872,lower_better,0.9230769230769231,rcsb_local_pose_ensemble,uncalibrated,0.9230769230769231,complete,her2-pose-v1,1,,1.0,81.12773325206543,37.025079067972634,0.02629843315282596,Fail,benchmark,1.0,0.9333333333333333
rcsb_local_pose_ensemble,1n1m,1n1m,1n1m_pose_016,data/local_set/1n1m/poses/1n1m_pose_016.sdf,41.809404172703616,lower_better,1.0,rcsb_local_pose_ensemble,uncalibrated,1.0,complete,her2-pose-v1,0,,1.0,81.12773325206543,37.025079067972634,0.02629843315282596,Pass,benchmark,1.0,0.9333333333333333
rcsb_local_pose_ensemble,1n1m,1n1m,1n1m_pose_017,data/local_set/1n1m/poses/1n1m_pose_017.sdf,113.34985033803612,lower_better,1.0,rcsb_local_pose_ensemble,uncalibrated,1.0,complete,her2-pose-v1,0,,1.0,81.12773325206543,37.025079067972634,0.02629843315282596,Review,benchmark,1.0,0.9333333333333333
rcsb_local_pose_ensemble,1n1m,1n1m,1n1m_pose_018,data/local_set/1n1m/poses/1n1m_pose_018.sdf,37.99858911000156,lower_better,1.0,rcsb_local_pose_ensemble,uncalibrated,1.0,complete,her2-pose-v1,0,,1.0,81.12773325206543,37.025079067972634,0.02629843315282596,Review,benchmark,1.0,0.9333333333333333
rcsb_local_pose_ensemble,1n1m,1n1m,1n1m_pose_019,data/local_set/1n1m/poses/1n1m_pose_019.sdf,113.16591004725367,lower_better,1.0,rcsb_local_pose_ensemble,uncalibrated,1.0,complete,her2-pose-v1,0,,1.0,81.12773325206543,37.025079067972634,0.02629843315282596,Pass,benchmark,1.0,0.9333333333333333
rcsb_local_pose_ensemble,1n1m,1n1m,1n1m_pose_020,data/local_set/1n1m/poses/1n1m_pose_020.sdf,41.115359580379376,lower_better,1.0,rcsb_local_pose_ensemble,uncalibrated,1.0,complete,her2-pose-v1,0,,1.0,81.12773325206543,37.025079067972634,0.02629843315282596,Review,benchmark,1.0,0.9333333333333333
rcsb_local_pose_ensemble,1n1m,1n1m,1n1m_pose_021,data/local_set/1n1m/poses/1n1m_pose_021.sdf,113.34413518155134,lower_better,1.0,rcsb_local_pose_ensemble,uncalibrated,1.0,complete,her2-pose-v1,0,,1.0,81.12773325206543,37.025079067972634,0.02629843315282596,Fail,benchmark,1.0,0.9333333333333333
rcsb_local_pose_ensemble,1n1m,1n1m,1n1m_pose_022,data/local_set/1n1m/poses/1n1m_pose_022.sdf,44.25769208078631,lower_better,1.0,rcsb_local_pose_ensemble,uncalibrated,1.0,complete,her2-pose-v1,0,,1.0,81.12773325206543,37.025079067972634,0.02629843315282596,Fail,benchmark,1.0,0.9333333333333333
rcsb_local_pose_ensemble,1n1m,1n1m,1n1m_pose_023,data/local_set/1n1m/poses/1n1m_pose_023.sdf,112.57269727683624,lower_better,1.0,rcsb_local_pose_ensemble,uncalibrated,1.0,complete,her2-pose-v1,0,,1.0,81.12773325206543,37.025079067972634,0.02629843315282596,Review,benchmark,1.0,0.9333333333333333
rcsb_local_pose_ensemble,1n1m,1n1m,1n1m_pose_024,data/local_set/1n1m/poses/1n1m_pose_024.sdf,34.58733003080626,lower_better,1.0,rcsb_local_pose_ensemble,uncalibrated,1.0,complete,her2-pose-v1,0,,1.0,81.12773325206543,37.025079067972634,0.02629843315282596,Pass,benchmark,1.0,0.9333333333333333
rcsb_local_pose_ensemble,1n1m,1n1m,1n1m_pose_025,data/local_set/1n1m/poses/1n1m_pose_025.sdf,113.35291732819633,lower_better,0.9230769230769231,rcsb_local_pose_ensemble,uncalibrated,0.9230769230769231,complete,her2-pose-v1,1,,1.0,81.12773325206543,37.025079067972634,0.02629843315282596,Fail,benchmark,1.0,0.9333333333333333
rcsb_local_pose_ensemble,1n1m,1n1m,1n1m_pose_026,data/local_set/1n1m/poses/1n1m_pose_026.sdf,43.289998445894504,lower_better,1.0,rcsb_local_pose_ensemble,uncalibrated,1.0,complete,her2-pose-v1,0,,1.0,81.12773325206543,37.025079067972634,0.02629843315282596,Review,benchmark,1.0,0.9333333333333333
rcsb_local_pose_ensemble,1n1m,1n1m,1n1m_pose_027,data/local_set/1n1m/poses/1n1m_pose_027.sdf,113.14705903596084,lower_better,1.0,rcsb_local_pose_ensemble,uncalibrated,1.0,complete,her2-pose-v1,0,,1.0,81.12773325206543,37.025079067972634,0.02629843315282596,Pass,benchmark,1.0,0.9333333333333333
rcsb_local_pose_ensemble,1n1m,1n1m,1n1m_pose_028,data/local_set/1n1m/poses/1n1m_pose_028.sdf,48.69268203885563,lower_better,1.0,rcsb_local_pose_ensemble,uncalibrated,1.0,complete,her2-pose-v1,0,,1.0,81.12773325206543,37.025079067972634,0.02629843315282596,Fail,benchmark,1.0,0.9333333333333333
rcsb_local_pose_ensemble,1n1m,1n1m,1n1m_pose_029,data/local_set/1n1m/poses/1n1m_pose_029.sdf,113.2747648489308,lower_better,1.0,rcsb_local_pose_ensemble,uncalibrated,1.0,complete,her2-pose-v1,0,,1.0,81.12773325206543,37.025079067972634,0.02629843315282596,Review,benchmark,1.0,0.9333333333333333
rcsb_local_pose_ensemble,1n2j,1n2j,1n2j_pose_000,data/local_set/1n2j/poses/1n2j_pose_000.sdf,25.510749456819457,lower_better,1.0,rcsb_local_pose_ensemble,uncalibrated,1.0,complete,her2-pose-v1,0,,1.0,33.15683982813963,7.64832606174938,0.11562931287048633,Pass,benchmark,1.0,0.13333333333333333
rcsb_local_pose_ensemble,1n2j,1n2j,1n2j_pose_001,data/local_set/1n2j/poses/1n2j_pose_001.sdf,25.50536180863142,lower_better,0.9230769230769231,rcsb_local_pose_ensemble,uncalibrated,0.9230769230769231,complete,her2-pose-v1,2,,1.0,33.15683982813963,7.64832606174938,0.11562931287048633,Review,benchmark,1.0,0.13333333333333333
rcsb_local_pose_ensemble,1n2j,1n2j,1n2j_pose_002,data/local_set/1n2j/poses/1n2j_pose_002.sdf,38.813966169202466,lower_better,1.0,rcsb_local_pose_ensemble,uncalibrated,1.0,complete,her2-pose-v1,0,,0.9505633908070246,33.15683982813963,7.64832606174938,0.11562931287048633,Pass,benchmark,1.0,0.13333333333333333
rcsb_local_pose_ensemble,1n2j,1n2j,1n2j_pose_003,data/local_set/1n2j/poses/1n2j_pose_003.sdf,25.505024052580108,lower_better,0.9230769230769231,rcsb_local_pose_ensemble,uncalibrated,0.9230769230769231,complete,her2-pose-v1,2,,1.0,33.15683982813963,7.64832606174938,0.11562931287048633,Pass,benchmark,1.0,0.13333333333333333
rcsb_local_pose_ensemble,1n2j,1n2j,1n2j_pose_004,data/local_set/1n2j/poses/1n2j_pose_004.sdf,41.69187925575311,lower_better,0.8461538461538461,rcsb_local_pose_ensemble,uncalibrated,0.8461538461538461,complete,her2-pose-v1,5,,0.9498074439644356,33.15683982813963,7.64832606174938,0.11562931287048633,Review,benchmark,1.0,0.13333333333333333
rcsb_local_pose_ensemble,1n2j,1n2j,1n2j_pose_005,data/local_set/1n2j/poses/1n2j_pose_005.sdf,25.51126371025224,lower_better,0.9230769230769231,rcsb_local_pose_ensemble,uncalibrated,0.9230769230769231,complete,her2-pose-v1,1,,1.0,33.15683982813963,7.64832606174938,0.11562931287048633,Pass,benchmark,1.0,0.13333333333333333
rcsb_local_pose_ensemble,1n2j,1n2j,1n2j_pose_006,data/local_set/1n2j/poses/1n2j_pose_006.sdf,44.86823951512056,lower_better,0.9230769230769231,rcsb_local_pose_ensemble,uncalibrated,0.9230769230769231,complete,her2-pose-v1,1,,0.9601092227172644,33.15683982813963,7.64832606174938,0.11562931287048633,Pass,benchmark,1.0,0.13333333333333333
rcsb_local_pose_ensemble,1n2j,1n2j,1n2j_pose_007,data/local_set/1n2j/poses/1n2j_pose_007.sdf,25.502410467642285,lower_better,0.8461538461538461,rcsb_local_pose_ensemble,uncalibrated,0.8461538461538461,complete,her2-pose-v1,3,,1.0,33.15683982813963,7.64832606174938,0.11562931287048633,Review,benchmark,1.0,0.13333333333333333
rcsb_local_pose_ensemble,1n2j,1n2j,1n2j_pose_008,data/local_set/1n2j/poses/1n2j_pose_008.sdf,39.09855159578608,lower_better,0.9230769230769231,rcsb_local_pose_ensemble,uncalibrated,0.9230769230769231,complete,her2-pose-v1,3,,0.9668772541670309,33.15683982813963,7.64832606174938,0.11562931287048633,Review,benchmark,1.0,0.13333333333333333
rcsb_local_pose_ensemble,1n2j,1n2j,1n2j_pose_009,data/local_set/1n2j/poses/1n2j_pose_009.sdf,25.977938893251164,lower_better,0.8461538461538461,rcsb_local_pose_ensemble,uncalibrated,0.8461538461538461,complete,her2-pose-v1,13,,1.0,33.15683982813963,7.64832606174938,0.11562931287048633,Fail,benchmark,1.0,0.13333333333333333
rcsb_local_pose_ensemble,1n2j,1n2j,1n2j_pose_010,data/local_set/1n2j/poses/1n2j_pose_010.sdf,41.022295680857866,lower_better,0.8461538461538461,rcsb_local_pose_ensemble,uncalibrated,0.8461538461538461,complete,her2-pose-v1,7,,0.9717347835993324,33.15683982813963,7.64832606174938,0.11562931287048633,Review,benchmark,1.0,0.13333333333333333
rcsb_local_pose_ensemble,1n2j,1n2j,1n2j_pose_011,data/local_set/1n2j/poses/1n2j_pose_011.sdf,28.462612739618688,lower_better,0.8461538461538461,rcsb_local_pose_ensemble,uncalibrated,0.8461538461538461,complete,her2-pose-v1,3,,1.0,33.15683982813963,7.64832606174938,0.11562931287048633,Pass,benchmark,1.0,0.13333333333333333
rcsb_local_pose_ensemble,1n2j,1n2j,1n2j_pose_012,data/local_set/1n2j/poses/1n2j_pose_012.sdf,41.65815427699624,lower_better,0.8461538461538461,rcsb_local_pose_ensemble,uncalibrated,0.8461538461538461,complete,her2-pose-v1,7,,0.97173366217029,33.15683982813963,7.64832606174938,0.11562931287048633,Fail,benchmark,1.0,0.13333333333333333
rcsb_local_pose_ensemble,1n2j,1n2j,1n2j_pose_013,data/local_set/1n2j/poses/1n2j_pose_013.sdf,29.20393389640938,lower_better,0.8461538461538461,rcsb_local_pose_ensemble,uncalibrated,0.8461538461538461,complete,her2-pose-v1,6,,1.0,33.15683982813963,7.64832606174938,0.11562931287048633,Fail,benchmark,1.0,0.13333333333333333
rcsb_local_pose_ensemble,1n2j,1n2j,1n2j_pose_014,data/local_set/1n2j/poses/1n2j_pose_014.sdf,45.30799418420569,lower_better,0.8461538461538461,rcsb_local_pose_ensemble,uncalibrated,0.8461538461538461,complete,her2-pose-v1,13,,0.9766482324360174,33.15683982813963,7.64832606174938,0.11562931287048633,Review,benchmark,1.0,0.13333333333333333
rcsb_local_pose_ensemble,1n2j,1n2j,1n2j_pose_015,data/local_set/1n2j/poses/1n2j_pose_015.sdf,25.974821238987495,lower_better,0.8461538461538461,rcsb_local_pose_ensemble,uncalibrated,0.8461538461538461,complete,her2-pose-v1,7,,1.0,33.15683982813963,7.64832606174938,0.11562931287048633,Review,benchmark,1.0,0.13333333333333333
rcsb_local_pose_ensemble,1n2j,1n2j,1n2j_pose_016,data/local_set/1n2j/poses/1n2j_pose_016.sdf,39.44487852361837,lower_better,0.8461538461538461,rcsb_local_pose_ensemble,uncalibrated,0.8461538461538461,complete,her2-pose-v1,1,,0.9668378377021942,33.15683982813963,7.64832606174938,0.11562931287048633,Review,benchmark,1.0,0.13333333333333333
rcsb_local_pose_ensemble,1n2j,1n2j,1n2j_pose_017,data/local_set/1n2j/poses/1n2j_pose_017.sdf,25.51605526683893,lower_better,0.9230769230769231,rcsb_local_pose_ensemble,uncalibrated,0.9230769230769231,complete,her2-pose-v1,1,,1.0,33.15683982813963,7.64832606174938,0.11562931287048633,Pass,benchmark,1.0,0.13333333333333333
rcsb_local_pose_ensemble,1n2j,1n2j,1n2j_pose_018,data/local_set/1n2j/poses/1n2j_pose_018.sdf,38.51190915598307,lower_better,0.8461538461538461,rcsb_local_pose_ensemble,uncalibrated,0.8461538461538461,complete,her2-pose-v1,15,,0.954725627057176,33.15683982813963,7.64832606174938,0.11562931287048633,Review,benchmark,1.0,0.13333333333333333
rcsb_local_pose_ensemble,1n2j,1n2j,1n2j_pose_019,data/local_set/1n2j/poses/1n2j_pose_019.sdf,25.51275847592276,lower_better,0.8461538461538461,rcsb_local_pose_ensemble,uncalibrated,0.8461538461538461,complete,her2-pose-v1,2,,1.0,33.15683982813963,7.64832606174938,0.11562931287048633,Review,benchmark,1.0,0.13333333333333333
rcsb_local_pose_ensemble,1n2j,1n2j,1n2j_pose_020,data/local_set/1n2j/poses/1n2j_pose_020.sdf,36.89979942732269,lower_better,0.9230769230769231,rcsb_local_pose_ensemble,uncalibrated,0.9230769230769231,complete,her2-pose-v1,1,,1.0,33.15683982813963,7.64832606174938,0.11562931287048633,Review,benchmark,1.0,0.13333333333333333
rcsb_local_pose_ensemble,1n2j,1n2j,1n2j_pose_021,data/local_set/1n2j/poses/1n2j_pose_021.sdf,25.507812327336943,lower_better,1.0,rcsb_local_pose_ensemble,uncalibrated,1.0,complete,her2-pose-v1,0,,1.0,33.15683982813963,7.64832606174938,0.11562931287048633,Pass,benchmark,1.0,0.13333333333333333
rcsb_local_pose_ensemble,1n2j,1n2j,1n2j_pose_022,data/local_set/1n2j/poses/1n2j_pose_022.sdf,38.385093528067095,lower_better,1.0,rcsb_local_pose_ensemble,uncalibrated,1.0,complete,her2-pose-v1,0,,0.959472171159002,33.15683982813963,7.64832606174938,0.11562931287048633,Pass,benchmark,1.0,0.13333333333333333
rcsb_local_pose_ensemble,1n2j,1n2j,1n2j_pose_023,data/local_set/1n2j/poses/1n2j_pose_023.sdf,28.465145445495928,lower_better,0.9230769230769231,rcsb_local_pose_ensemble,uncalibrated,0.9230769230769231,complete,her2-pose-v1,2,,1.0,33.15683982813963,7.64832606174938,0.11562931287048633,Review,benchmark,1.0,0.13333333333333333
rcsb_local_pose_ensemble,1n2j,1n2j,1n2j_pose_024,data/local_set/1n2j/poses/1n2j_pose_024.sdf,44.25759409753066,lower_better,0.8461538461538461,rcsb_local_pose_ensemble,uncalibrated,0.8461538461538461,complete,her2-pose-v1,8,,1.0,33.15683982813963,7.64832606174938,0.11562931287048633,Review,benchmark,1.0,0.13333333333333333
rcsb_local_pose_ensemble,1n2j,1n2j,1n2j_pose_025,data/local_set/1n2j/poses/1n2j_pose_025.sdf,25.902427308656108,lower_better,0.8461538461538461,rcsb_local_pose_ensemble,uncalibrated,0.8461538461538461,complete,her2-pose-v1,8,,1.0,33.15683982813963,7.64832606174938,0.11562931287048633,Fail,benchmark,1.0,0.13333333333333333
rcsb_local_pose_ensemble,1n2j,1n2j,1n2j_pose_026,data/local_set/1n2j/poses/1n2j_pose_026.sdf,43.082957480699555,lower_better,0.9230769230769231,rcsb_local_pose_ensemble,uncalibrated,0.9230769230769231,complete,her2-pose-v1,1,,0.9601193820418364,33.15683982813963,7.64832606174938,0.11562931287048633,Review,benchmark,1.0,0.13333333333333333
rcsb_local_pose_ensemble,1n2j,1n2j,1n2j_pose_027,data/local_set/1n2j/poses/1n2j_pose_027.sdf,25.507108417162737,lower_better,0.8461538461538461,rcsb_local_pose_ensemble,uncalibrated,0.8461538461538461,complete,her2-pose-v1,18,,1.0,33.15683982813963,7.64832606174938,0.11562931287048633,Review,benchmark,1.0,0.13333333333333333
rcsb_local_pose_ensemble,1n2j,1n2j,1n2j_pose_028,data/local_set/1n2j/poses/1n2j_pose_028.sdf,39.64043304388835,lower_better,0.8461538461538461,rcsb_local_pose_ensemble,uncalibrated,0.8461538461538461,complete,her2-pose-v1,6,,0.974794391902412,33.15683982813963,7.64832606174938,0.11562931287048633,Review,benchmark,1.0,0.13333333333333333
rcsb_local_pose_ensemble,1n2j,1n2j,1n2j_pose_029,data/local_set/1n2j/poses/1n2j_pose_029.sdf,28.456025403551457,lower_better,0.8461538461538461,rcsb_local_pose_ensemble,uncalibrated,0.8461538461538461,complete,her2-pose-v1,6,,1.0,33.15683982813963,7.64832606174938,0.11562931287048633,Pass,benchmark,1.0,0.13333333333333333
rcsb_local_pose_ensemble,1n2v,1n2v,1n2v_pose_000,data/local_set/1n2v/poses/1n2v_pose_000.sdf,151.24147607323178,lower_better,1.0,rcsb_local_pose_ensemble,uncalibrated,1.0,complete,her2-pose-v1,0,,1.0,117.46996404377177,36.72506696980753,0.026507573884503085,Pass,benchmark,1.0,0.16666666666666666
rcsb_local_pose_ensemble,1n2v,1n2v,1n2v_pose_001,data/local_set/1n2v/poses/1n2v_pose_001.sdf,151.25518918930655,lower_better,0.9230769230769231,rcsb_local_pose_ensemble,uncalibrated,0.9230769230769231,complete,her2-pose-v1,1,,1.0,117.46996404377177,36.72506696980753,0.026507573884503085,Pass,benchmark,1.0,0.16666666666666666
rcsb_local_pose_ensemble,1n2v,1n2v,1n2v_pose_002,data/local_set/1n2v/poses/1n2v_pose_002.sdf,79.1923045408365,lower_better,1.0,rcsb_local_pose_ensemble,uncalibrated,1.0,complete,her2-pose-v1,0,,1.0,117.46996404377177,36.72506696980753,0.026507573884503085,Pass,benchmark,1.0,0.16666666666666666
rcsb_local_pose_ensemble,1n2v,1n2v,1n2v_pose_003,data/local_set/1n2v/poses/1n2v_pose_003.sdf,151.2624443930734,lower_better,0.8461538461538461,rcsb_local_pose_ensemble,uncalibrated,0.8461538461538461,complete,her2-pose-v1,7,,1.0,117.46996404377177,36.72506696980753,0.026507573884503085,Review,benchmark,1.0,0.16666666666666666
rcsb_local_pose_ensemble,1n2v,1n2v,1n2v_pose_004,data/local_set/1n2v/poses/1n2v_pose_004.sdf,79.6689544345173,lower_better,0.8461538461538461,rcsb_local_pose_ensemble,uncalibrated,0.8461538461538461,complete,her2-pose-v1,26,,1.0,117.46996404377177,36.72506696980753,0.026507573884503085,Review,benchmark,1.0,0.16666666666666666
rcsb_local_pose_ensemble,1n2v,1n2v,1n2v_pose_005,data/local_set/1n2v/poses/1n2v_pose_005.sdf,151.25618664210043,lower_better,0.8461538461538461,rcsb_local_pose_ensemble,uncalibrated,0.8461538461538461,complete,her2-pose-v1,21,,1.0,117.46996404377177,36.72506696980753,0.026507573884503085,Review,benchmark,1.0,0.16666666666666666
rcsb_local_pose_ensemble,1n2v,1n2v,1n2v_pose_006,data/local_set/1n2v/poses/1n2v_pose_006.sdf,79.19362645931221,lower_better,1.0,rcsb_local_pose_ensemble,uncalibrated,1.0,complete,her2-pose-v1,0,,1.0,117.46996404377177,36.72506696980753,0.026507573884503085,Pass,benchmark,1.0,0.16666666666666666
rcsb_local_pose_ensemble,1n2v,1n2v,1n2v_pose_007,data/local_set/1n2v/poses/1n2v_pose_007.sdf,151.23692254265796,lower_better,0.8461538461538461,rcsb_local_pose_ensemble,uncalibrated,0.8461538461538461,complete,her2-pose-v1,8,,1.0,117.46996404377177,36.72506696980753,0.026507573884503085,Fail,benchmark,1.0,0.16666666666666666
rcsb_local_pose_ensemble,1n2v,1n2v,1n2v_pose_008,data/local_set/1n2v/poses/1n2v_pose_008.sdf,79.1452455689467,lower_better,0.8461538461538461,rcsb_local_pose_ensemble,uncalibrated,0.8461538461538461,complete,her2-pose-v1,4,,1.0,117.46996404377177,36.72506696980753,0.026507573884503085,Fail,benchmark,1.0,0.16666666666666666
rcsb_local_pose_ensemble,1n2v,1n2v,1n2v_pose_009,data/local_set/1n2v/poses/1n2v_pose_009.sdf,151.20625074301543,lower_better,1.0,rcsb_local_pose_ensemble,uncalibrated,1.0,complete,her2-pose-v1,0,,1.0,117.46996404377177,36.72506696980753,0.026507573884503085,Pass,benchmark,1.0,0.16666666666666666
rcsb_local_pose_ensemble,1n2v,1n2v,1n2v_pose_010,data/local_set/1n2v/poses/1n2v_pose_010.sdf,79.19214210821988,lower_better,0.8461538461538461,rcsb_local_pose_ensemble,uncalibrated,0.8461538461538461,complete,her2-pose-v1,9,,1.0,117.46996404377177,36.72506696980753,0.026507573884503085,Fail,benchmark,1.0,0.16666666666666666
rcsb_local_pose_ensemble,1n2v,1n2v,1n2v_pose_011,data/local_set/1n2v/poses/1n2v_pose_011.sdf,151.2105215333471,lower_better,0.9230769230769231,rcsb_local_pose_ensemble,uncalibrated,0.9230769230769231,complete,her2-pose-v1,2,,1.0,117.46996404377177,36.72506696980753,0.026507573884503085,Pass,benchmark,1.0,0.16666666666666666
rcsb_local_pose_ensemble,1n2v,1n2v,1n2v_pose_012,data/local_set/1n2v/poses/1n2v_pose_012.sdf,79.16407283156397,lower_better,0.8461538461538461,rcsb_local_pose_ensemble,uncalibrated,0.8461538461538461,complete,her2-pose-v1,31,,1.0,117.46996404377177,36.72506696980753,0.026507573884503085,Review,benchmark,1.0,0.16666666666666666
rcsb_local_pose_ensemble,1n2v,1n2v,1n2v_pose_013,data/local_set/1n2v/poses/1n2v_pose_013.sdf,151.2249472311083,lower_better,1.0,rcsb_local_pose_ensemble,uncalibrated,1.0,complete,her2-pose-v1,0,,1.0,117.46996404377177,36.72506696980753,0.026507573884503085,Pass,benchmark,1.0,0.16666666666666666
rcsb_local_pose_ensemble,1n2v,1n2v,1n2v_pose_014,data/local_set/1n2v/poses/1n2v_pose_014.sdf,77.91960267431686,lower_better,0.8461538461538461,rcsb_local_pose_ensemble,uncalibrated,0.8461538461538461,complete,her2-pose-v1,6,,1.0,117.46996404377177,36.72506696980753,0.026507573884503085,Pass,benchmark,1.0,0.16666666666666666
rcsb_local_pose_ensemble,1n2v,1n2v,1n2v_pose_015,data/local_set/1n2v/poses/1n2v_pose_015.sdf,151.25372359354634,lower_better,0.8461538461538461,rcsb_local_pose_ensemble,uncalibrated,0.8461538461538461,complete,her2-pose-v1,4,,1.0,117.46996404377177,36.72506696980753,0.026507573884503085,Review,benchmark,1.0,0.16666666666666666
rcsb_local_pose_ensemble,1n2v,1n2v,1n2v_pose_016,data/local_set/1n2v/poses/1n2v_pose_016.sdf,78.48521613236802,lower_better,0.8461538461538461,rcsb_local_pose_ensemble,uncalibrated,0.8461538461538461,complete,her2-pose-v1,16,,1.0,117.46996404377177,36.72506696980753,0.026507573884503085,Pass,benchmark,1.0,0.16666666666666666
rcsb_local_pose_ensemble,1n2v,1n2v,1n2v_pose_017,data/local_set/1n2v/poses/1n2v_pose_017.sdf,151.27464993612676,lower_better,0.8461538461538461,rcsb_local_pose_ensemble,uncalibrated,0.8461538461538461,complete,her2-pose-v1,23,,1.0,117.46996404377177,36.72506696980753,0.026507573884503085,Fail,benchmark,1.0,0.16666666666666666
rcsb_local_pose_ensemble,1n2v,1n2v,1n2v_pose_018,data/local_set/1n2v/poses/1n2v_pose_018.sdf,79.70893375998267,lower_better,0.8461538461538461,rcsb_local_pose_ensemble,uncalibrated,0.8461538461538461,complete,her2-pose-v1,17,,1.0,117.46996404377177,36.72506696980753,0.026507573884503085,Fail,benchmark,1.0,0.16666666666666666
rcsb_local_pose_ensemble,1n2v,1n2v,1n2v_pose_019,data/local_set/1n2v/poses/1n2v_pose_019.sdf,151.24512781513096,lower_better,0.8461538461538461,rcsb_local_pose_ensemble,uncalibrated,0.8461538461538461,complete,her2-pose-v1,20,,1.0,117.46996404377177,36.72506696980753,0.026507573884503085,Review,benchmark,1.0,0.16666666666666666
rcsb_local_pose_ensemble,1n2v,1n2v,1n2v_pose_020,data/local_set/1n2v/poses/1n2v_pose_020.sdf,78.46626886746704,lower_better,0.9230769230769231,rcsb_local_pose_ensemble,uncalibrated,0.9230769230769231,complete,her2-pose-v1,4,,1.0,117.46996404377177,36.72506696980753,0.026507573884503085,Pass,benchmark,1.0,0.16666666666666666
rcsb_local_pose_ensemble,1n2v,1n2v,1n2v_pose_021,data/local_set/1n2v/poses/1n2v_pose_021.sdf,151.2204054092179,lower_better,0.8461538461538461,rcsb_local_pose_ensemble,uncalibrated,0.8461538461538461,complete,her2-pose-v1,21,,1.0,117.46996404377177,36.72506696980753,0.026507573884503085,Fail,benchmark,1.0,0.16666666666666666
rcsb_local_pose_ensemble,1n2v,1n2v,1n2v_pose_022,data/local_set/1n2v/poses/1n2v_pose_022.sdf,78.51767941185669,lower_better,0.9230769230769231,rcsb_local_pose_ensemble,uncalibrated,0.9230769230769231,complete,her2-pose-v1,1,,1.0,117.46996404377177,36.72506696980753,0.026507573884503085,Review,benchmark,1.0,0.16666666666666666
rcsb_local_pose_ensemble,1n2v,1n2v,1n2v_pose_023,data/local_set/1n2v/poses/1n2v_pose_023.sdf,151.23135387034822,lower_better,0.8461538461538461,rcsb_local_pose_ensemble,uncalibrated,0.8461538461538461,complete,her2-pose-v1,11,,1.0,117.46996404377177,36.72506696980753,0.026507573884503085,Fail,benchmark,1.0,0.16666666666666666
rcsb_local_pose_ensemble,1n2v,1n2v,1n2v_pose_024,data/local_set/1n2v/poses/1n2v_pose_024.sdf,77.93249413312799,lower_better,0.9230769230769231,rcsb_local_pose_ensemble,uncalibrated,0.9230769230769231,complete,her2-pose-v1,3,,1.0,117.46996404377177,36.72506696980753,0.026507573884503085,Pass,benchmark,1.0,0.16666666666666666
rcsb_local_pose_ensemble,1n2v,1n2v,1n2v_pose_025,data/local_set/1n2v/poses/1n2v_pose_025.sdf,151.24562930288397,lower_better,0.8461538461538461,rcsb_local_pose_ensemble,uncalibrated,0.8461538461538461,complete,her2-pose-v1,18,,1.0,117.46996404377177,36.72506696980753,0.026507573884503085,Fail,benchmark,1.0,0.16666666666666666
rcsb_local_pose_ensemble,1n2v,1n2v,1n2v_pose_026,data/local_set/1n2v/poses/1n2v_pose_026.sdf,79.70356171308121,lower_better,0.9230769230769231,rcsb_local_pose_ensemble,uncalibrated,0.9230769230769231,complete,her2-pose-v1,2,,1.0,117.46996404377177,36.72506696980753,0.026507573884503085,Fail,benchmark,1.0,0.16666666666666666
rcsb_local_pose_ensemble,1n2v,1n2v,1n2v_pose_027,data/local_set/1n2v/poses/1n2v_pose_027.sdf,151.2533015630978,lower_better,0.9230769230769231,rcsb_local_pose_ensemble,uncalibrated,0.9230769230769231,complete,her2-pose-v1,1,,1.0,117.46996404377177,36.72506696980753,0.026507573884503085,Pass,benchmark,1.0,0.16666666666666666
rcsb_local_pose_ensemble,1n2v,1n2v,1n2v_pose_028,data/local_set/1n2v/poses/1n2v_pose_028.sdf,77.91641305488574,lower_better,0.8461538461538461,rcsb_local_pose_ensemble,uncalibrated,0.8461538461538461,complete,her2-pose-v1,13,,1.0,117.46996404377177,36.72506696980753,0.026507573884503085,Review,benchmark,1.0,0.16666666666666666
rcsb_local_pose_ensemble,1n2v,1n2v,1n2v_pose_029,data/local_set/1n2v/poses/1n2v_pose_029.sdf,151.27427578447697,lower_better,0.8461538461538461,rcsb_local_pose_ensemble,uncalibrated,0.8461538461538461,complete,her2-pose-v1,18,,1.0,117.46996404377177,36.72506696980753,0.026507573884503085,Fail,benchmark,1.0,0.16666666666666666
rcsb_local_pose_ensemble,1n46,1n46,1n46_pose_000,data/local_set/1n46/poses/1n46_pose_000.sdf,116.3605975423982,lower_better,1.0,rcsb_local_pose_ensemble,uncalibrated,1.0,complete,her2-pose-v1,0,,0.996912577515878,109.18708165759772,7.860360416493014,0.11286222602621918,Pass,benchmark,1.0,0.06666666666666667
rcsb_local_pose_ensemble,1n46,1n46,1n46_pose_001,data/local_set/1n46/poses/1n46_pose_001.sdf,116.3763058018779,lower_better,1.0,rcsb_local_pose_ensemble,uncalibrated,1.0,complete,her2-pose-v1,0,,0.9968899728039532,109.18708165759772,7.860360416493014,0.11286222602621918,Pass,benchmark,1.0,0.06666666666666667
rcsb_local_pose_ensemble,1n46,1n46,1n46_pose_002,data/local_set/1n46/poses/1n46_pose_002.sdf,100.18520338513676,lower_better,0.8461538461538461,rcsb_local_pose_ensemble,uncalibrated,0.8461538461538461,complete,her2-pose-v1,32,,0.973986929642539,109.18708165759772,7.860360416493014,0.11286222602621918,Fail,benchmark,1.0,0.06666666666666667
rcsb_local_pose_ensemble,1n46,1n46,1n46_pose_003,data/local_set/1n46/poses/1n46_pose_003.sdf,116.35709103132736,lower_better,0.8461538461538461,rcsb_local_pose_ensemble,uncalibrated,0.8461538461538461,complete,her2-pose-v1,37,,0.9969193956228696,109.18708165759772,7.860360416493014,0.11286222602621918,Fail,benchmark,1.0,0.06666666666666667
rcsb_local_pose_ensemble,1n46,1n46,1n46_pose_004,data/local_set/1n46/poses/1n46_pose_004.sdf,103.07895826885732,lower_better,0.8461538461538461,rcsb_local_pose_ensemble,uncalibrated,0.8461538461538461,complete,her2-pose-v1,25,,0.9734113434304013,109.18708165759772,7.860360416493014,0.11286222602621918,Review,benchmark,1.0,0.06666666666666667
rcsb_local_pose_ensemble,1n46,1n46,1n46_pose_005,data/local_set/1n46/poses/1n46_pose_005.sdf,116.36131637030952,lower_better,0.8461538461538461,rcsb_local_pose_ensemble,uncalibrated,0.8461538461538461,complete,her2-pose-v1,40,,0.996912651341247,109.18708165759772,7.860360416493014,0.11286222602621918,Fail,benchmark,1.0,0.06666666666666667
rcsb_local_pose_ensemble,1n46,1n46,1n46_pose_006,data/local_set/1n46/poses/1n46_pose_006.sdf,99.3351909884646,lower_better,0.8461538461538461,rcsb_local_pose_ensemble,uncalibrated,0.8461538461538461,complete,her2-pose-v1,22,,0.9736645223988952,109.18708165759772,7.860360416493014,0.11286222602621918,Review,benchmark,1.0,0.06666666666666667
rcsb_local_pose_ensemble,1n46,1n46,1n46_pose_007,data/local_set/1n46/poses/1n46_pose_007.sdf,116.37134533707788,lower_better,0.8461538461538461,rcsb_local_pose_ensemble,uncalibrated,0.8461538461538461,complete,her2-pose-v1,42,,0.996909178367695,109.18708165759772,7.860360416493014,0.11286222602621918,Fail,benchmark,1.0,0.06666666666666667
rcsb_local_pose_ensemble,1n46,1n46,1n46_pose_008,data/local_set/1n46/poses/1n46_pose_008.sdf,99.11883386718124,lower_better,0.8461538461538461,rcsb_local_pose_ensemble,uncalibrated,0.8461538461538461,complete,her2-pose-v1,21,,0.974017819083493,109.18708165759772,7.860360416493014,0.11286222602621918,Review,benchmark,1.0,0.06666666666666667
rcsb_local_pose_ensemble,1n46,1n46,1n46_pose_009,data/local_set/1n46/poses/1n46_pose_009.sdf,116.34768177457984,lower_better,0.8461538461538461,rcsb_local_pose_ensemble,uncalibrated,0.8461538461538461,complete,her2-pose-v1,40,,0.9969231023387316,109.18708165759772,7.860360416493014,0.11286222602621918,Fail,benchmark,1.0,0.06666666666666667
rcsb_local_pose_ensemble,1n46,1n46,1n46_pose_010,data/local_set/1n46/poses/1n46_pose_010.sdf,101.90119982438216,lower_better,0.8461538461538461,rcsb_local_pose_ensemble,uncalibrated,0.8461538461538461,complete,her2-pose-v1,41,,0.9736406955991606,109.18708165759772,7.860360416493014,0.11286222602621918,Review,benchmark,1.0,0.06666666666666667
rcsb_local_pose_ensemble,1n46,1n46,1n46_pose_011,data/local_set/1n46/poses/1n46_pose_011.sdf,116.38303754495628,lower_better,0.8461538461538461,rcsb_local_pose_ensemble,uncalibrated,0.8461538461538461,complete,her2-pose-v1,80,,0.9968966553199612,109.18708165759772,7.860360416493014,0.11286222602621918,Fail,benchmark,1.0,0.06666666666666667
rcsb_local_pose_ensemble,1n46,1n46,1n46_pose_012,data/local_set/1n46/poses/1n46_pose_012.sdf,100.05570513371254,lower_better,0.8461538461538461,rcsb_local_pose_ensemble,uncalibrated,0.8461538461538461,complete,her2-pose-v1,14,,0.9736455122767078,109.18708165759772,7.860360416493014,0.11286222602621918,Review,benchmark,1.0,0.06666666666666667
rcsb_local_pose_ensemble,1n46,1n46,1n46_pose_013,data/local_set/1n46/poses/1n46_pose_013.sdf,116.35855676604427,lower_better,0.8461538461538461,rcsb_local_pose_ensemble,uncalibrated,0.8461538461538461,complete,her2-pose-v1,33,,0.9969054481821676,109.18708165759772,7.860360416493014,0.11286222602621918,Fail,benchmark,1.0,0.06666666666666667
rcsb_local_pose_ensemble,1n46,1n46,1n46_pose_014,data/local_set/1n46/poses/1n46_pose_014.sdf,101.87593977013128,lower_better,0.8461538461538461,rcsb_local_pose_ensemble,uncalibrated,0.8461538461538461,complete,her2-pose-v1,54,,0.9735877726629772,109.18708165759772,7.860360416493014,0.11286222602621918,Fail,benchmark,1.0,0.06666666666666667
rcsb_local_pose_ensemble,1n46,1n46,1n46_pose_015,data/local_set/1n46/poses/1n46_pose_015.sdf,116.36754868994667,lower_better,0.8461538461538461,rcsb_local_pose_ensemble,uncalibrated,0.8461538461538461,complete,her2-pose-v1,27,,0.9969054112692164,109.18708165759772,7.860360416493014,0.11286222602621918,Review,benchmark,1.0,0.06666666666666667
rcsb_local_pose_ensemble,1n46,1n46,1n46_pose_016,data/local_set/1n46/poses/1n46_pose_016.sdf,101.8992962261076,lower_better,0.9230769230769231,rcsb_local_pose_ensemble,uncalibrated,0.9230769230769231,complete,her2-pose-v1,5,,0.9737197161414036,109.18708165759772,7.860360416493014,0.11286222602621918,Pass,benchmark,1.0,0.06666666666666667
rcsb_local_pose_ensemble,1n46,1n46,1n46_pose_017,data/local_set/1n46/poses/1n46_pose_017.sdf,116.3676186843164,lower_better,0.8461538461538461,rcsb_local_pose_ensemble,uncalibrated,0.8461538461538461,complete,her2-pose-v1,45,,0.996894446871658,109.18708165759772,7.860360416493014,0.11286222602621918,Fail,benchmark,1.0,0.06666666666666667
rcsb_local_pose_ensemble,1n46,1n46,1n46_pose_018,data/local_set/1n46/poses/1n46_pose_018.sdf,100.03535205350671,lower_better,0.8461538461538461,rcsb_local_pose_ensemble,uncalibrated,0.8461538461538461,complete,her2-pose-v1,44,,0.9739382634552974,109.18708165759772,7.860360416493014,0.11286222602621918,Fail,benchmark,1.0,0.06666666666666667
rcsb_local_pose_ensemble,1n46,1n46,1n46_pose_019,data/local_set/1n46/poses/1n46_pose_019.sdf,116.36387876793296,lower_better,0.8461538461538461,rcsb_local_pose_ensemble,uncalibrated,0.8461538461538461,complete,her2-pose-v1,54,,0.9968904566488296,109.18708165759772,7.860360416493014,0.11286222602621918,Fail,benchmark,1.0,0.06666666666666667
rcsb_local_pose_ensemble,1n46,1n46,1n46_pose_020,data/local_set/1n46/poses/1n46_pose_020.sdf,101.83092532177244,lower_better,0.8461538461538461,rcsb_local_pose_ensemble,uncalibrated,0.8461538461538461,complete,her2-pose-v1,48,,0.9736691013021336,109.18708165759772,7.860360416493014,0.11286222602621918,Fail,benchmark,1.0,0.06666666666666667
rcsb_local_pose_ensemble,1n46,1n46,1n46_pose_021,data/local_set/1n46/poses/1n46_pose_021.sdf,116.34365003022116,lower_better,0.8461538461538461,rcsb_local_pose_ensemble,uncalibrated,0.8461538461538461,complete,her2-pose-v1,59,,0.9969303907045124,109.18708165759772,7.860360416493014,0.11286222602621918,Fail,benchmark,1.0,0.06666666666666667
rcsb_local_pose_ensemble,1n46,1n46,1n46_pose_022,data/local_set/1n46/poses/1n46_pose_022.sdf,103.55495585289091,lower_better,0.8461538461538461,rcsb_local_pose_ensemble,uncalibrated,0.8461538461538461,complete,her2-pose-v1,27,,0.9736114652322678,109.18708165759772,7.860360416493014,0.11286222602621918,Review,benchmark,1.0,0.06666666666666667
rcsb_local_pose_ensemble,1n46,1n46,1n46_pose_023,data/local_set/1n46/poses/1n46_pose_023.sdf,116.33386799361436,lower_better,0.8461538461538461,rcsb_local_pose_ensemble,uncalibrated,0.8461538461538461,complete,her2-pose-v1,15,,0.9969013595684412,109.18708165759772,7.860360416493014,0.11286222602621918,Review,benchmark,1.0,0.06666666666666667
rcsb_local_pose_ensemble,1n46,1n46,1n46_pose_024,data/local_set/1n46/poses/1n46_pose_024.sdf,100.08184576205352,lower_better,0.8461538461538461,rcsb_local_pose_ensemble,uncalibrated,0.8461538461538461,complete,her2-pose-v1,55,,0.973648587861396,109.18708165759772,7.860360416493014,0.11286222602621918,Fail,benchmark,1.0,0.06666666666666667
rcsb_local_pose_ensemble,1n46,1n46,1n46_pose_025,data/local_set/1n46/poses/1n46_pose_025.sdf,116.37091832496154,lower_better,0.8461538461538461,rcsb_local_pose_ensemble,uncalibrated,0.8461538461538461,complete,her2-pose-v1,37,,0.9969087330323818,109.18708165759772,7.860360416493014,0.11286222602621918,Fail,benchmark,1.0,0.06666666666666667
rcsb_local_pose_ensemble,1n46,1n46,1n46_pose_026,data/local_set/1n46/poses/1n46_pose_026.sdf,101.8303911486806,lower_better,0.8461538461538461,rcsb_local_pose_ensemble,uncalibrated,0.8461538461538461,complete,her2-pose-v1,8,,0.9736673469151594,109.18708165759772,7.860360416493014,0.11286222602621918,Pass,benchmark,1.0,0.06666666666666667
rcsb_local_pose_ensemble,1n46,1n46,1n46_pose_027,data/local_set/1n46/poses/1n46_pose_027.sdf,116.33505448242356,lower_better,0.8461538461538461,rcsb_local_pose_ensemble,uncalibrated,0.8461538461538461,complete,her2-pose-v1,62,,0.9968969903178024,109.18708165759772,7.860360416493014,0.11286222602621918,Fail,benchmark,1.0,0.06666666666666667
rcsb_local_pose_ensemble,1n46,1n46,1n46_pose_028,data/local_set/1n46/poses/1n46_pose_028.sdf,99.07567273790644,lower_better,0.8461538461538461,rcsb_local_pose_ensemble,uncalibrated,0.8461538461538461,complete,her2-pose-v1,64,,0.9740810483898772,109.18708165759772,7.860360416493014,0.11286222602621918,Fail,benchmark,1.0,0.06666666666666667
rcsb_local_pose_ensemble,1n46,1n46,1n46_pose_029,data/local_set/1n46/poses/1n46_pose_029.sdf,116.35451024515972,lower_better,0.8461538461538461,rcsb_local_pose_ensemble,uncalibrated,0.8461538461538461,complete,her2-pose-v1,41,,0.9969248126069896,109.18708165759772,7.860360416493014,0.11286222602621918,Fail,benchmark,1.0,0.06666666666666667
rcsb_local_pose_ensemble,1nav,1nav,1nav_pose_000,data/local_set/1nav/poses/1nav_pose_000.sdf,89.71477490225286,lower_better,1.0,rcsb_local_pose_ensemble,uncalibrated,1.0,complete,her2-pose-v1,0,,0.994452164160786,77.72191114039995,13.141433421315183,0.07071418930507527,Pass,benchmark,1.0,0.06666666666666667
rcsb_local_pose_ensemble,1nav,1nav,1nav_pose_001,data/local_set/1nav/poses/1nav_pose_001.sdf,89.72681285682968,lower_better,0.8461538461538461,rcsb_local_pose_ensemble,uncalibrated,0.8461538461538461,complete,her2-pose-v1,30,,0.9944318704072228,77.72191114039995,13.141433421315183,0.07071418930507527,Fail,benchmark,1.0,0.06666666666666667
rcsb_local_pose_ensemble,1nav,1nav,1nav_pose_002,data/local_set/1nav/poses/1nav_pose_002.sdf,62.3250523829051,lower_better,0.8461538461538461,rcsb_local_pose_ensemble,uncalibrated,0.8461538461538461,complete,her2-pose-v1,13,,1.0,77.72191114039995,13.141433421315183,0.07071418930507527,Pass,benchmark,1.0,0.06666666666666667
rcsb_local_pose_ensemble,1nav,1nav,1nav_pose_003,data/local_set/1nav/poses/1nav_pose_003.sdf,89.71551534725636,lower_better,0.8461538461538461,rcsb_local_pose_ensemble,uncalibrated,0.8461538461538461,complete,her2-pose-v1,26,,0.9944758088070744,77.72191114039995,13.141433421315183,0.07071418930507527,Fail,benchmark,1.0,0.06666666666666667
rcsb_local_pose_ensemble,1nav,1nav,1nav_pose_004,data/local_set/1nav/poses/1nav_pose_004.sdf,66.84284428086266,lower_better,0.9230769230769231,rcsb_local_pose_ensemble,uncalibrated,0.9230769230769231,complete,her2-pose-v1,4,,1.0,77.72191114039995,13.141433421315183,0.07071418930507527,Pass,benchmark,1.0,0.06666666666666667
rcsb_local_pose_ensemble,1nav,1nav,1nav_pose_005,data/local_set/1nav/poses/1nav_pose_005.sdf,89.69899175404376,lower_better,0.8461538461538461,rcsb_local_pose_ensemble,uncalibrated,0.8461538461538461,complete,her2-pose-v1,8,,0.9944641601972584,77.72191114039995,13.141433421315183,0.07071418930507527,Pass,benchmark,1.0,0.06666666666666667
rcsb_local_pose_ensemble,1nav,1nav,1nav_pose_006,data/local_set/1nav/poses/1nav_pose_006.sdf,66.3185492202909,lower_better,0.8461538461538461,rcsb_local_pose_ensemble,uncalibrated,0.8461538461538461,complete,her2-pose-v1,30,,1.0,77.72191114039995,13.141433421315183,0.07071418930507527,Fail,benchmark,1.0,0.06666666666666667
rcsb_local_pose_ensemble,1nav,1nav,1nav_pose_007,data/local_set/1nav/poses/1nav_pose_007.sdf,89.71113177289182,lower_better,0.8461538461538461,rcsb_local_pose_ensemble,uncalibrated,0.8461538461538461,complete,her2-pose-v1,40,,0.994461553463334,77.72191114039995,13.141433421315183,0.07071418930507527,Fail,benchmark,1.0,0.06666666666666667
rcsb_local_pose_ensemble,1nav,1nav,1nav_pose_008,data/local_set/1nav/poses/1nav_pose_008.sdf,61.797607766979375,lower_better,0.8461538461538461,rcsb_local_pose_ensemble,uncalibrated,0.8461538461538461,complete,her2-pose-v1,42,,1.0,77.72191114039995,13.141433421315183,0.07071418930507527,Fail,benchmark,1.0,0.06666666666666667
rcsb_local_pose_ensemble,1nav,1nav,1nav_pose_009,data/local_set/1nav/poses/1nav_pose_009.sdf,89.72009986168659,lower_better,0.8461538461538461,rcsb_local_pose_ensemble,uncalibrated,0.8461538461538461,complete,her2-pose-v1,21,,0.9944348739589004,77.72191114039995,13.141433421315183,0.07071418930507527,Review,benchmark,1.0,0.06666666666666667
rcsb_local_pose_ensemble,1nav,1nav,1nav_pose_010,data/local_set/1nav/poses/1nav_pose_010.sdf,66.13940757627891,lower_better,0.8461538461538461,rcsb_local_pose_ensemble,uncalibrated,0.8461538461538461,complete,her2-pose-v1,25,,1.0,77.72191114039995,13.141433421315183,0.07071418930507527,Fail,benchmark,1.0,0.06666666666666667
rcsb_local_pose_ensemble,1nav,1nav,1nav_pose_011,data/local_set/1nav/poses/1nav_pose_011.sdf,89.7105886612104,lower_better,0.8461538461538461,rcsb_local_pose_ensemble,uncalibrated,0.8461538461538461,complete,her2-pose-v1,32,,0.9944477899617188,77.72191114039995,13.141433421315183,0.07071418930507527,Fail,benchmark,1.0,0.06666666666666667
rcsb_local_pose_ensemble,1nav,1nav,1nav_pose_012,data/local_set/1nav/poses/1nav_pose_012.sdf,66.17620418777473,lower_better,0.8461538461538461,rcsb_local_pose_ensemble,uncalibrated,0.8461538461538461,complete,her2-pose-v1,25,,1.0,77.72191114039995,13.141433421315183,0.07071418930507527,Review,benchmark,1.0,0.06666666666666667
rcsb_local_pose_ensemble,1nav,1nav,1nav_pose_013,data/local_set/1nav/poses/1nav_pose_013.sdf,89.71642813791647,lower_better,0.8461538461538461,rcsb_local_pose_ensemble,uncalibrated,0.8461538461538461,complete,her2-pose-v1,15,,0.9944534443088284,77.72191114039995,13.141433421315183,0.07071418930507527,Fail,benchmark,1.0,0.06666666666666667
rcsb_local_pose_ensemble,1nav,1nav,1nav_pose_014,data/local_set/1nav/poses/1nav_pose_014.sdf,61.08727808257188,lower_better,0.8461538461538461,rcsb_local_pose_ensemble,uncalibrated,0.8461538461538461,complete,her2-pose-v1,34,,1.0,77.72191114039995,13.141433421315183,0.07071418930507527,Fail,benchmark,1.0,0.06666666666666667
rcsb_local_pose_ensemble,1nav,1nav,1nav_pose_015,data/local_set/1nav/poses/1nav_pose_015.sdf,89.72162252628416,lower_better,0.8461538461538461,rcsb_local_pose_ensemble,uncalibrated,0.8461538461538461,complete,her2-pose-v1,48,,0.9944265251112424,77.72191114039995,13.141433421315183,0.07071418930507527,Fail,benchmark,1.0,0.06666666666666667
rcsb_local_pose_ensemble,1nav,1nav,1nav_pose_016,data/local_set/1nav/poses/1nav_pose_016.sdf,63.9003965634234,lower_better,0.8461538461538461,rcsb_local_pose_ensemble,uncalibrated,0.8461538461538461,complete,her2-pose-v1,24,,1.0,77.72191114039995,13.141433421315183,0.07071418930507527,Review,benchmark,1.0,0.06666666666666667
rcsb_local_pose_ensemble,1nav,1nav,1nav_pose_017,data/local_set/1nav/poses/1nav_pose_017.sdf,89.71674750564424,lower_better,0.9230769230769231,rcsb_local_pose_ensemble,uncalibrated,0.9230769230769231,complete,her2-pose-v1,3,,0.9944693009710572,77.72191114039995,13.141433421315183,0.07071418930507527,Pass,benchmark,1.0,0.06666666666666667
rcsb_local_pose_ensemble,1nav,1nav,1nav_pose_018,data/local_set/1nav/poses/1nav_pose_018.sdf,66.82780641660017,lower_better,0.8461538461538461,rcsb_local_pose_ensemble,uncalibrated,0.8461538461538461,complete,her2-pose-v1,23,,1.0,77.72191114039995,13.141433421315183,0.07071418930507527,Fail,benchmark,1.0,0.06666666666666667
rcsb_local_pose_ensemble,1nav,1nav,1nav_pose_019,data/local_set/1nav/poses/1nav_pose_019.sdf,89.70864998446609,lower_better,0.8461538461538461,rcsb_local_pose_ensemble,uncalibrated,0.8461538461538461,complete,her2-pose-v1,29,,0.9944333406117558,77.72191114039995,13.141433421315183,0.07071418930507527,Fail,benchmark,1.0,0.06666666666666667
rcsb_local_pose_ensemble,1nav,1nav,1nav_pose_020,data/local_set/1nav/poses/1nav_pose_020.sdf,66.31870748561386,lower_better,0.8461538461538461,rcsb_local_pose_ensemble,uncalibrated,0.8461538461538461,complete,her2-pose-v1,37,,1.0,77.72191114039995,13.141433421315183,0.07071418930507527,Fail,benchmark,1.0,0.06666666666666667
rcsb_local_pose_ensemble,1nav,1nav,1nav_pose_021,data/local_set/1nav/poses/1nav_pose_021.sdf,89.70793571580313,lower_better,0.8461538461538461,rcsb_local_pose_ensemble,uncalibrated,0.8461538461538461,complete,her2-pose-v1,19,,0.9944411878214736,77.72191114039995,13.141433421315183,0.07071418930507527,Review,benchmark,1.0,0.06666666666666667
rcsb_local_pose_ensemble,1nav,1nav,1nav_pose_022,data/local_set/1nav/poses/1nav_pose_022.sdf,60.52460319699145,lower_better,0.8461538461538461,rcsb_local_pose_ensemble,uncalibrated,0.8461538461538461,complete,her2-pose-v1,10,,1.0,77.72191114039995,13.141433421315183,0.07071418930507527,Review,benchmark,1.0,0.06666666666666667
rcsb_local_pose_ensemble,1nav,1nav,1nav_pose_023,data/local_set/1nav/poses/1nav_pose_023.sdf,89.72631510530124,lower_better,0.8461538461538461,rcsb_local_pose_ensemble,uncalibrated,0.8461538461538461,complete,her2-pose-v1,25,,0.994443425274617,77.72191114039995,13.141433421315183,0.07071418930507527,Review,benchmark,1.0,0.06666666666666667
rcsb_local_pose_ensemble,1nav,1nav,1nav_pose_024,data/local_set/1nav/poses/1nav_pose_024.sdf,61.400559271249485,lower_better,0.8461538461538461,rcsb_local_pose_ensemble,uncalibrated,0.8461538461538461,complete,her2-pose-v1,8,,1.0,77.72191114039995,13.141433421315183,0.07071418930507527,Review,benchmark,1.0,0.06666666666666667
rcsb_local_pose_ensemble,1nav,1nav,1nav_pose_025,data/local_set/1nav/poses/1nav_pose_025.sdf,89.7199083670291,lower_better,1.0,rcsb_local_pose_ensemble,uncalibrated,1.0,complete,her2-pose-v1,0,,0.9944366080561048,77.72191114039995,13.141433421315183,0.07071418930507527,Pass,benchmark,1.0,0.06666666666666667
rcsb_local_pose_ensemble,1nav,1nav,1nav_pose_026,data/local_set/1nav/poses/1nav_pose_026.sdf,64.64969732773017,lower_better,0.8461538461538461,rcsb_local_pose_ensemble,uncalibrated,0.8461538461538461,complete,her2-pose-v1,41,,1.0,77.72191114039995,13.141433421315183,0.07071418930507527,Fail,benchmark,1.0,0.06666666666666667
rcsb_local_pose_ensemble,1nav,1nav,1nav_pose_027,data/local_set/1nav/poses/1nav_pose_027.sdf,89.7153351031228,lower_better,0.8461538461538461,rcsb_local_pose_ensemble,uncalibrated,0.8461538461538461,complete,her2-pose-v1,28,,0.994462667997802,77.72191114039995,13.141433421315183,0.07071418930507527,Fail,benchmark,1.0,0.06666666666666667
rcsb_local_pose_ensemble,1nav,1nav,1nav_pose_028,data/local_set/1nav/poses/1nav_pose_028.sdf,61.893511026042475,lower_better,0.9230769230769231,rcsb_local_pose_ensemble,uncalibrated,0.9230769230769231,complete,her2-pose-v1,1,,1.0,77.72191114039995,13.141433421315183,0.07071418930507527,Pass,benchmark,1.0,0.06666666666666667
rcsb_local_pose_ensemble,1nav,1nav,1nav_pose_029,data/local_set/1nav/poses/1nav_pose_029.sdf,89.72425182494557,lower_better,0.8461538461538461,rcsb_local_pose_ensemble,uncalibrated,0.8461538461538461,complete,her2-pose-v1,46,,0.9944464990838232,77.72191114039995,13.141433421315183,0.07071418930507527,Fail,benchmark,1.0,0.06666666666666667
rcsb_local_pose_ensemble,1of1,1of1,1of1_pose_000,data/local_set/1of1/poses/1of1_pose_000.sdf,330.3411088609605,lower_better,1.0,rcsb_local_pose_ensemble,uncalibrated,1.0,complete,her2-pose-v1,0,,1.0,329.3525955168555,1.2829741066993627,0.43802511691460316,Pass,benchmark,1.0,0.03333333333333333
rcsb_local_pose_ensemble,1of1,1of1,1of1_pose_001,data/local_set/1of1/poses/1of1_pose_001.sdf,330.3405967023236,lower_better,0.8461538461538461,rcsb_local_pose_ensemble,uncalibrated,0.8461538461538461,complete,her2-pose-v1,5,,1.0,329.3525955168555,1.2829741066993627,0.43802511691460316,Pass,benchmark,1.0,0.03333333333333333
rcsb_local_pose_ensemble,1of1,1of1,1of1_pose_002,data/local_set/1of1/poses/1of1_pose_002.sdf,326.9807961478713,lower_better,0.8461538461538461,rcsb_local_pose_ensemble,uncalibrated,0.8461538461538461,complete,her2-pose-v1,26,,1.0,329.3525955168555,1.2829741066993627,0.43802511691460316,Fail,benchmark,1.0,0.03333333333333333
rcsb_local_pose_ensemble,1of1,1of1,1of1_pose_003,data/local_set/1of1/poses/1of1_pose_003.sdf,330.3381526256514,lower_better,0.8461538461538461,rcsb_local_pose_ensemble,uncalibrated,0.8461538461538461,complete,her2-pose-v1,12,,1.0,329.3525955168555,1.2829741066993627,0.43802511691460316,Review,benchmark,1.0,0.03333333333333333
rcsb_local_pose_ensemble,1of1,1of1,1of1_pose_004,data/local_set/1of1/poses/1of1_pose_004.sdf,329.8582131673961,lower_better,0.9230769230769231,rcsb_local_pose_ensemble,uncalibrated,0.9230769230769231,complete,her2-pose-v1,3,,1.0,329.3525955168555,1.2829741066993627,0.43802511691460316,Review,benchmark,1.0,0.03333333333333333
rcsb_local_pose_ensemble,1of1,1of1,1of1_pose_005,data/local_set/1of1/poses/1of1_pose_005.sdf,330.9756367221425,lower_better,0.8461538461538461,rcsb_local_pose_ensemble,uncalibrated,0.8461538461538461,complete,her2-pose-v1,3,,1.0,329.3525955168555,1.2829741066993627,0.43802511691460316,Fail,benchmark,1.0,0.03333333333333333
rcsb_local_pose_ensemble,1of1,1of1,1of1_pose_006,data/local_set/1of1/poses/1of1_pose_006.sdf,328.6147538168229,lower_better,0.8461538461538461,rcsb_local_pose_ensemble,uncalibrated,0.8461538461538461,complete,her2-pose-v1,19,,1.0,329.3525955168555,1.2829741066993627,0.43802511691460316,Fail,benchmark,1.0,0.03333333333333333
rcsb_local_pose_ensemble,1of1,1of1,1of1_pose_007,data/local_set/1of1/poses/1of1_pose_007.sdf,330.34262036839624,lower_better,0.8461538461538461,rcsb_local_pose_ensemble,uncalibrated,0.8461538461538461,complete,her2-pose-v1,17,,1.0,329.3525955168555,1.2829741066993627,0.43802511691460316,Fail,benchmark,1.0,0.03333333333333333
rcsb_local_pose_ensemble,1of1,1of1,1of1_pose_008,data/local_set/1of1/poses/1of1_pose_008.sdf,327.3118395995993,lower_better,0.8461538461538461,rcsb_local_pose_ensemble,uncalibrated,0.8461538461538461,complete,her2-pose-v1,40,,1.0,329.3525955168555,1.2829741066993627,0.43802511691460316,Review,benchmark,1.0,0.03333333333333333
rcsb_local_pose_ensemble,1of1,1of1,1of1_pose_009,data/local_set/1of1/poses/1of1_pose_009.sdf,330.3338398339604,lower_better,0.8461538461538461,rcsb_local_pose_ensemble,uncalibrated,0.8461538461538461,complete,her2-pose-v1,7,,1.0,329.3525955168555,1.2829741066993627,0.43802511691460316,Pass,benchmark,1.0,0.03333333333333333
rcsb_local_pose_ensemble,1of1,1of1,1of1_pose_010,data/local_set/1of1/poses/1of1_pose_010.sdf,327.5553202061097,lower_better,0.9230769230769231,rcsb_local_pose_ensemble,uncalibrated,0.9230769230769231,complete,her2-pose-v1,1,,1.0,329.3525955168555,1.2829741066993627,0.43802511691460316,Pass,benchmark,1.0,0.03333333333333333
rcsb_local_pose_ensemble,1of1,1of1,1of1_pose_011,data/local_set/1of1/poses/1of1_pose_011.sdf,330.3411740984742,lower_better,0.8461538461538461,rcsb_local_pose_ensemble,uncalibrated,0.8461538461538461,complete,her2-pose-v1,9,,1.0,329.3525955168555,1.2829741066993627,0.43802511691460316,Fail,benchmark,1.0,0.03333333333333333
rcsb_local_pose_ensemble,1of1,1of1,1of1_pose_012,data/local_set/1of1/poses/1of1_pose_012.sdf,328.7017320677595,lower_better,0.8461538461538461,rcsb_local_pose_ensemble,uncalibrated,0.8461538461538461,complete,her2-pose-v1,16,,1.0,329.3525955168555,1.2829741066993627,0.43802511691460316,Fail,benchmark,1.0,0.03333333333333333
rcsb_local_pose_ensemble,1of1,1of1,1of1_pose_013,data/local_set/1of1/poses/1of1_pose_013.sdf,330.3512950748928,lower_better,0.8461538461538461,rcsb_local_pose_ensemble,uncalibrated,0.8461538461538461,complete,her2-pose-v1,20,,1.0,329.3525955168555,1.2829741066993627,0.43802511691460316,Fail,benchmark,1.0,0.03333333333333333
rcsb_local_pose_ensemble,1of1,1of1,1of1_pose_014,data/local_set/1of1/poses/1of1_pose_014.sdf,327.8155933547217,lower_better,0.9230769230769231,rcsb_local_pose_ensemble,uncalibrated,0.9230769230769231,complete,her2-pose-v1,3,,1.0,329.3525955168555,1.2829741066993627,0.43802511691460316,Pass,benchmark,1.0,0.03333333333333333
rcsb_local_pose_ensemble,1of1,1of1,1of1_pose_015,data/local_set/1of1/poses/1of1_pose_015.sdf,330.34429877670664,lower_better,0.9230769230769231,rcsb_local_pose_ensemble,uncalibrated,0.9230769230769231,complete,her2-pose-v1,2,,1.0,329.3525955168555,1.2829741066993627,0.43802511691460316,Pass,benchmark,1.0,0.03333333333333333
rcsb_local_pose_ensemble,1of1,1of1,1of1_pose_016,data/local_set/1of1/poses/1of1_pose_016.sdf,327.205397607479,lower_better,0.8461538461538461,rcsb_local_pose_ensemble,uncalibrated,0.8461538461538461,complete,her2-pose-v1,32,,1.0,329.3525955168555,1.2829741066993627,0.43802511691460316,Fail,benchmark,1.0,0.03333333333333333
rcsb_local_pose_ensemble,1of1,1of1,1of1_pose_017,data/local_set/1of1/poses/1of1_pose_017.sdf,330.3579532359922,lower_better,0.8461538461538461,rcsb_local_pose_ensemble,uncalibrated,0.8461538461538461,complete,her2-pose-v1,27,,1.0,329.3525955168555,1.2829741066993627,0.43802511691460316,Review,benchmark,1.0,0.03333333333333333
rcsb_local_pose_ensemble,1of1,1of1,1of1_pose_018,data/local_set/1of1/poses/1of1_pose_018.sdf,328.09867171419165,lower_better,0.8461538461538461,rcsb_local_pose_ensemble,uncalibrated,0.8461538461538461,complete,her2-pose-v1,23,,1.0,329.3525955168555,1.2829741066993627,0.43802511691460316,Fail,benchmark,1.0,0.03333333333333333
rcsb_local_pose_ensemble,1of1,1of1,1of1_pose_019,data/local_set/1of1/poses/1of1_pose_019.sdf,330.33999488761157,lower_better,0.8461538461538461,rcsb_local_pose_ensemble,uncalibrated,0.8461538461538461,complete,her2-pose-v1,31,,1.0,329.3525955168555,1.2829741066993627,0.43802511691460316,Review,benchmark,1.0,0.03333333333333333
rcsb_local_pose_ensemble,1of1,1of1,1of1_pose_020,data/local_set/1of1/poses/1of1_pose_020.sdf,328.6070342476006,lower_better,0.8461538461538461,rcsb_local_pose_ensemble,uncalibrated,0.8461538461538461,complete,her2-pose-v1,13,,0.8726504497748201,329.3525955168555,1.2829741066993627,0.43802511691460316,Fail,benchmark,1.0,0.03333333333333333
rcsb_local_pose_ensemble,1of1,1of1,1of1_pose_021,data/local_set/1of1/poses/1of1_pose_021.sdf,330.9983163561368,lower_better,0.8461538461538461,rcsb_local_pose_ensemble,uncalibrated,0.8461538461538461,complete,her2-pose-v1,22,,1.0,329.3525955168555,1.2829741066993627,0.43802511691460316,Review,benchmark,1.0,0.03333333333333333
rcsb_local_pose_ensemble,1of1,1of1,1of1_pose_022,data/local_set/1of1/poses/1of1_pose_022.sdf,328.28174291432526,lower_better,0.8461538461538461,rcsb_local_pose_ensemble,uncalibrated,0.8461538461538461,complete,her2-pose-v1,26,,1.0,329.3525955168555,1.2829741066993627,0.43802511691460316,Fail,benchmark,1.0,0.03333333333333333
rcsb_local_pose_ensemble,1of1,1of1,1of1_pose_023,data/local_set/1of1/poses/1of1_pose_023.sdf,330.3351526794704,lower_better,0.9230769230769231,rcsb_local_pose_ensemble,uncalibrated,0.9230769230769231,complete,her2-pose-v1,1,,1.0,329.3525955168555,1.2829741066993627,0.43802511691460316,Pass,benchmark,1.0,0.03333333333333333
rcsb_local_pose_ensemble,1of1,1of1,1of1_pose_024,data/local_set/1of1/poses/1of1_pose_024.sdf,328.87400341160236,lower_better,0.8461538461538461,rcsb_local_pose_ensemble,uncalibrated,0.8461538461538461,complete,her2-pose-v1,9,,1.0,329.3525955168555,1.2829741066993627,0.43802511691460316,Pass,benchmark,1.0,0.03333333333333333
rcsb_local_pose_ensemble,1of1,1of1,1of1_pose_025,data/local_set/1of1/poses/1of1_pose_025.sdf,330.3428219744044,lower_better,0.9230769230769231,rcsb_local_pose_ensemble,uncalibrated,0.9230769230769231,complete,her2-pose-v1,2,,1.0,329.3525955168555,1.2829741066993627,0.43802511691460316,Pass,benchmark,1.0,0.03333333333333333
rcsb_local_pose_ensemble,1of1,1of1,1of1_pose_026,data/local_set/1of1/poses/1of1_pose_026.sdf,327.7693012207653,lower_better,0.8461538461538461,rcsb_local_pose_ensemble,uncalibrated,0.8461538461538461,complete,her2-pose-v1,22,,1.0,329.3525955168555,1.2829741066993627,0.43802511691460316,Fail,benchmark,1.0,0.03333333333333333
rcsb_local_pose_ensemble,1of1,1of1,1of1_pose_027,data/local_set/1of1/poses/1of1_pose_027.sdf,330.34332870816456,lower_better,0.8461538461538461,rcsb_local_pose_ensemble,uncalibrated,0.8461538461538461,complete,her2-pose-v1,6,,1.0,329.3525955168555,1.2829741066993627,0.43802511691460316,Fail,benchmark,1.0,0.03333333333333333
rcsb_local_pose_ensemble,1of1,1of1,1of1_pose_028,data/local_set/1of1/poses/1of1_pose_028.sdf,328.14330076223456,lower_better,0.8461538461538461,rcsb_local_pose_ensemble,uncalibrated,0.8461538461538461,complete,her2-pose-v1,28,,1.0,329.3525955168555,1.2829741066993627,0.43802511691460316,Fail,benchmark,1.0,0.03333333333333333
rcsb_local_pose_ensemble,1of1,1of1,1of1_pose_029,data/local_set/1of1/poses/1of1_pose_029.sdf,330.3338743618984,lower_better,0.8461538461538461,rcsb_local_pose_ensemble,uncalibrated,0.8461538461538461,complete,her2-pose-v1,15,,1.0,329.3525955168555,1.2829741066993627,0.43802511691460316,Review,benchmark,1.0,0.03333333333333333
rcsb_local_pose_ensemble,1of6,1of6,1of6_pose_000,data/local_set/1of6/poses/1of6_pose_000.sdf,50.085658564887666,lower_better,1.0,rcsb_local_pose_ensemble,uncalibrated,1.0,complete,her2-pose-v1,0,,0.9822547890354943,39.658096444963455,11.068082388891026,0.08286320624729288,Pass,benchmark,1.0,0.03333333333333333
rcsb_local_pose_ensemble,1of6,1of6,1of6_pose_001,data/local_set/1of6/poses/1of6_pose_001.sdf,50.08098264533136,lower_better,0.9230769230769231,rcsb_local_pose_ensemble,uncalibrated,0.9230769230769231,complete,her2-pose-v1,2,,0.9822529341112248,39.658096444963455,11.068082388891026,0.08286320624729288,Pass,benchmark,1.0,0.03333333333333333
rcsb_local_pose_ensemble,1of6,1of6,1of6_pose_002,data/local_set/1of6/poses/1of6_pose_002.sdf,29.794247704744627,lower_better,0.8461538461538461,rcsb_local_pose_ensemble,uncalibrated,0.8461538461538461,complete,her2-pose-v1,4,,1.0,39.658096444963455,11.068082388891026,0.08286320624729288,Pass,benchmark,1.0,0.03333333333333333
rcsb_local_pose_ensemble,1of6,1of6,1of6_pose_003,data/local_set/1of6/poses/1of6_pose_003.sdf,49.690770004785726,lower_better,0.8461538461538461,rcsb_local_pose_ensemble,uncalibrated,0.8461538461538461,complete,her2-pose-v1,7,,0.9822584005425444,39.658096444963455,11.068082388891026,0.08286320624729288,Review,benchmark,1.0,0.03333333333333333
rcsb_local_pose_ensemble,1of6,1of6,1of6_pose_004,data/local_set/1of6/poses/1of6_pose_004.sdf,25.64595418520693,lower_better,0.8461538461538461,rcsb_local_pose_ensemble,uncalibrated,0.8461538461538461,complete,her2-pose-v1,4,,1.0,39.658096444963455,11.068082388891026,0.08286320624729288,Pass,benchmark,1.0,0.03333333333333333
rcsb_local_pose_ensemble,1of6,1of6,1of6_pose_005,data/local_set/1of6/poses/1of6_pose_005.sdf,50.08597011504105,lower_better,0.8461538461538461,rcsb_local_pose_ensemble,uncalibrated,0.8461538461538461,complete,her2-pose-v1,7,,0.9822637926056283,39.658096444963455,11.068082388891026,0.08286320624729288,Pass,benchmark,1.0,0.03333333333333333
rcsb_local_pose_ensemble,1of6,1of6,1of6_pose_006,data/local_set/1of6/poses/1of6_pose_006.sdf,26.65940795796835,lower_better,0.8461538461538461,rcsb_local_pose_ensemble,uncalibrated,0.8461538461538461,complete,her2-pose-v1,7,,1.0,39.658096444963455,11.068082388891026,0.08286320624729288,Review,benchmark,1.0,0.03333333333333333
rcsb_local_pose_ensemble,1of6,1of6,1of6_pose_007,data/local_set/1of6/poses/1of6_pose_007.sdf,50.07268083304193,lower_better,0.8461538461538461,rcsb_local_pose_ensemble,uncalibrated,0.8461538461538461,complete,her2-pose-v1,11,,0.9822526662560952,39.658096444963455,11.068082388891026,0.08286320624729288,Review,benchmark,1.0,0.03333333333333333
rcsb_local_pose_ensemble,1of6,1of6,1of6_pose_008,data/local_set/1of6/poses/1of6_pose_008.sdf,27.044748368176194,lower_better,0.8461538461538461,rcsb_local_pose_ensemble,uncalibrated,0.8461538461538461,complete,her2-pose-v1,13,,1.0,39.658096444963455,11.068082388891026,0.08286320624729288,Fail,benchmark,1.0,0.03333333333333333
rcsb_local_pose_ensemble,1of6,1of6,1of6_pose_009,data/local_set/1of6/poses/1of6_pose_009.sdf,50.076382346821184,lower_better,0.8461538461538461,rcsb_local_pose_ensemble,uncalibrated,0.8461538461538461,complete,her2-pose-v1,9,,0.9822263673252732,39.658096444963455,11.068082388891026,0.08286320624729288,Review,benchmark,1.0,0.03333333333333333
rcsb_local_pose_ensemble,1of6,1of6,1of6_pose_010,data/local_set/1of6/poses/1of6_pose_010.sdf,27.63863345426639,lower_better,0.8461538461538461,rcsb_local_pose_ensemble,uncalibrated,0.8461538461538461,complete,her2-pose-v1,3,,1.0,39.658096444963455,11.068082388891026,0.08286320624729288,Pass,benchmark,1.0,0.03333333333333333
rcsb_local_pose_ensemble,1of6,1of6,1of6_pose_011,data/local_set/1of6/poses/1of6_pose_011.sdf,50.086489450075234,lower_better,0.8461538461538461,rcsb_local_pose_ensemble,uncalibrated,0.8461538461538461,complete,her2-pose-v1,1,,0.9822540578433304,39.658096444963455,11.068082388891026,0.08286320624729288,Pass,benchmark,1.0,0.03333333333333333
rcsb_local_pose_ensemble,1of6,1of6,1of6_pose_012,data/local_set/1of6/poses/1of6_pose_012.sdf,29.202956106666875,lower_better,0.8461538461538461,rcsb_local_pose_ensemble,uncalibrated,0.8461538461538461,complete,her2-pose-v1,21,,0.9872166107190296,39.658096444963455,11.068082388891026,0.08286320624729288,Review,benchmark,1.0,0.03333333333333333
rcsb_local_pose_ensemble,1of6,1of6,1of6_pose_013,data/local_set/1of6/poses/1of6_pose_013.sdf,50.09145842318085,lower_better,0.8461538461538461,rcsb_local_pose_ensemble,uncalibrated,0.8461538461538461,complete,her2-pose-v1,17,,0.9822265687136772,39.658096444963455,11.068082388891026,0.08286320624729288,Fail,benchmark,1.0,0.03333333333333333
rcsb_local_pose_ensemble,1of6,1of6,1of6_pose_014,data/local_set/1of6/poses/1of6_pose_014.sdf,25.98464718738664,lower_better,0.8461538461538461,rcsb_local_pose_ensemble,uncalibrated,0.8461538461538461,complete,her2-pose-v1,11,,1.0,39.658096444963455,11.068082388891026,0.08286320624729288,Review,benchmark,1.0,0.03333333333333333
rcsb_local_pose_ensemble,1of6,1of6,1of6_pose_015,data/local_set/1of6/poses/1of6_pose_015.sdf,49.21953698810245,lower_better,0.8461538461538461,rcsb_local_pose_ensemble,uncalibrated,0.8461538461538461,complete,her2-pose-v1,12,,0.9822566832887248,39.658096444963455,11.068082388891026,0.08286320624729288,Fail,benchmark,1.0,0.03333333333333333
rcsb_local_pose_ensemble,1of6,1of6,1of6_pose_016,data/local_set/1of6/poses/1of6_pose_016.sdf,29.805190907760128,lower_better,0.8461538461538461,rcsb_local_pose_ensemble,uncalibrated,0.8461538461538461,complete,her2-pose-v1,20,,1.0,39.658096444963455,11.068082388891026,0.08286320624729288,Review,benchmark,1.0,0.03333333333333333
rcsb_local_pose_ensemble,1of6,1of6,1of6_pose_017,data/local_set/1of6/poses/1of6_pose_017.sdf,50.082479612448445,lower_better,0.8461538461538461,rcsb_local_pose_ensemble,uncalibrated,0.8461538461538461,complete,her2-pose-v1,22,,0.9822687724400644,39.658096444963455,11.068082388891026,0.08286320624729288,Fail,benchmark,1.0,0.03333333333333333
rcsb_local_pose_ensemble,1of6,1of6,1of6_pose_018,data/local_set/1of6/poses/1of6_pose_018.sdf,26.774629183456273,lower_better,0.8461538461538461,rcsb_local_pose_ensemble,uncalibrated,0.8461538461538461,complete,her2-pose-v1,20,,1.0,39.658096444963455,11.068082388891026,0.08286320624729288,Review,benchmark,1.0,0.03333333333333333
rcsb_local_pose_ensemble,1of6,1of6,1of6_pose_019,data/local_set/1of6/poses/1of6_pose_019.sdf,49.21407636393525,lower_better,0.8461538461538461,rcsb_local_pose_ensemble,uncalibrated,0.8461538461538461,complete,her2-pose-v1,18,,0.9822569955884284,39.658096444963455,11.068082388891026,0.08286320624729288,Review,benchmark,1.0,0.03333333333333333
rcsb_local_pose_ensemble,1of6,1of6,1of6_pose_020,data/local_set/1of6/poses/1of6_pose_020.sdf,28.21983202866431,lower_better,0.8461538461538461,rcsb_local_pose_ensemble,uncalibrated,0.8461538461538461,complete,her2-pose-v1,3,,0.9980526610052968,39.658096444963455,11.068082388891026,0.08286320624729288,Pass,benchmark,1.0,0.03333333333333333
rcsb_local_pose_ensemble,1of6,1of6,1of6_pose_021,data/local_set/1of6/poses/1of6_pose_021.sdf,50.08300038700219,lower_better,0.8461538461538461,rcsb_local_pose_ensemble,uncalibrated,0.8461538461538461,complete,her2-pose-v1,3,,0.982255233886405,39.658096444963455,11.068082388891026,0.08286320624729288,Pass,benchmark,1.0,0.03333333333333333
rcsb_local_pose_ensemble,1of6,1of6,1of6_pose_022,data/local_set/1of6/poses/1of6_pose_022.sdf,29.13017172157439,lower_better,0.8461538461538461,rcsb_local_pose_ensemble,uncalibrated,0.8461538461538461,complete,her2-pose-v1,19,,0.9980800914972892,39.658096444963455,11.068082388891026,0.08286320624729288,Fail,benchmark,1.0,0.03333333333333333
rcsb_local_pose_ensemble,1of6,1of6,1of6_pose_023,data/local_set/1of6/poses/1of6_pose_023.sdf,49.20350584283946,lower_better,0.8461538461538461,rcsb_local_pose_ensemble,uncalibrated,0.8461538461538461,complete,her2-pose-v1,3,,0.9822590975123174,39.658096444963455,11.068082388891026,0.08286320624729288,Review,benchmark,1.0,0.03333333333333333
rcsb_local_pose_ensemble,1of6,1of6,1of6_pose_024,data/local_set/1of6/poses/1of6_pose_024.sdf,29.53560080309561,lower_better,0.8461538461538461,rcsb_local_pose_ensemble,uncalibrated,0.8461538461538461,complete,her2-pose-v1,8,,0.987677537626932,39.658096444963455,11.068082388891026,0.08286320624729288,Review,benchmark,1.0,0.03333333333333333
rcsb_local_pose_ensemble,1of6,1of6,1of6_pose_025,data/local_set/1of6/poses/1of6_pose_025.sdf,49.715416812628256,lower_better,0.8461538461538461,rcsb_local_pose_ensemble,uncalibrated,0.8461538461538461,complete,her2-pose-v1,17,,0.9822510992431228,39.658096444963455,11.068082388891026,0.08286320624729288,Fail,benchmark,1.0,0.03333333333333333
rcsb_local_pose_ensemble,1of6,1of6,1of6_pose_026,data/local_set/1of6/poses/1of6_pose_026.sdf,29.719314509192472,lower_better,0.8461538461538461,rcsb_local_pose_ensemble,uncalibrated,0.8461538461538461,complete,her2-pose-v1,13,,1.0,39.658096444963455,11.068082388891026,0.08286320624729288,Review,benchmark,1.0,0.03333333333333333
rcsb_local_pose_ensemble,1of6,1of6,1of6_pose_027,data/local_set/1of6/poses/1of6_pose_027.sdf,49.20605499994906,lower_better,0.8461538461538461,rcsb_local_pose_ensemble,uncalibrated,0.8461538461538461,complete,her2-pose-v1,12,,0.9822368068209212,39.658096444963455,11.068082388891026,0.08286320624729288,Fail,benchmark,1.0,0.03333333333333333
rcsb_local_pose_ensemble,1of6,1of6,1of6_pose_028,data/local_set/1of6/poses/1of6_pose_028.sdf,27.892890712736197,lower_better,0.8461538461538461,rcsb_local_pose_ensemble,uncalibrated,0.8461538461538461,complete,her2-pose-v1,17,,0.9896431135173784,39.658096444963455,11.068082388891026,0.08286320624729288,Review,benchmark,1.0,0.03333333333333333
rcsb_local_pose_ensemble,1of6,1of6,1of6_pose_029,data/local_set/1of6/poses/1of6_pose_029.sdf,49.700205127938126,lower_better,0.8461538461538461,rcsb_local_pose_ensemble,uncalibrated,0.8461538461538461,complete,her2-pose-v1,13,,0.9822488678972952,39.658096444963455,11.068082388891026,0.08286320624729288,Review,benchmark,1.0,0.03333333333333333
rcsb_local_pose_ensemble,1opk,1opk,1opk_pose_000,data/local_set/1opk/poses/1opk_pose_000.sdf,104.60384668503592,lower_better,1.0,rcsb_local_pose_ensemble,uncalibrated,1.0,complete,her2-pose-v1,0,,0.99183905272168,101.6016800337086,3.204143471113702,0.23786057894334758,Pass,benchmark,1.0,0.1
rcsb_local_pose_ensemble,1opk,1opk,1opk_pose_001,data/local_set/1opk/poses/1opk_pose_001.sdf,104.50587289295194,lower_better,0.8461538461538461,rcsb_local_pose_ensemble,uncalibrated,0.8461538461538461,complete,her2-pose-v1,54,,0.9918427344898731,101.6016800337086,3.204143471113702,0.23786057894334758,Fail,benchmark,1.0,0.1
rcsb_local_pose_ensemble,1opk,1opk,1opk_pose_002,data/local_set/1opk/poses/1opk_pose_002.sdf,98.72981895010771,lower_better,0.8461538461538461,rcsb_local_pose_ensemble,uncalibrated,0.8461538461538461,complete,her2-pose-v1,60,,0.9906788833733468,101.6016800337086,3.204143471113702,0.23786057894334758,Fail,benchmark,1.0,0.1
rcsb_local_pose_ensemble,1opk,1opk,1opk_pose_003,data/local_set/1opk/poses/1opk_pose_003.sdf,104.61155208777512,lower_better,0.8461538461538461,rcsb_local_pose_ensemble,uncalibrated,0.8461538461538461,complete,her2-pose-v1,24,,0.9918421575473856,101.6016800337086,3.204143471113702,0.23786057894334758,Fail,benchmark,1.0,0.1
rcsb_local_pose_ensemble,1opk,1opk,1opk_pose_004,data/local_set/1opk/poses/1opk_pose_004.sdf,97.99813140349784,lower_better,0.8461538461538461,rcsb_local_pose_ensemble,uncalibrated,0.8461538461538461,complete,her2-pose-v1,43,,0.9931830391945772,101.6016800337086,3.204143471113702,0.23786057894334758,Fail,benchmark,1.0,0.1
rcsb_local_pose_ensemble,1opk,1opk,1opk_pose_005,data/local_set/1opk/poses/1opk_pose_005.sdf,104.49410668270184,lower_better,0.8461538461538461,rcsb_local_pose_ensemble,uncalibrated,0.8461538461538461,complete,her2-pose-v1,62,,0.9918305838521464,101.6016800337086,3.204143471113702,0.23786057894334758,Fail,benchmark,1.0,0.1
rcsb_local_pose_ensemble,1opk,1opk,1opk_pose_006,data/local_set/1opk/poses/1opk_pose_006.sdf,99.48730058144584,lower_better,1.0,rcsb_local_pose_ensemble,uncalibrated,1.0,complete,her2-pose-v1,0,,0.9906810822836316,101.6016800337086,3.204143471113702,0.23786057894334758,Pass,benchmark,1.0,0.1
rcsb_local_pose_ensemble,1opk,1opk,1opk_pose_007,data/local_set/1opk/poses/1opk_pose_007.sdf,104.59425452199004,lower_better,0.8461538461538461,rcsb_local_pose_ensemble,uncalibrated,0.8461538461538461,complete,her2-pose-v1,69,,0.9918213956930206,101.6016800337086,3.204143471113702,0.23786057894334758,Fail,benchmark,1.0,0.1
rcsb_local_pose_ensemble,1opk,1opk,1opk_pose_008,data/local_set/1opk/poses/1opk_pose_008.sdf,98.08351293926768,lower_better,0.8461538461538461,rcsb_local_pose_ensemble,uncalibrated,0.8461538461538461,complete,her2-pose-v1,19,,0.990549396615505,101.6016800337086,3.204143471113702,0.23786057894334758,Pass,benchmark,1.0,0.1
rcsb_local_pose_ensemble,1opk,1opk,1opk_pose_009,data/local_set/1opk/poses/1opk_pose_009.sdf,104.58808251660068,lower_better,0.8461538461538461,rcsb_local_pose_ensemble,uncalibrated,0.8461538461538461,complete,her2-pose-v1,35,,0.9918521567825488,101.6016800337086,3.204143471113702,0.23786057894334758,Review,benchmark,1.0,0.1
rcsb_local_pose_ensemble,1opk,1opk,1opk_pose_010,data/local_set/1opk/poses/1opk_pose_010.sdf,98.6185803069632,lower_better,0.8461538461538461,rcsb_local_pose_ensemble,uncalibrated,0.8461538461538461,complete,her2-pose-v1,69,,0.9907049123344032,101.6016800337086,3.204143471113702,0.23786057894334758,Fail,benchmark,1.0,0.1
rcsb_local_pose_ensemble,1opk,1opk,1opk_pose_011,data/local_set/1opk/poses/1opk_pose_011.sdf,104.50722889984988,lower_better,0.8461538461538461,rcsb_local_pose_ensemble,uncalibrated,0.8461538461538461,complete,her2-pose-v1,32,,0.991821717760164,101.6016800337086,3.204143471113702,0.23786057894334758,Review,benchmark,1.0,0.1
rcsb_local_pose_ensemble,1opk,1opk,1opk_pose_012,data/local_set/1opk/poses/1opk_pose_012.sdf,98.222669322071,lower_better,0.8461538461538461,rcsb_local_pose_ensemble,uncalibrated,0.8461538461538461,complete,her2-pose-v1,63,,0.9932216816654548,101.6016800337086,3.204143471113702,0.23786057894334758,Fail,benchmark,1.0,0.1
rcsb_local_pose_ensemble,1opk,1opk,1opk_pose_013,data/local_set/1opk/poses/1opk_pose_013.sdf,104.50170946782944,lower_better,0.8461538461538461,rcsb_local_pose_ensemble,uncalibrated,0.8461538461538461,complete,her2-pose-v1,69,,0.9918183789265006,101.6016800337086,3.204143471113702,0.23786057894334758,Fail,benchmark,1.0,0.1
rcsb_local_pose_ensemble,1opk,1opk,1opk_pose_014,data/local_set/1opk/poses/1opk_pose_014.sdf,98.1272230094444,lower_better,0.8461538461538461,rcsb_local_pose_ensemble,uncalibrated,0.8461538461538461,complete,her2-pose-v1,55,,0.993235665227076,101.6016800337086,3.204143471113702,0.23786057894334758,Fail,benchmark,1.0,0.1
rcsb_local_pose_ensemble,1opk,1opk,1opk_pose_015,data/local_set/1opk/poses/1opk_pose_015.sdf,104.48970579229818,lower_better,0.8461538461538461,rcsb_local_pose_ensemble,uncalibrated,0.8461538461538461,complete,her2-pose-v1,50,,0.9918291197432052,101.6016800337086,3.204143471113702,0.23786057894334758,Fail,benchmark,1.0,0.1
rcsb_local_pose_ensemble,1opk,1opk,1opk_pose_016,data/local_set/1opk/poses/1opk_pose_016.sdf,98.07425106078722,lower_better,0.8461538461538461,rcsb_local_pose_ensemble,uncalibrated,0.8461538461538461,complete,her2-pose-v1,40,,0.9905110843673034,101.6016800337086,3.204143471113702,0.23786057894334758,Fail,benchmark,1.0,0.1
rcsb_local_pose_ensemble,1opk,1opk,1opk_pose_017,data/local_set/1opk/poses/1opk_pose_017.sdf,104.49979011477988,lower_better,0.8461538461538461,rcsb_local_pose_ensemble,uncalibrated,0.8461538461538461,complete,her2-pose-v1,42,,0.9918397249012664,101.6016800337086,3.204143471113702,0.23786057894334758,Fail,benchmark,1.0,0.1
rcsb_local_pose_ensemble,1opk,1opk,1opk_pose_018,data/local_set/1opk/poses/1opk_pose_018.sdf,97.37610409051764,lower_better,0.8461538461538461,rcsb_local_pose_ensemble,uncalibrated,0.8461538461538461,complete,her2-pose-v1,64,,0.9907105285374338,101.6016800337086,3.204143471113702,0.23786057894334758,Fail,benchmark,1.0,0.1
rcsb_local_pose_ensemble,1opk,1opk,1opk_pose_019,data/local_set/1opk/poses/1opk_pose_019.sdf,104.59135952045769,lower_better,0.8461538461538461,rcsb_local_pose_ensemble,uncalibrated,0.8461538461538461,complete,her2-pose-v1,57,,0.9918377285147112,101.6016800337086,3.204143471113702,0.23786057894334758,Fail,benchmark,1.0,0.1
rcsb_local_pose_ensemble,1opk,1opk,1opk_pose_020,data/local_set/1opk/poses/1opk_pose_020.sdf,98.00238822937442,lower_better,0.8461538461538461,rcsb_local_pose_ensemble,uncalibrated,0.8461538461538461,complete,her2-pose-v1,59,,0.993165990521255,101.6016800337086,3.204143471113702,0.23786057894334758,Fail,benchmark,1.0,0.1
rcsb_local_pose_ensemble,1opk,1opk,1opk_pose_021,data/local_set/1opk/poses/1opk_pose_021.sdf,104.50427804573565,lower_better,0.8461538461538461,rcsb_local_pose_ensemble,uncalibrated,0.8461538461538461,complete,her2-pose-v1,62,,0.991850682431218,101.6016800337086,3.204143471113702,0.23786057894334758,Fail,benchmark,1.0,0.1
rcsb_local_pose_ensemble,1opk,1opk,1opk_pose_022,data/local_set/1opk/poses/1opk_pose_022.sdf,98.13130659865988,lower_better,0.8461538461538461,rcsb_local_pose_ensemble,uncalibrated,0.8461538461538461,complete,her2-pose-v1,60,,0.993257904509033,101.6016800337086,3.204143471113702,0.23786057894334758,Fail,benchmark,1.0,0.1
rcsb_local_pose_ensemble,1opk,1opk,1opk_pose_023,data/local_set/1opk/poses/1opk_pose_023.sdf,104.4618520702434,lower_better,0.8461538461538461,rcsb_local_pose_ensemble,uncalibrated,0.8461538461538461,complete,her2-pose-v1,65,,0.9918359644833404,101.6016800337086,3.204143471113702,0.23786057894334758,Fail,benchmark,1.0,0.1
rcsb_local_pose_ensemble,1opk,1opk,1opk_pose_024,data/local_set/1opk/poses/1opk_pose_024.sdf,97.97427294756493,lower_better,0.8461538461538461,rcsb_local_pose_ensemble,uncalibrated,0.8461538461538461,complete,her2-pose-v1,38,,0.9905035649041908,101.6016800337086,3.204143471113702,0.23786057894334758,Fail,benchmark,1.0,0.1
rcsb_local_pose_ensemble,1opk,1opk,1opk_pose_025,data/local_set/1opk/poses/1opk_pose_025.sdf,104.44748394206368,lower_better,0.8461538461538461,rcsb_local_pose_ensemble,uncalibrated,0.8461538461538461,complete,her2-pose-v1,67,,0.9918504398012264,101.6016800337086,3.204143471113702,0.23786057894334758,Fail,benchmark,1.0,0.1
rcsb_local_pose_ensemble,1opk,1opk,1opk_pose_026,data/local_set/1opk/poses/1opk_pose_026.sdf,98.70933114262158,lower_better,0.8461538461538461,rcsb_local_pose_ensemble,uncalibrated,0.8461538461538461,complete,her2-pose-v1,28,,0.9905761463312625,101.6016800337086,3.204143471113702,0.23786057894334758,Review,benchmark,1.0,0.1
rcsb_local_pose_ensemble,1opk,1opk,1opk_pose_027,data/local_set/1opk/poses/1opk_pose_027.sdf,104.60769584109316,lower_better,1.0,rcsb_local_pose_ensemble,uncalibrated,1.0,complete,her2-pose-v1,0,,0.9918456334232056,101.6016800337086,3.204143471113702,0.23786057894334758,Pass,benchmark,1.0,0.1
rcsb_local_pose_ensemble,1opk,1opk,1opk_pose_028,data/local_set/1opk/poses/1opk_pose_028.sdf,97.99919707788791,lower_better,0.8461538461538461,rcsb_local_pose_ensemble,uncalibrated,0.8461538461538461,complete,her2-pose-v1,68,,0.9905233081708807,101.6016800337086,3.204143471113702,0.23786057894334758,Fail,benchmark,1.0,0.1
rcsb_local_pose_ensemble,1opk,1opk,1opk_pose_029,data/local_set/1opk/poses/1opk_pose_029.sdf,104.5074942696403,lower_better,0.9230769230769231,rcsb_local_pose_ensemble,uncalibrated,0.9230769230769231,complete,her2-pose-v1,1,,0.9918337199227608,101.6016800337086,3.204143471113702,0.23786057894334758,Pass,benchmark,1.0,0.1
rcsb_local_pose_ensemble,1oq5,1oq5,1oq5_pose_000,data/local_set/1oq5/poses/1oq5_pose_000.sdf,123.56819347240186,lower_better,1.0,rcsb_local_pose_ensemble,uncalibrated,1.0,complete,her2-pose-v1,0,,0.9898421975820902,116.19273532966757,8.245085438707019,0.10816557690351167,Pass,benchmark,1.0,0.06666666666666667
rcsb_local_pose_ensemble,1oq5,1oq5,1oq5_pose_001,data/local_set/1oq5/poses/1oq5_pose_001.sdf,123.97127197832448,lower_better,0.8461538461538461,rcsb_local_pose_ensemble,uncalibrated,0.8461538461538461,complete,her2-pose-v1,27,,0.9898579892133558,116.19273532966757,8.245085438707019,0.10816557690351167,Fail,benchmark,1.0,0.06666666666666667
rcsb_local_pose_ensemble,1oq5,1oq5,1oq5_pose_002,data/local_set/1oq5/poses/1oq5_pose_002.sdf,107.26799741422808,lower_better,0.8461538461538461,rcsb_local_pose_ensemble,uncalibrated,0.8461538461538461,complete,her2-pose-v1,44,,0.959683059637713,116.19273532966757,8.245085438707019,0.10816557690351167,Fail,benchmark,1.0,0.06666666666666667
rcsb_local_pose_ensemble,1oq5,1oq5,1oq5_pose_003,data/local_set/1oq5/poses/1oq5_pose_003.sdf,123.97234495051056,lower_better,0.8461538461538461,rcsb_local_pose_ensemble,uncalibrated,0.8461538461538461,complete,her2-pose-v1,55,,0.9898418880115027,116.19273532966757,8.245085438707019,0.10816557690351167,Fail,benchmark,1.0,0.06666666666666667
rcsb_local_pose_ensemble,1oq5,1oq5,1oq5_pose_004,data/local_set/1oq5/poses/1oq5_pose_004.sdf,107.41776480351734,lower_better,0.8461538461538461,rcsb_local_pose_ensemble,uncalibrated,0.8461538461538461,complete,her2-pose-v1,16,,0.9594458680564988,116.19273532966757,8.245085438707019,0.10816557690351167,Fail,benchmark,1.0,0.06666666666666667
rcsb_local_pose_ensemble,1oq5,1oq5,1oq5_pose_005,data/local_set/1oq5/poses/1oq5_pose_005.sdf,123.56598151137057,lower_better,0.9230769230769231,rcsb_local_pose_ensemble,uncalibrated,0.9230769230769231,complete,her2-pose-v1,4,,0.989849860607304,116.19273532966757,8.245085438707019,0.10816557690351167,Pass,benchmark,1.0,0.06666666666666667
rcsb_local_pose_ensemble,1oq5,1oq5,1oq5_pose_006,data/local_set/1oq5/poses/1oq5_pose_006.sdf,107.75855345460832,lower_better,0.8461538461538461,rcsb_local_pose_ensemble,uncalibrated,0.8461538461538461,complete,her2-pose-v1,30,,0.9590736639706664,116.19273532966757,8.245085438707019,0.10816557690351167,Fail,benchmark,1.0,0.06666666666666667
rcsb_local_pose_ensemble,1oq5,1oq5,1oq5_pose_007,data/local_set/1oq5/poses/1oq5_pose_007.sdf,123.96402623449978,lower_better,0.8461538461538461,rcsb_local_pose_ensemble,uncalibrated,0.8461538461538461,complete,her2-pose-v1,16,,0.989840019176156,116.19273532966757,8.245085438707019,0.10816557690351167,Review,benchmark,1.0,0.06666666666666667
rcsb_local_pose_ensemble,1oq5,1oq5,1oq5_pose_008,data/local_set/1oq5/poses/1oq5_pose_008.sdf,107.46876825989264,lower_better,0.8461538461538461,rcsb_local_pose_ensemble,uncalibrated,0.8461538461538461,complete,her2-pose-v1,29,,0.9595285636532828,116.19273532966757,8.245085438707019,0.10816557690351167,Fail,benchmark,1.0,0.06666666666666667
rcsb_local_pose_ensemble,1oq5,1oq5,1oq5_pose_009,data/local_set/1oq5/poses/1oq5_pose_009.sdf,123.56596361102667,lower_better,0.8461538461538461,rcsb_local_pose_ensemble,uncalibrated,0.8461538461538461,complete,her2-pose-v1,20,,0.9898408079581452,116.19273532966757,8.245085438707019,0.10816557690351167,Fail,benchmark,1.0,0.06666666666666667
rcsb_local_pose_ensemble,1oq5,1oq5,1oq5_pose_010,data/local_set/1oq5/poses/1oq5_pose_010.sdf,107.57814198813422,lower_better,0.9230769230769231,rcsb_local_pose_ensemble,uncalibrated,0.9230769230769231,complete,her2-pose-v1,1,,0.95956299011377,116.19273532966757,8.245085438707019,0.10816557690351167,Pass,benchmark,1.0,0.06666666666666667
rcsb_local_pose_ensemble,1oq5,1oq5,1oq5_pose_011,data/local_set/1oq5/poses/1oq5_pose_011.sdf,123.55472990156356,lower_better,1.0,rcsb_local_pose_ensemble,uncalibrated,1.0,complete,her2-pose-v1,0,,0.9898406437003752,116.19273532966757,8.245085438707019,0.10816557690351167,Pass,benchmark,1.0,0.06666666666666667
rcsb_local_pose_ensemble,1oq5,1oq5,1oq5_pose_012,data/local_set/1oq5/poses/1oq5_pose_012.sdf,107.16838123518107,lower_better,0.9230769230769231,rcsb_local_pose_ensemble,uncalibrated,0.9230769230769231,complete,her2-pose-v1,2,,0.9596624087368678,116.19273532966757,8.245085438707019,0.10816557690351167,Pass,benchmark,1.0,0.06666666666666667
rcsb_local_pose_ensemble,1oq5,1oq5,1oq5_pose_013,data/local_set/1oq5/poses/1oq5_pose_013.sdf,123.95624950290336,lower_better,0.9230769230769231,rcsb_local_pose_ensemble,uncalibrated,0.9230769230769231,complete,her2-pose-v1,5,,0.9898381634693262,116.19273532966757,8.245085438707019,0.10816557690351167,Pass,benchmark,1.0,0.06666666666666667
rcsb_local_pose_ensemble,1oq5,1oq5,1oq5_pose_014,data/local_set/1oq5/poses/1oq5_pose_014.sdf,108.13463861790656,lower_better,0.9230769230769231,rcsb_local_pose_ensemble,uncalibrated,0.9230769230769231,complete,her2-pose-v1,2,,0.9579429624403024,116.19273532966757,8.245085438707019,0.10816557690351167,Pass,benchmark,1.0,0.06666666666666667
rcsb_local_pose_ensemble,1oq5,1oq5,1oq5_pose_015,data/local_set/1oq5/poses/1oq5_pose_015.sdf,123.5631633368909,lower_better,0.8461538461538461,rcsb_local_pose_ensemble,uncalibrated,0.8461538461538461,complete,her2-pose-v1,23,,0.9898458609702108,116.19273532966757,8.245085438707019,0.10816557690351167,Review,benchmark,1.0,0.06666666666666667
rcsb_local_pose_ensemble,1oq5,1oq5,1oq5_pose_016,data/local_set/1oq5/poses/1oq5_pose_016.sdf,107.75678275552389,lower_better,0.8461538461538461,rcsb_local_pose_ensemble,uncalibrated,0.8461538461538461,complete,her2-pose-v1,25,,0.9590716023886112,116.19273532966757,8.245085438707019,0.10816557690351167,Review,benchmark,1.0,0.06666666666666667
rcsb_local_pose_ensemble,1oq5,1oq5,1oq5_pose_017,data/local_set/1oq5/poses/1oq5_pose_017.sdf,123.55196015287592,lower_better,0.9230769230769231,rcsb_local_pose_ensemble,uncalibrated,0.9230769230769231,complete,her2-pose-v1,1,,0.9898595465122374,116.19273532966757,8.245085438707019,0.10816557690351167,Pass,benchmark,1.0,0.06666666666666667
rcsb_local_pose_ensemble,1oq5,1oq5,1oq5_pose_018,data/local_set/1oq5/poses/1oq5_pose_018.sdf,107.46219360981412,lower_better,0.8461538461538461,rcsb_local_pose_ensemble,uncalibrated,0.8461538461538461,complete,her2-pose-v1,23,,0.9595295998734406,116.19273532966757,8.245085438707019,0.10816557690351167,Fail,benchmark,1.0,0.06666666666666667
rcsb_local_pose_ensemble,1oq5,1oq5,1oq5_pose_019,data/local_set/1oq5/poses/1oq5_pose_019.sdf,123.96622971859544,lower_better,0.8461538461538461,rcsb_local_pose_ensemble,uncalibrated,0.8461538461538461,complete,her2-pose-v1,23,,0.9898315552303008,116.19273532966757,8.245085438707019,0.10816557690351167,Fail,benchmark,1.0,0.06666666666666667
rcsb_local_pose_ensemble,1oq5,1oq5,1oq5_pose_020,data/local_set/1oq5/poses/1oq5_pose_020.sdf,107.18488403270388,lower_better,0.9230769230769231,rcsb_local_pose_ensemble,uncalibrated,0.9230769230769231,complete,her2-pose-v1,3,,0.9596775229945592,116.19273532966757,8.245085438707019,0.10816557690351167,Pass,benchmark,1.0,0.06666666666666667
rcsb_local_pose_ensemble,1oq5,1oq5,1oq5_pose_021,data/local_set/1oq5/poses/1oq5_pose_021.sdf,124.00459514248976,lower_better,0.8461538461538461,rcsb_local_pose_ensemble,uncalibrated,0.8461538461538461,complete,her2-pose-v1,39,,0.9898349239393665,116.19273532966757,8.245085438707019,0.10816557690351167,Fail,benchmark,1.0,0.06666666666666667
rcsb_local_pose_ensemble,1oq5,1oq5,1oq5_pose_022,data/local_set/1oq5/poses/1oq5_pose_022.sdf,107.2932507680517,lower_better,0.8461538461538461,rcsb_local_pose_ensemble,uncalibrated,0.8461538461538461,complete,her2-pose-v1,7,,0.9594796014425276,116.19273532966757,8.245085438707019,0.10816557690351167,Pass,benchmark,1.0,0.06666666666666667
rcsb_local_pose_ensemble,1oq5,1oq5,1oq5_pose_023,data/local_set/1oq5/poses/1oq5_pose_023.sdf,123.58298513074354,lower_better,0.8461538461538461,rcsb_local_pose_ensemble,uncalibrated,0.8461538461538461,complete,her2-pose-v1,43,,0.9898362610432953,116.19273532966757,8.245085438707019,0.10816557690351167,Fail,benchmark,1.0,0.06666666666666667
rcsb_local_pose_ensemble,1oq5,1oq5,1oq5_pose_024,data/local_set/1oq5/poses/1oq5_pose_024.sdf,107.1768487535224,lower_better,0.9230769230769231,rcsb_local_pose_ensemble,uncalibrated,0.9230769230769231,complete,her2-pose-v1,6,,0.9596924351632528,116.19273532966757,8.245085438707019,0.10816557690351167,Fail,benchmark,1.0,0.06666666666666667
rcsb_local_pose_ensemble,1oq5,1oq5,1oq5_pose_025,data/local_set/1oq5/poses/1oq5_pose_025.sdf,123.58423834772104,lower_better,0.9230769230769231,rcsb_local_pose_ensemble,uncalibrated,0.9230769230769231,complete,her2-pose-v1,5,,0.9898430970154176,116.19273532966757,8.245085438707019,0.10816557690351167,Pass,benchmark,1.0,0.06666666666666667
rcsb_local_pose_ensemble,1oq5,1oq5,1oq5_pose_026,data/local_set/1oq5/poses/1oq5_pose_026.sdf,107.97212281471732,lower_better,0.8461538461538461,rcsb_local_pose_ensemble,uncalibrated,0.8461538461538461,complete,her2-pose-v1,31,,0.9578113989333206,116.19273532966757,8.245085438707019,0.10816557690351167,Fail,benchmark,1.0,0.06666666666666667
rcsb_local_pose_ensemble,1oq5,1oq5,1oq5_pose_027,data/local_set/1oq5/poses/1oq5_pose_027.sdf,123.99856748792524,lower_better,0.8461538461538461,rcsb_local_pose_ensemble,uncalibrated,0.8461538461538461,complete,her2-pose-v1,24,,0.9898467858029592,116.19273532966757,8.245085438707019,0.10816557690351167,Fail,benchmark,1.0,0.06666666666666667
rcsb_local_pose_ensemble,1oq5,1oq5,1oq5_pose_028,data/local_set/1oq5/poses/1oq5_pose_028.sdf,107.79033414191105,lower_better,0.8461538461538461,rcsb_local_pose_ensemble,uncalibrated,0.8461538461538461,complete,her2-pose-v1,23,,0.9590381501535638,116.19273532966757,8.245085438707019,0.10816557690351167,Fail,benchmark,1.0,0.06666666666666667
rcsb_local_pose_ensemble,1oq5,1oq5,1oq5_pose_029,data/local_set/1oq5/poses/1oq5_pose_029.sdf,123.98089676047157,lower_better,0.8461538461538461,rcsb_local_pose_ensemble,uncalibrated,0.8461538461538461,complete,her2-pose-v1,20,,0.9898392665604412,116.19273532966757,8.245085438707019,0.10816557690351167,Fail,benchmark,1.0,0.06666666666666667
rcsb_local_pose_ensemble,1owe,1owe,1owe_pose_000,data/local_set/1owe/poses/1owe_pose_000.sdf,584.8671611263859,lower_better,0.9230769230769231,rcsb_local_pose_ensemble,uncalibrated,0.9230769230769231,complete,her2-pose-v1,0,,1.0,347.52876057921804,258.95367096887713,0.0038468393089925806,Pass,benchmark,1.0,0.0
rcsb_local_pose_ensemble,1owe,1owe,1owe_pose_001,data/local_set/1owe/poses/1owe_pose_001.sdf,584.896702318728,lower_better,0.7692307692307693,rcsb_local_pose_ensemble,uncalibrated,0.7692307692307693,complete,her2-pose-v1,24,,1.0,347.52876057921804,258.95367096887713,0.0038468393089925806,Fail,benchmark,1.0,0.0
rcsb_local_pose_ensemble,1owe,1owe,1owe_pose_002,data/local_set/1owe/poses/1owe_pose_002.sdf,77.56005505012382,lower_better,0.8461538461538461,rcsb_local_pose_ensemble,uncalibrated,0.8461538461538461,complete,her2-pose-v1,6,,1.0,347.52876057921804,258.95367096887713,0.0038468393089925806,Review,benchmark,1.0,0.0
rcsb_local_pose_ensemble,1owe,1owe,1owe_pose_003,data/local_set/1owe/poses/1owe_pose_003.sdf,597.0576352593176,lower_better,0.7692307692307693,rcsb_local_pose_ensemble,uncalibrated,0.7692307692307693,complete,her2-pose-v1,46,,1.0,347.52876057921804,258.95367096887713,0.0038468393089925806,Fail,benchmark,1.0,0.0
rcsb_local_pose_ensemble,1owe,1owe,1owe_pose_004,data/local_set/1owe/poses/1owe_pose_004.sdf,83.92303815564992,lower_better,0.8461538461538461,rcsb_local_pose_ensemble,uncalibrated,0.8461538461538461,complete,her2-pose-v1,31,,1.0,347.52876057921804,258.95367096887713,0.0038468393089925806,Fail,benchmark,1.0,0.0
rcsb_local_pose_ensemble,1owe,1owe,1owe_pose_005,data/local_set/1owe/poses/1owe_pose_005.sdf,584.8797963164864,lower_better,0.7692307692307693,rcsb_local_pose_ensemble,uncalibrated,0.7692307692307693,complete,her2-pose-v1,20,,1.0,347.52876057921804,258.95367096887713,0.0038468393089925806,Pass,benchmark,1.0,0.0
rcsb_local_pose_ensemble,1owe,1owe,1owe_pose_006,data/local_set/1owe/poses/1owe_pose_006.sdf,75.51602338390806,lower_better,0.8461538461538461,rcsb_local_pose_ensemble,uncalibrated,0.8461538461538461,complete,her2-pose-v1,13,,1.0,347.52876057921804,258.95367096887713,0.0038468393089925806,Review,benchmark,1.0,0.0
rcsb_local_pose_ensemble,1owe,1owe,1owe_pose_007,data/local_set/1owe/poses/1owe_pose_007.sdf,579.4222934561421,lower_better,0.7692307692307693,rcsb_local_pose_ensemble,uncalibrated,0.7692307692307693,complete,her2-pose-v1,19,,1.0,347.52876057921804,258.95367096887713,0.0038468393089925806,Fail,benchmark,1.0,0.0
rcsb_local_pose_ensemble,1owe,1owe,1owe_pose_008,data/local_set/1owe/poses/1owe_pose_008.sdf,77.52727423661842,lower_better,0.8461538461538461,rcsb_local_pose_ensemble,uncalibrated,0.8461538461538461,complete,her2-pose-v1,42,,1.0,347.52876057921804,258.95367096887713,0.0038468393089925806,Fail,benchmark,1.0,0.0
rcsb_local_pose_ensemble,1owe,1owe,1owe_pose_009,data/local_set/1owe/poses/1owe_pose_009.sdf,589.3978783394995,lower_better,0.7692307692307693,rcsb_local_pose_ensemble,uncalibrated,0.7692307692307693,complete,her2-pose-v1,22,,1.0,347.52876057921804,258.95367096887713,0.0038468393089925806,Fail,benchmark,1.0,0.0
rcsb_local_pose_ensemble,1owe,1owe,1owe_pose_010,data/local_set/1owe/poses/1owe_pose_010.sdf,82.54449937577853,lower_better,0.8461538461538461,rcsb_local_pose_ensemble,uncalibrated,0.8461538461538461,complete,her2-pose-v1,24,,1.0,347.52876057921804,258.95367096887713,0.0038468393089925806,Fail,benchmark,1.0,0.0
rcsb_local_pose_ensemble,1owe,1owe,1owe_pose_011,data/local_set/1owe/poses/1owe_pose_011.sdf,584.4921041706745,lower_better,0.7692307692307693,rcsb_local_pose_ensemble,uncalibrated,0.7692307692307693,complete,her2-pose-v1,4,,1.0,347.52876057921804,258.95367096887713,0.0038468393089925806,Review,benchmark,1.0,0.0
rcsb_local_pose_ensemble,1owe,1owe,1owe_pose_012,data/local_set/1owe/poses/1owe_pose_012.sdf,67.07403546430584,lower_better,0.9230769230769231,rcsb_local_pose_ensemble,uncalibrated,0.9230769230769231,complete,her2-pose-v1,2,,1.0,347.52876057921804,258.95367096887713,0.0038468393089925806,Review,benchmark,1.0,0.0
rcsb_local_pose_ensemble,1owe,1owe,1owe_pose_013,data/local_set/1owe/poses/1owe_pose_013.sdf,584.893441811943,lower_better,0.7692307692307693,rcsb_local_pose_ensemble,uncalibrated,0.7692307692307693,complete,her2-pose-v1,25,,1.0,347.52876057921804,258.95367096887713,0.0038468393089925806,Review,benchmark,1.0,0.0
rcsb_local_pose_ensemble,1owe,1owe,1owe_pose_014,data/local_set/1owe/poses/1owe_pose_014.sdf,78.74293995306867,lower_better,0.8461538461538461,rcsb_local_pose_ensemble,uncalibrated,0.8461538461538461,complete,her2-pose-v1,51,,1.0,347.52876057921804,258.95367096887713,0.0038468393089925806,Fail,benchmark,1.0,0.0
rcsb_local_pose_ensemble,1owe,1owe,1owe_pose_015,data/local_set/1owe/poses/1owe_pose_015.sdf,587.7417998709324,lower_better,0.7692307692307693,rcsb_local_pose_ensemble,uncalibrated,0.7692307692307693,complete,her2-pose-v1,15,,1.0,347.52876057921804,258.95367096887713,0.0038468393089925806,Review,benchmark,1.0,0.0
rcsb_local_pose_ensemble,1owe,1owe,1owe_pose_016,data/local_set/1owe/poses/1owe_pose_016.sdf,78.02826435671598,lower_better,0.8461538461538461,rcsb_local_pose_ensemble,uncalibrated,0.8461538461538461,complete,her2-pose-v1,31,,1.0,347.52876057921804,258.95367096887713,0.0038468393089925806,Fail,benchmark,1.0,0.0
rcsb_local_pose_ensemble,1owe,1owe,1owe_pose_017,data/local_set/1owe/poses/1owe_pose_017.sdf,584.8735348610256,lower_better,0.8461538461538461,rcsb_local_pose_ensemble,uncalibrated,0.8461538461538461,complete,her2-pose-v1,1,,1.0,347.52876057921804,258.95367096887713,0.0038468393089925806,Pass,benchmark,1.0,0.0
rcsb_local_pose_ensemble,1owe,1owe,1owe_pose_018,data/local_set/1owe/poses/1owe_pose_018.sdf,75.8153649460403,lower_better,0.8461538461538461,rcsb_local_pose_ensemble,uncalibrated,0.8461538461538461,complete,her2-pose-v1,12,,1.0,347.52876057921804,258.95367096887713,0.0038468393089925806,Fail,benchmark,1.0,0.0
rcsb_local_pose_ensemble,1owe,1owe,1owe_pose_019,data/local_set/1owe/poses/1owe_pose_019.sdf,584.8966015227008,lower_better,0.7692307692307693,rcsb_local_pose_ensemble,uncalibrated,0.7692307692307693,complete,her2-pose-v1,18,,1.0,347.52876057921804,258.95367096887713,0.0038468393089925806,Review,benchmark,1.0,0.0
rcsb_local_pose_ensemble,1owe,1owe,1owe_pose_020,data/local_set/1owe/poses/1owe_pose_020.sdf,76.3272159426514,lower_better,0.9230769230769231,rcsb_local_pose_ensemble,uncalibrated,0.9230769230769231,complete,her2-pose-v1,4,,1.0,347.52876057921804,258.95367096887713,0.0038468393089925806,Fail,benchmark,1.0,0.0
rcsb_local_pose_ensemble,1owe,1owe,1owe_pose_021,data/local_set/1owe/poses/1owe_pose_021.sdf,584.903543739973,lower_better,0.8461538461538461,rcsb_local_pose_ensemble,uncalibrated,0.8461538461538461,complete,her2-pose-v1,3,,1.0,347.52876057921804,258.95367096887713,0.0038468393089925806,Pass,benchmark,1.0,0.0
rcsb_local_pose_ensemble,1owe,1owe,1owe_pose_022,data/local_set/1owe/poses/1owe_pose_022.sdf,72.3789364306184,lower_better,0.9230769230769231,rcsb_local_pose_ensemble,uncalibrated,0.9230769230769231,complete,her2-pose-v1,5,,1.0,347.52876057921804,258.95367096887713,0.0038468393089925806,Pass,benchmark,1.0,0.0
rcsb_local_pose_ensemble,1owe,1owe,1owe_pose_023,data/local_set/1owe/poses/1owe_pose_023.sdf,584.881820481973,lower_better,0.8461538461538461,rcsb_local_pose_ensemble,uncalibrated,0.8461538461538461,complete,her2-pose-v1,2,,1.0,347.52876057921804,258.95367096887713,0.0038468393089925806,Pass,benchmark,1.0,0.0
rcsb_local_pose_ensemble,1owe,1owe,1owe_pose_024,data/local_set/1owe/poses/1owe_pose_024.sdf,75.39466088554047,lower_better,0.8461538461538461,rcsb_local_pose_ensemble,uncalibrated,0.8461538461538461,complete,her2-pose-v1,29,,1.0,347.52876057921804,258.95367096887713,0.0038468393089925806,Fail,benchmark,1.0,0.0
rcsb_local_pose_ensemble,1owe,1owe,1owe_pose_025,data/local_set/1owe/poses/1owe_pose_025.sdf,584.0970132538238,lower_better,0.7692307692307693,rcsb_local_pose_ensemble,uncalibrated,0.7692307692307693,complete,her2-pose-v1,48,,1.0,347.52876057921804,258.95367096887713,0.0038468393089925806,Fail,benchmark,1.0,0.0
rcsb_local_pose_ensemble,1owe,1owe,1owe_pose_026,data/local_set/1owe/poses/1owe_pose_026.sdf,58.07138296196625,lower_better,0.9230769230769231,rcsb_local_pose_ensemble,uncalibrated,0.9230769230769231,complete,her2-pose-v1,2,,1.0,347.52876057921804,258.95367096887713,0.0038468393089925806,Pass,benchmark,1.0,0.0
rcsb_local_pose_ensemble,1owe,1owe,1owe_pose_027,data/local_set/1owe/poses/1owe_pose_027.sdf,584.9017053401388,lower_better,0.7692307692307693,rcsb_local_pose_ensemble,uncalibrated,0.7692307692307693,complete,her2-pose-v1,32,,1.0,347.52876057921804,258.95367096887713,0.0038468393089925806,Review,benchmark,1.0,0.0
rcsb_local_pose_ensemble,1owe,1owe,1owe_pose_028,data/local_set/1owe/poses/1owe_pose_028.sdf,76.69365202718618,lower_better,0.8461538461538461,rcsb_local_pose_ensemble,uncalibrated,0.8461538461538461,complete,her2-pose-v1,45,,1.0,347.52876057921804,258.95367096887713,0.0038468393089925806,Fail,benchmark,1.0,0.0
rcsb_local_pose_ensemble,1owe,1owe,1owe_pose_029,data/local_set/1owe/poses/1owe_pose_029.sdf,584.0624423366245,lower_better,0.7692307692307693,rcsb_local_pose_ensemble,uncalibrated,0.7692307692307693,complete,her2-pose-v1,42,,1.0,347.52876057921804,258.95367096887713,0.0038468393089925806,Fail,benchmark,1.0,0.0
rcsb_local_pose_ensemble,1oyt,1oyt,1oyt_pose_000,data/local_set/1oyt/poses/1oyt_pose_000.sdf,144.95823245793454,lower_better,1.0,rcsb_local_pose_ensemble,uncalibrated,1.0,complete,her2-pose-v1,0,,0.9567685175156824,125.55688409402075,21.109776508258232,0.045228860618581536,Pass,benchmark,1.0,0.03333333333333333
rcsb_local_pose_ensemble,1oyt,1oyt,1oyt_pose_001,data/local_set/1oyt/poses/1oyt_pose_001.sdf,144.9577982440623,lower_better,0.8461538461538461,rcsb_local_pose_ensemble,uncalibrated,0.8461538461538461,complete,her2-pose-v1,56,,0.9567673462297032,125.55688409402075,21.109776508258232,0.045228860618581536,Fail,benchmark,1.0,0.03333333333333333
rcsb_local_pose_ensemble,1oyt,1oyt,1oyt_pose_002,data/local_set/1oyt/poses/1oyt_pose_002.sdf,103.3022677037868,lower_better,0.9230769230769231,rcsb_local_pose_ensemble,uncalibrated,0.9230769230769231,complete,her2-pose-v1,3,,0.97959007369508,125.55688409402075,21.109776508258232,0.045228860618581536,Pass,benchmark,1.0,0.03333333333333333
rcsb_local_pose_ensemble,1oyt,1oyt,1oyt_pose_003,data/local_set/1oyt/poses/1oyt_pose_003.sdf,144.95971222057955,lower_better,0.9230769230769231,rcsb_local_pose_ensemble,uncalibrated,0.9230769230769231,complete,her2-pose-v1,1,,0.9567560209372576,125.55688409402075,21.109776508258232,0.045228860618581536,Pass,benchmark,1.0,0.03333333333333333
rcsb_local_pose_ensemble,1oyt,1oyt,1oyt_pose_004,data/local_set/1oyt/poses/1oyt_pose_004.sdf,103.31169675138112,lower_better,0.8461538461538461,rcsb_local_pose_ensemble,uncalibrated,0.8461538461538461,complete,her2-pose-v1,41,,0.979592464361657,125.55688409402075,21.109776508258232,0.045228860618581536,Review,benchmark,1.0,0.03333333333333333
rcsb_local_pose_ensemble,1oyt,1oyt,1oyt_pose_005,data/local_set/1oyt/poses/1oyt_pose_005.sdf,144.9572595291036,lower_better,0.8461538461538461,rcsb_local_pose_ensemble,uncalibrated,0.8461538461538461,complete,her2-pose-v1,29,,0.9567719973196234,125.55688409402075,21.109776508258232,0.045228860618581536,Fail,benchmark,1.0,0.03333333333333333
rcsb_local_pose_ensemble,1oyt,1oyt,1oyt_pose_006,data/local_set/1oyt/poses/1oyt_pose_006.sdf,101.74864177185135,lower_better,0.8461538461538461,rcsb_local_pose_ensemble,uncalibrated,0.8461538461538461,complete,her2-pose-v1,33,,0.9786782500392212,125.55688409402075,21.109776508258232,0.045228860618581536,Fail,benchmark,1.0,0.03333333333333333
rcsb_local_pose_ensemble,1oyt,1oyt,1oyt_pose_007,data/local_set/1oyt/poses/1oyt_pose_007.sdf,144.94946073193148,lower_better,0.8461538461538461,rcsb_local_pose_ensemble,uncalibrated,0.8461538461538461,complete,her2-pose-v1,15,,0.956778627189117,125.55688409402075,21.109776508258232,0.045228860618581536,Review,benchmark,1.0,0.03333333333333333
rcsb_local_pose_ensemble,1oyt,1oyt,1oyt_pose_008,data/local_set/1oyt/poses/1oyt_pose_008.sdf,102.86481711235504,lower_better,0.8461538461538461,rcsb_local_pose_ensemble,uncalibrated,0.8461538461538461,complete,her2-pose-v1,32,,0.978242940295019,125.55688409402075,21.109776508258232,0.045228860618581536,Review,benchmark,1.0,0.03333333333333333
rcsb_local_pose_ensemble,1oyt,1oyt,1oyt_pose_009,data/local_set/1oyt/poses/1oyt_pose_009.sdf,144.95302309839224,lower_better,0.8461538461538461,rcsb_local_pose_ensemble,uncalibrated,0.8461538461538461,complete,her2-pose-v1,42,,0.9567694140472246,125.55688409402075,21.109776508258232,0.045228860618581536,Review,benchmark,1.0,0.03333333333333333
rcsb_local_pose_ensemble,1oyt,1oyt,1oyt_pose_010,data/local_set/1oyt/poses/1oyt_pose_010.sdf,102.80470844498004,lower_better,0.8461538461538461,rcsb_local_pose_ensemble,uncalibrated,0.8461538461538461,complete,her2-pose-v1,57,,0.9786679268946128,125.55688409402075,21.109776508258232,0.045228860618581536,Fail,benchmark,1.0,0.03333333333333333
rcsb_local_pose_ensemble,1oyt,1oyt,1oyt_pose_011,data/local_set/1oyt/poses/1oyt_pose_011.sdf,144.94468728615018,lower_better,0.8461538461538461,rcsb_local_pose_ensemble,uncalibrated,0.8461538461538461,complete,her2-pose-v1,25,,0.9567574413098552,125.55688409402075,21.109776508258232,0.045228860618581536,Fail,benchmark,1.0,0.03333333333333333
rcsb_local_pose_ensemble,1oyt,1oyt,1oyt_pose_012,data/local_set/1oyt/poses/1oyt_pose_012.sdf,103.25762917012958,lower_better,0.8461538461538461,rcsb_local_pose_ensemble,uncalibrated,0.8461538461538461,complete,her2-pose-v1,14,,0.9795077473157752,125.55688409402075,21.109776508258232,0.045228860618581536,Fail,benchmark,1.0,0.03333333333333333
rcsb_local_pose_ensemble,1oyt,1oyt,1oyt_pose_013,data/local_set/1oyt/poses/1oyt_pose_013.sdf,144.95270118236695,lower_better,0.8461538461538461,rcsb_local_pose_ensemble,uncalibrated,0.8461538461538461,complete,her2-pose-v1,31,,0.9567664383476934,125.55688409402075,21.109776508258232,0.045228860618581536,Fail,benchmark,1.0,0.03333333333333333
rcsb_local_pose_ensemble,1oyt,1oyt,1oyt_pose_014,data/local_set/1oyt/poses/1oyt_pose_014.sdf,101.94350314196927,lower_better,0.8461538461538461,rcsb_local_pose_ensemble,uncalibrated,0.8461538461538461,complete,her2-pose-v1,35,,0.9785758020650576,125.55688409402075,21.109776508258232,0.045228860618581536,Fail,benchmark,1.0,0.03333333333333333
rcsb_local_pose_ensemble,1oyt,1oyt,1oyt_pose_015,data/local_set/1oyt/poses/1oyt_pose_015.sdf,144.95070304391066,lower_better,0.8461538461538461,rcsb_local_pose_ensemble,uncalibrated,0.8461538461538461,complete,her2-pose-v1,28,,0.9567790811244468,125.55688409402075,21.109776508258232,0.045228860618581536,Fail,benchmark,1.0,0.03333333333333333
rcsb_local_pose_ensemble,1oyt,1oyt,1oyt_pose_016,data/local_set/1oyt/poses/1oyt_pose_016.sdf,103.30508966248664,lower_better,0.8461538461538461,rcsb_local_pose_ensemble,uncalibrated,0.8461538461538461,complete,her2-pose-v1,41,,0.9795553331160516,125.55688409402075,21.109776508258232,0.045228860618581536,Fail,benchmark,1.0,0.03333333333333333
rcsb_local_pose_ensemble,1oyt,1oyt,1oyt_pose_017,data/local_set/1oyt/poses/1oyt_pose_017.sdf,144.9765119862506,lower_better,0.8461538461538461,rcsb_local_pose_ensemble,uncalibrated,0.8461538461538461,complete,her2-pose-v1,49,,0.9567544476541294,125.55688409402075,21.109776508258232,0.045228860618581536,Fail,benchmark,1.0,0.03333333333333333
rcsb_local_pose_ensemble,1oyt,1oyt,1oyt_pose_018,data/local_set/1oyt/poses/1oyt_pose_018.sdf,105.97900582715104,lower_better,0.8461538461538461,rcsb_local_pose_ensemble,uncalibrated,0.8461538461538461,complete,her2-pose-v1,48,,0.980878874238422,125.55688409402075,21.109776508258232,0.045228860618581536,Fail,benchmark,1.0,0.03333333333333333
rcsb_local_pose_ensemble,1oyt,1oyt,1oyt_pose_019,data/local_set/1oyt/poses/1oyt_pose_019.sdf,144.95983122679212,lower_better,0.8461538461538461,rcsb_local_pose_ensemble,uncalibrated,0.8461538461538461,complete,her2-pose-v1,41,,0.9567848442925644,125.55688409402075,21.109776508258232,0.045228860618581536,Review,benchmark,1.0,0.03333333333333333
rcsb_local_pose_ensemble,1oyt,1oyt,1oyt_pose_020,data/local_set/1oyt/poses/1oyt_pose_020.sdf,103.03622123420404,lower_better,0.8461538461538461,rcsb_local_pose_ensemble,uncalibrated,0.8461538461538461,complete,her2-pose-v1,59,,0.9795916365546374,125.55688409402075,21.109776508258232,0.045228860618581536,Fail,benchmark,1.0,0.03333333333333333
rcsb_local_pose_ensemble,1oyt,1oyt,1oyt_pose_021,data/local_set/1oyt/poses/1oyt_pose_021.sdf,144.97150695435343,lower_better,0.8461538461538461,rcsb_local_pose_ensemble,uncalibrated,0.8461538461538461,complete,her2-pose-v1,33,,0.9567701516991294,125.55688409402075,21.109776508258232,0.045228860618581536,Review,benchmark,1.0,0.03333333333333333
rcsb_local_pose_ensemble,1oyt,1oyt,1oyt_pose_022,data/local_set/1oyt/poses/1oyt_pose_022.sdf,105.89853966692266,lower_better,0.8461538461538461,rcsb_local_pose_ensemble,uncalibrated,0.8461538461538461,complete,her2-pose-v1,20,,0.981582878368818,125.55688409402075,21.109776508258232,0.045228860618581536,Fail,benchmark,1.0,0.03333333333333333
rcsb_local_pose_ensemble,1oyt,1oyt,1oyt_pose_023,data/local_set/1oyt/poses/1oyt_pose_023.sdf,144.96188120887155,lower_better,0.8461538461538461,rcsb_local_pose_ensemble,uncalibrated,0.8461538461538461,complete,her2-pose-v1,40,,0.9567606696930536,125.55688409402075,21.109776508258232,0.045228860618581536,Fail,benchmark,1.0,0.03333333333333333
rcsb_local_pose_ensemble,1oyt,1oyt,1oyt_pose_024,data/local_set/1oyt/poses/1oyt_pose_024.sdf,103.58586970075582,lower_better,0.8461538461538461,rcsb_local_pose_ensemble,uncalibrated,0.8461538461538461,complete,her2-pose-v1,30,,0.9795015023283102,125.55688409402075,21.109776508258232,0.045228860618581536,Fail,benchmark,1.0,0.03333333333333333
rcsb_local_pose_ensemble,1oyt,1oyt,1oyt_pose_025,data/local_set/1oyt/poses/1oyt_pose_025.sdf,144.9537208935469,lower_better,0.8461538461538461,rcsb_local_pose_ensemble,uncalibrated,0.8461538461538461,complete,her2-pose-v1,30,,0.9567733585371166,125.55688409402075,21.109776508258232,0.045228860618581536,Fail,benchmark,1.0,0.03333333333333333
rcsb_local_pose_ensemble,1oyt,1oyt,1oyt_pose_026,data/local_set/1oyt/poses/1oyt_pose_026.sdf,103.03877814866571,lower_better,0.8461538461538461,rcsb_local_pose_ensemble,uncalibrated,0.8461538461538461,complete,her2-pose-v1,43,,0.9795656865792038,125.55688409402075,21.109776508258232,0.045228860618581536,Fail,benchmark,1.0,0.03333333333333333
rcsb_local_pose_ensemble,1oyt,1oyt,1oyt_pose_027,data/local_set/1oyt/poses/1oyt_pose_027.sdf,144.957027148917,lower_better,0.8461538461538461,rcsb_local_pose_ensemble,uncalibrated,0.8461538461538461,complete,her2-pose-v1,10,,0.956774927608148,125.55688409402075,21.109776508258232,0.045228860618581536,Fail,benchmark,1.0,0.03333333333333333
rcsb_local_pose_ensemble,1oyt,1oyt,1oyt_pose_028,data/local_set/1oyt/poses/1oyt_pose_028.sdf,103.31296832498326,lower_better,0.8461538461538461,rcsb_local_pose_ensemble,uncalibrated,0.8461538461538461,complete,her2-pose-v1,40,,0.979569259248255,125.55688409402075,21.109776508258232,0.045228860618581536,Review,benchmark,1.0,0.03333333333333333
rcsb_local_pose_ensemble,1oyt,1oyt,1oyt_pose_029,data/local_set/1oyt/poses/1oyt_pose_029.sdf,144.95272894583712,lower_better,0.8461538461538461,rcsb_local_pose_ensemble,uncalibrated,0.8461538461538461,complete,her2-pose-v1,54,,0.9567936236649712,125.55688409402075,21.109776508258232,0.045228860618581536,Fail,benchmark,1.0,0.03333333333333333
rcsb_local_pose_ensemble,1p2y,1p2y,1p2y_pose_000,data/local_set/1p2y/poses/1p2y_pose_000.sdf,,lower_better,,rcsb_local_pose_ensemble,uncalibrated,,failed,her2-pose-v1,1,,0.8316659263433136,,,0.02430814256270515,,benchmark,1.0,0.0
rcsb_local_pose_ensemble,1p2y,1p2y,1p2y_pose_001,data/local_set/1p2y/poses/1p2y_pose_001.sdf,,lower_better,,rcsb_local_pose_ensemble,uncalibrated,,failed,her2-pose-v1,81,,0.8316679122707643,,,0.02430814256270515,,benchmark,1.0,0.0
rcsb_local_pose_ensemble,1p2y,1p2y,1p2y_pose_002,data/local_set/1p2y/poses/1p2y_pose_002.sdf,529.2150859085426,lower_better,0.7692307692307693,rcsb_local_pose_ensemble,uncalibrated,0.7692307692307693,complete,her2-pose-v1,61,,1.0,527.5302309775554,40.13847849215157,0.02430814256270515,Fail,benchmark,1.0,0.0
rcsb_local_pose_ensemble,1p2y,1p2y,1p2y_pose_003,data/local_set/1p2y/poses/1p2y_pose_003.sdf,,lower_better,,rcsb_local_pose_ensemble,uncalibrated,,failed,her2-pose-v1,61,,0.8316610466157233,,,0.02430814256270515,,benchmark,1.0,0.0
rcsb_local_pose_ensemble,1p2y,1p2y,1p2y_pose_004,data/local_set/1p2y/poses/1p2y_pose_004.sdf,496.8026837333179,lower_better,0.8461538461538461,rcsb_local_pose_ensemble,uncalibrated,0.8461538461538461,complete,her2-pose-v1,60,,1.0,527.5302309775554,40.13847849215157,0.02430814256270515,Review,benchmark,1.0,0.0
rcsb_local_pose_ensemble,1p2y,1p2y,1p2y_pose_005,data/local_set/1p2y/poses/1p2y_pose_005.sdf,,lower_better,,rcsb_local_pose_ensemble,uncalibrated,,failed,her2-pose-v1,38,,0.8316822351254509,,,0.02430814256270515,,benchmark,1.0,0.0
rcsb_local_pose_ensemble,1p2y,1p2y,1p2y_pose_006,data/local_set/1p2y/poses/1p2y_pose_006.sdf,502.4691308099005,lower_better,0.7692307692307693,rcsb_local_pose_ensemble,uncalibrated,0.7692307692307693,complete,her2-pose-v1,32,,1.0,527.5302309775554,40.13847849215157,0.02430814256270515,Review,benchmark,1.0,0.0
rcsb_local_pose_ensemble,1p2y,1p2y,1p2y_pose_007,data/local_set/1p2y/poses/1p2y_pose_007.sdf,,lower_better,,rcsb_local_pose_ensemble,uncalibrated,,failed,her2-pose-v1,49,,0.8316659458926821,,,0.02430814256270515,,benchmark,1.0,0.0
rcsb_local_pose_ensemble,1p2y,1p2y,1p2y_pose_008,data/local_set/1p2y/poses/1p2y_pose_008.sdf,512.1973511426108,lower_better,0.7692307692307693,rcsb_local_pose_ensemble,uncalibrated,0.7692307692307693,complete,her2-pose-v1,65,,0.9458342014158976,527.5302309775554,40.13847849215157,0.02430814256270515,Fail,benchmark,1.0,0.0
rcsb_local_pose_ensemble,1p2y,1p2y,1p2y_pose_009,data/local_set/1p2y/poses/1p2y_pose_009.sdf,,lower_better,,rcsb_local_pose_ensemble,uncalibrated,,failed,her2-pose-v1,13,,0.8316618133365916,,,0.02430814256270515,,benchmark,1.0,0.0
rcsb_local_pose_ensemble,1p2y,1p2y,1p2y_pose_010,data/local_set/1p2y/poses/1p2y_pose_010.sdf,578.2621660856116,lower_better,0.7692307692307693,rcsb_local_pose_ensemble,uncalibrated,0.7692307692307693,complete,her2-pose-v1,28,,1.0,527.5302309775554,40.13847849215157,0.02430814256270515,Review,benchmark,1.0,0.0
rcsb_local_pose_ensemble,1p2y,1p2y,1p2y_pose_011,data/local_set/1p2y/poses/1p2y_pose_011.sdf,,lower_better,,rcsb_local_pose_ensemble,uncalibrated,,failed,her2-pose-v1,57,,0.8316781851378895,,,0.02430814256270515,,benchmark,1.0,0.0
rcsb_local_pose_ensemble,1p2y,1p2y,1p2y_pose_012,data/local_set/1p2y/poses/1p2y_pose_012.sdf,484.16346083027906,lower_better,0.8461538461538461,rcsb_local_pose_ensemble,uncalibrated,0.8461538461538461,complete,her2-pose-v1,85,,1.0,527.5302309775554,40.13847849215157,0.02430814256270515,Fail,benchmark,1.0,0.0
rcsb_local_pose_ensemble,1p2y,1p2y,1p2y_pose_013,data/local_set/1p2y/poses/1p2y_pose_013.sdf,,lower_better,,rcsb_local_pose_ensemble,uncalibrated,,failed,her2-pose-v1,63,,0.8316597506269764,,,0.02430814256270515,,benchmark,1.0,0.0
rcsb_local_pose_ensemble,1p2y,1p2y,1p2y_pose_014,data/local_set/1p2y/poses/1p2y_pose_014.sdf,503.02176856086027,lower_better,0.7692307692307693,rcsb_local_pose_ensemble,uncalibrated,0.7692307692307693,complete,her2-pose-v1,59,,1.0,527.5302309775554,40.13847849215157,0.02430814256270515,Fail,benchmark,1.0,0.0
rcsb_local_pose_ensemble,1p2y,1p2y,1p2y_pose_015,data/local_set/1p2y/poses/1p2y_pose_015.sdf,,lower_better,,rcsb_local_pose_ensemble,uncalibrated,,failed,her2-pose-v1,90,,0.8316690694944888,,,0.02430814256270515,,benchmark,1.0,0.0
rcsb_local_pose_ensemble,1p2y,1p2y,1p2y_pose_016,data/local_set/1p2y/poses/1p2y_pose_016.sdf,487.9215897565855,lower_better,0.8461538461538461,rcsb_local_pose_ensemble,uncalibrated,0.8461538461538461,complete,her2-pose-v1,17,,1.0,527.5302309775554,40.13847849215157,0.02430814256270515,Pass,benchmark,1.0,0.0
rcsb_local_pose_ensemble,1p2y,1p2y,1p2y_pose_017,data/local_set/1p2y/poses/1p2y_pose_017.sdf,,lower_better,,rcsb_local_pose_ensemble,uncalibrated,,failed,her2-pose-v1,17,,0.8316701189572162,,,0.02430814256270515,,benchmark,1.0,0.0
rcsb_local_pose_ensemble,1p2y,1p2y,1p2y_pose_018,data/local_set/1p2y/poses/1p2y_pose_018.sdf,545.6110144348826,lower_better,0.8461538461538461,rcsb_local_pose_ensemble,uncalibrated,0.8461538461538461,complete,her2-pose-v1,22,,1.0,527.5302309775554,40.13847849215157,0.02430814256270515,Review,benchmark,1.0,0.0
rcsb_local_pose_ensemble,1p2y,1p2y,1p2y_pose_019,data/local_set/1p2y/poses/1p2y_pose_019.sdf,,lower_better,,rcsb_local_pose_ensemble,uncalibrated,,failed,her2-pose-v1,22,,0.8316573846555565,,,0.02430814256270515,,benchmark,1.0,0.0
rcsb_local_pose_ensemble,1p2y,1p2y,1p2y_pose_020,data/local_set/1p2y/poses/1p2y_pose_020.sdf,482.61059684936066,lower_better,0.8461538461538461,rcsb_local_pose_ensemble,uncalibrated,0.8461538461538461,complete,her2-pose-v1,57,,1.0,527.5302309775554,40.13847849215157,0.02430814256270515,Fail,benchmark,1.0,0.0
rcsb_local_pose_ensemble,1p2y,1p2y,1p2y_pose_021,data/local_set/1p2y/poses/1p2y_pose_021.sdf,,lower_better,,rcsb_local_pose_ensemble,uncalibrated,,failed,her2-pose-v1,41,,0.831640531801845,,,0.02430814256270515,,benchmark,1.0,0.0
rcsb_local_pose_ensemble,1p2y,1p2y,1p2y_pose_022,data/local_set/1p2y/poses/1p2y_pose_022.sdf,559.2967664077777,lower_better,0.8461538461538461,rcsb_local_pose_ensemble,uncalibrated,0.8461538461538461,complete,her2-pose-v1,26,,1.0,527.5302309775554,40.13847849215157,0.02430814256270515,Review,benchmark,1.0,0.0
rcsb_local_pose_ensemble,1p2y,1p2y,1p2y_pose_023,data/local_set/1p2y/poses/1p2y_pose_023.sdf,,lower_better,,rcsb_local_pose_ensemble,uncalibrated,,failed,her2-pose-v1,31,,0.8316710167927464,,,0.02430814256270515,,benchmark,1.0,0.0
rcsb_local_pose_ensemble,1p2y,1p2y,1p2y_pose_024,data/local_set/1p2y/poses/1p2y_pose_024.sdf,522.5573910190934,lower_better,0.8461538461538461,rcsb_local_pose_ensemble,uncalibrated,0.8461538461538461,complete,her2-pose-v1,15,,1.0,527.5302309775554,40.13847849215157,0.02430814256270515,Review,benchmark,1.0,0.0
rcsb_local_pose_ensemble,1p2y,1p2y,1p2y_pose_025,data/local_set/1p2y/poses/1p2y_pose_025.sdf,,lower_better,,rcsb_local_pose_ensemble,uncalibrated,,failed,her2-pose-v1,1,,0.8316613403347465,,,0.02430814256270515,,benchmark,1.0,0.0
rcsb_local_pose_ensemble,1p2y,1p2y,1p2y_pose_026,data/local_set/1p2y/poses/1p2y_pose_026.sdf,566.5207610360482,lower_better,0.8461538461538461,rcsb_local_pose_ensemble,uncalibrated,0.8461538461538461,complete,her2-pose-v1,18,,1.0,527.5302309775554,40.13847849215157,0.02430814256270515,Fail,benchmark,1.0,0.0
rcsb_local_pose_ensemble,1p2y,1p2y,1p2y_pose_027,data/local_set/1p2y/poses/1p2y_pose_027.sdf,,lower_better,,rcsb_local_pose_ensemble,uncalibrated,,failed,her2-pose-v1,60,,0.831682710499434,,,0.02430814256270515,,benchmark,1.0,0.0
rcsb_local_pose_ensemble,1p2y,1p2y,1p2y_pose_028,data/local_set/1p2y/poses/1p2y_pose_028.sdf,614.7734671109048,lower_better,0.7692307692307693,rcsb_local_pose_ensemble,uncalibrated,0.7692307692307693,complete,her2-pose-v1,18,,1.0,527.5302309775554,40.13847849215157,0.02430814256270515,Pass,benchmark,1.0,0.0
rcsb_local_pose_ensemble,1p2y,1p2y,1p2y_pose_029,data/local_set/1p2y/poses/1p2y_pose_029.sdf,,lower_better,,rcsb_local_pose_ensemble,uncalibrated,,failed,her2-pose-v1,53,,0.8316374581600272,,,0.02430814256270515,,benchmark,1.0,0.0
rcsb_local_pose_ensemble,1p62,1p62,1p62_pose_000,data/local_set/1p62/poses/1p62_pose_000.sdf,220.30270704836036,lower_better,1.0,rcsb_local_pose_ensemble,uncalibrated,1.0,complete,her2-pose-v1,0,,0.9885182524889484,195.63035609292712,28.103659791785304,0.03435993985478955,Pass,benchmark,1.0,0.13333333333333333
rcsb_local_pose_ensemble,1p62,1p62,1p62_pose_001,data/local_set/1p62/poses/1p62_pose_001.sdf,220.32361436964212,lower_better,1.0,rcsb_local_pose_ensemble,uncalibrated,1.0,complete,her2-pose-v1,0,,0.988514644516408,195.63035609292712,28.103659791785304,0.03435993985478955,Pass,benchmark,1.0,0.13333333333333333
rcsb_local_pose_ensemble,1p62,1p62,1p62_pose_002,data/local_set/1p62/poses/1p62_pose_002.sdf,155.5080215392615,lower_better,0.8461538461538461,rcsb_local_pose_ensemble,uncalibrated,0.8461538461538461,complete,her2-pose-v1,46,,0.9933872906827116,195.63035609292712,28.103659791785304,0.03435993985478955,Review,benchmark,1.0,0.13333333333333333
rcsb_local_pose_ensemble,1p62,1p62,1p62_pose_003,data/local_set/1p62/poses/1p62_pose_003.sdf,221.22799160076957,lower_better,0.8461538461538461,rcsb_local_pose_ensemble,uncalibrated,0.8461538461538461,complete,her2-pose-v1,25,,0.9885228609080168,195.63035609292712,28.103659791785304,0.03435993985478955,Review,benchmark,1.0,0.13333333333333333
rcsb_local_pose_ensemble,1p62,1p62,1p62_pose_004,data/local_set/1p62/poses/1p62_pose_004.sdf,157.18621511096083,lower_better,0.8461538461538461,rcsb_local_pose_ensemble,uncalibrated,0.8461538461538461,complete,her2-pose-v1,8,,0.8783555903984354,195.63035609292712,28.103659791785304,0.03435993985478955,Pass,benchmark,1.0,0.13333333333333333
rcsb_local_pose_ensemble,1p62,1p62,1p62_pose_005,data/local_set/1p62/poses/1p62_pose_005.sdf,220.28119223071496,lower_better,1.0,rcsb_local_pose_ensemble,uncalibrated,1.0,complete,her2-pose-v1,0,,0.988513567266468,195.63035609292712,28.103659791785304,0.03435993985478955,Pass,benchmark,1.0,0.13333333333333333
rcsb_local_pose_ensemble,1p62,1p62,1p62_pose_006,data/local_set/1p62/poses/1p62_pose_006.sdf,179.84746573376944,lower_better,0.8461538461538461,rcsb_local_pose_ensemble,uncalibrated,0.8461538461538461,complete,her2-pose-v1,22,,0.8578385965303456,195.63035609292712,28.103659791785304,0.03435993985478955,Fail,benchmark,1.0,0.13333333333333333
rcsb_local_pose_ensemble,1p62,1p62,1p62_pose_007,data/local_set/1p62/poses/1p62_pose_007.sdf,220.74888819625096,lower_better,0.8461538461538461,rcsb_local_pose_ensemble,uncalibrated,0.8461538461538461,complete,her2-pose-v1,37,,0.9885186816978296,195.63035609292712,28.103659791785304,0.03435993985478955,Fail,benchmark,1.0,0.13333333333333333
rcsb_local_pose_ensemble,1p62,1p62,1p62_pose_008,data/local_set/1p62/poses/1p62_pose_008.sdf,176.9005404158181,lower_better,0.8461538461538461,rcsb_local_pose_ensemble,uncalibrated,0.8461538461538461,complete,her2-pose-v1,45,,0.9931913438630702,195.63035609292712,28.103659791785304,0.03435993985478955,Fail,benchmark,1.0,0.13333333333333333
rcsb_local_pose_ensemble,1p62,1p62,1p62_pose_009,data/local_set/1p62/poses/1p62_pose_009.sdf,220.6253278584238,lower_better,1.0,rcsb_local_pose_ensemble,uncalibrated,1.0,complete,her2-pose-v1,0,,0.9885272347400644,195.63035609292712,28.103659791785304,0.03435993985478955,Pass,benchmark,1.0,0.13333333333333333
rcsb_local_pose_ensemble,1p62,1p62,1p62_pose_010,data/local_set/1p62/poses/1p62_pose_010.sdf,168.4257384475076,lower_better,0.8461538461538461,rcsb_local_pose_ensemble,uncalibrated,0.8461538461538461,complete,her2-pose-v1,39,,0.9932734644425676,195.63035609292712,28.103659791785304,0.03435993985478955,Fail,benchmark,1.0,0.13333333333333333
rcsb_local_pose_ensemble,1p62,1p62,1p62_pose_011,data/local_set/1p62/poses/1p62_pose_011.sdf,220.64760856182735,lower_better,0.8461538461538461,rcsb_local_pose_ensemble,uncalibrated,0.8461538461538461,complete,her2-pose-v1,30,,0.9885197213192826,195.63035609292712,28.103659791785304,0.03435993985478955,Fail,benchmark,1.0,0.13333333333333333
rcsb_local_pose_ensemble,1p62,1p62,1p62_pose_012,data/local_set/1p62/poses/1p62_pose_012.sdf,157.11040490181972,lower_better,0.8461538461538461,rcsb_local_pose_ensemble,uncalibrated,0.8461538461538461,complete,her2-pose-v1,46,,0.9921689355935476,195.63035609292712,28.103659791785304,0.03435993985478955,Fail,benchmark,1.0,0.13333333333333333
rcsb_local_pose_ensemble,1p62,1p62,1p62_pose_013,data/local_set/1p62/poses/1p62_pose_013.sdf,220.51401621278035,lower_better,0.8461538461538461,rcsb_local_pose_ensemble,uncalibrated,0.8461538461538461,complete,her2-pose-v1,50,,0.9885171629578748,195.63035609292712,28.103659791785304,0.03435993985478955,Fail,benchmark,1.0,0.13333333333333333
rcsb_local_pose_ensemble,1p62,1p62,1p62_pose_014,data/local_set/1p62/poses/1p62_pose_014.sdf,165.5240666433082,lower_better,0.8461538461538461,rcsb_local_pose_ensemble,uncalibrated,0.8461538461538461,complete,her2-pose-v1,29,,0.9921069652292104,195.63035609292712,28.103659791785304,0.03435993985478955,Fail,benchmark,1.0,0.13333333333333333
rcsb_local_pose_ensemble,1p62,1p62,1p62_pose_015,data/local_set/1p62/poses/1p62_pose_015.sdf,221.124435303986,lower_better,0.8461538461538461,rcsb_local_pose_ensemble,uncalibrated,0.8461538461538461,complete,her2-pose-v1,17,,0.9885170059393796,195.63035609292712,28.103659791785304,0.03435993985478955,Review,benchmark,1.0,0.13333333333333333
rcsb_local_pose_ensemble,1p62,1p62,1p62_pose_016,data/local_set/1p62/poses/1p62_pose_016.sdf,173.36447668904648,lower_better,0.8461538461538461,rcsb_local_pose_ensemble,uncalibrated,0.8461538461538461,complete,her2-pose-v1,55,,0.9399076548170924,195.63035609292712,28.103659791785304,0.03435993985478955,Fail,benchmark,1.0,0.13333333333333333
rcsb_local_pose_ensemble,1p62,1p62,1p62_pose_017,data/local_set/1p62/poses/1p62_pose_017.sdf,220.65122609435983,lower_better,0.8461538461538461,rcsb_local_pose_ensemble,uncalibrated,0.8461538461538461,complete,her2-pose-v1,13,,0.9885130029190956,195.63035609292712,28.103659791785304,0.03435993985478955,Pass,benchmark,1.0,0.13333333333333333
rcsb_local_pose_ensemble,1p62,1p62,1p62_pose_018,data/local_set/1p62/poses/1p62_pose_018.sdf,173.68877856066575,lower_better,0.8461538461538461,rcsb_local_pose_ensemble,uncalibrated,0.8461538461538461,complete,her2-pose-v1,69,,0.9856774647477134,195.63035609292712,28.103659791785304,0.03435993985478955,Fail,benchmark,1.0,0.13333333333333333
rcsb_local_pose_ensemble,1p62,1p62,1p62_pose_019,data/local_set/1p62/poses/1p62_pose_019.sdf,220.64885334316773,lower_better,0.8461538461538461,rcsb_local_pose_ensemble,uncalibrated,0.8461538461538461,complete,her2-pose-v1,66,,0.9885204718577268,195.63035609292712,28.103659791785304,0.03435993985478955,Fail,benchmark,1.0,0.13333333333333333
rcsb_local_pose_ensemble,1p62,1p62,1p62_pose_020,data/local_set/1p62/poses/1p62_pose_020.sdf,169.06407191679654,lower_better,0.8461538461538461,rcsb_local_pose_ensemble,uncalibrated,0.8461538461538461,complete,her2-pose-v1,35,,0.9866351667601932,195.63035609292712,28.103659791785304,0.03435993985478955,Fail,benchmark,1.0,0.13333333333333333
rcsb_local_pose_ensemble,1p62,1p62,1p62_pose_021,data/local_set/1p62/poses/1p62_pose_021.sdf,220.24973570642237,lower_better,0.8461538461538461,rcsb_local_pose_ensemble,uncalibrated,0.8461538461538461,complete,her2-pose-v1,45,,0.988527416710714,195.63035609292712,28.103659791785304,0.03435993985478955,Review,benchmark,1.0,0.13333333333333333
rcsb_local_pose_ensemble,1p62,1p62,1p62_pose_022,data/local_set/1p62/poses/1p62_pose_022.sdf,168.08291885995416,lower_better,0.8461538461538461,rcsb_local_pose_ensemble,uncalibrated,0.8461538461538461,complete,her2-pose-v1,32,,0.8446652083849453,195.63035609292712,28.103659791785304,0.03435993985478955,Fail,benchmark,1.0,0.13333333333333333
rcsb_local_pose_ensemble,1p62,1p62,1p62_pose_023,data/local_set/1p62/poses/1p62_pose_023.sdf,221.03246046011947,lower_better,0.8461538461538461,rcsb_local_pose_ensemble,uncalibrated,0.8461538461538461,complete,her2-pose-v1,30,,0.9885078431567468,195.63035609292712,28.103659791785304,0.03435993985478955,Fail,benchmark,1.0,0.13333333333333333
rcsb_local_pose_ensemble,1p62,1p62,1p62_pose_024,data/local_set/1p62/poses/1p62_pose_024.sdf,167.08154846869766,lower_better,0.8461538461538461,rcsb_local_pose_ensemble,uncalibrated,0.8461538461538461,complete,her2-pose-v1,16,,0.9927835578801276,195.63035609292712,28.103659791785304,0.03435993985478955,Review,benchmark,1.0,0.13333333333333333
rcsb_local_pose_ensemble,1p62,1p62,1p62_pose_025,data/local_set/1p62/poses/1p62_pose_025.sdf,220.65669984450165,lower_better,0.8461538461538461,rcsb_local_pose_ensemble,uncalibrated,0.8461538461538461,complete,her2-pose-v1,33,,0.9885069110182356,195.63035609292712,28.103659791785304,0.03435993985478955,Fail,benchmark,1.0,0.13333333333333333
rcsb_local_pose_ensemble,1p62,1p62,1p62_pose_026,data/local_set/1p62/poses/1p62_pose_026.sdf,160.75483121859077,lower_better,0.8461538461538461,rcsb_local_pose_ensemble,uncalibrated,0.8461538461538461,complete,her2-pose-v1,61,,0.9870390691125632,195.63035609292712,28.103659791785304,0.03435993985478955,Fail,benchmark,1.0,0.13333333333333333
rcsb_local_pose_ensemble,1p62,1p62,1p62_pose_027,data/local_set/1p62/poses/1p62_pose_027.sdf,220.64152321549545,lower_better,0.8461538461538461,rcsb_local_pose_ensemble,uncalibrated,0.8461538461538461,complete,her2-pose-v1,53,,0.988522874344729,195.63035609292712,28.103659791785304,0.03435993985478955,Review,benchmark,1.0,0.13333333333333333
rcsb_local_pose_ensemble,1p62,1p62,1p62_pose_028,data/local_set/1p62/poses/1p62_pose_028.sdf,160.06229750575906,lower_better,0.8461538461538461,rcsb_local_pose_ensemble,uncalibrated,0.8461538461538461,complete,her2-pose-v1,26,,0.9932695556889032,195.63035609292712,28.103659791785304,0.03435993985478955,Fail,benchmark,1.0,0.13333333333333333
rcsb_local_pose_ensemble,1p62,1p62,1p62_pose_029,data/local_set/1p62/poses/1p62_pose_029.sdf,226.6330267290353,lower_better,0.8461538461538461,rcsb_local_pose_ensemble,uncalibrated,0.8461538461538461,complete,her2-pose-v1,17,,0.988517153360168,195.63035609292712,28.103659791785304,0.03435993985478955,Fail,benchmark,1.0,0.13333333333333333
rcsb_local_pose_ensemble,1pmn,1pmn,1pmn_pose_000,data/local_set/1pmn/poses/1pmn_pose_000.sdf,506.81583538478304,lower_better,1.0,rcsb_local_pose_ensemble,uncalibrated,1.0,complete,her2-pose-v1,0,,0.9772821012722772,455.36734119678744,56.114659014563664,0.017508639940317424,Pass,benchmark,1.0,0.06666666666666667
rcsb_local_pose_ensemble,1pmn,1pmn,1pmn_pose_001,data/local_set/1pmn/poses/1pmn_pose_001.sdf,506.7874520317708,lower_better,0.8461538461538461,rcsb_local_pose_ensemble,uncalibrated,0.8461538461538461,complete,her2-pose-v1,40,,0.9772989602167468,455.36734119678744,56.114659014563664,0.017508639940317424,Fail,benchmark,1.0,0.06666666666666667
rcsb_local_pose_ensemble,1pmn,1pmn,1pmn_pose_002,data/local_set/1pmn/poses/1pmn_pose_002.sdf,397.6281015934308,lower_better,0.8461538461538461,rcsb_local_pose_ensemble,uncalibrated,0.8461538461538461,complete,her2-pose-v1,19,,0.9940109847094242,455.36734119678744,56.114659014563664,0.017508639940317424,Fail,benchmark,1.0,0.06666666666666667
rcsb_local_pose_ensemble,1pmn,1pmn,1pmn_pose_003,data/local_set/1pmn/poses/1pmn_pose_003.sdf,506.81839734205533,lower_better,0.8461538461538461,rcsb_local_pose_ensemble,uncalibrated,0.8461538461538461,complete,her2-pose-v1,20,,0.9772768053452342,455.36734119678744,56.114659014563664,0.017508639940317424,Review,benchmark,1.0,0.06666666666666667
rcsb_local_pose_ensemble,1pmn,1pmn,1pmn_pose_004,data/local_set/1pmn/poses/1pmn_pose_004.sdf,389.15321929127504,lower_better,0.8461538461538461,rcsb_local_pose_ensemble,uncalibrated,0.8461538461538461,complete,her2-pose-v1,34,,0.9863598461535495,455.36734119678744,56.114659014563664,0.017508639940317424,Review,benchmark,1.0,0.06666666666666667
rcsb_local_pose_ensemble,1pmn,1pmn,1pmn_pose_005,data/local_set/1pmn/poses/1pmn_pose_005.sdf,506.78907466862046,lower_better,1.0,rcsb_local_pose_ensemble,uncalibrated,1.0,complete,her2-pose-v1,0,,0.9772786201208912,455.36734119678744,56.114659014563664,0.017508639940317424,Pass,benchmark,1.0,0.06666666666666667
rcsb_local_pose_ensemble,1pmn,1pmn,1pmn_pose_006,data/local_set/1pmn/poses/1pmn_pose_006.sdf,394.46279365724627,lower_better,0.8461538461538461,rcsb_local_pose_ensemble,uncalibrated,0.8461538461538461,complete,her2-pose-v1,28,,0.9857149788938396,455.36734119678744,56.114659014563664,0.017508639940317424,Fail,benchmark,1.0,0.06666666666666667
rcsb_local_pose_ensemble,1pmn,1pmn,1pmn_pose_007,data/local_set/1pmn/poses/1pmn_pose_007.sdf,506.8286034797895,lower_better,0.8461538461538461,rcsb_local_pose_ensemble,uncalibrated,0.8461538461538461,complete,her2-pose-v1,34,,0.9772806053412314,455.36734119678744,56.114659014563664,0.017508639940317424,Fail,benchmark,1.0,0.06666666666666667
rcsb_local_pose_ensemble,1pmn,1pmn,1pmn_pose_008,data/local_set/1pmn/poses/1pmn_pose_008.sdf,398.6465365737062,lower_better,0.8461538461538461,rcsb_local_pose_ensemble,uncalibrated,0.8461538461538461,complete,her2-pose-v1,16,,0.9865157485947416,455.36734119678744,56.114659014563664,0.017508639940317424,Fail,benchmark,1.0,0.06666666666666667
rcsb_local_pose_ensemble,1pmn,1pmn,1pmn_pose_009,data/local_set/1pmn/poses/1pmn_pose_009.sdf,506.7993396629368,lower_better,0.8461538461538461,rcsb_local_pose_ensemble,uncalibrated,0.8461538461538461,complete,her2-pose-v1,41,,0.9772893534974892,455.36734119678744,56.114659014563664,0.017508639940317424,Fail,benchmark,1.0,0.06666666666666667
rcsb_local_pose_ensemble,1pmn,1pmn,1pmn_pose_010,data/local_set/1pmn/poses/1pmn_pose_010.sdf,400.3182402368888,lower_better,0.8461538461538461,rcsb_local_pose_ensemble,uncalibrated,0.8461538461538461,complete,her2-pose-v1,44,,0.986720606736819,455.36734119678744,56.114659014563664,0.017508639940317424,Fail,benchmark,1.0,0.06666666666666667
rcsb_local_pose_ensemble,1pmn,1pmn,1pmn_pose_011,data/local_set/1pmn/poses/1pmn_pose_011.sdf,506.79971258717507,lower_better,0.8461538461538461,rcsb_local_pose_ensemble,uncalibrated,0.8461538461538461,complete,her2-pose-v1,49,,0.9772881627774828,455.36734119678744,56.114659014563664,0.017508639940317424,Fail,benchmark,1.0,0.06666666666666667
rcsb_local_pose_ensemble,1pmn,1pmn,1pmn_pose_012,data/local_set/1pmn/poses/1pmn_pose_012.sdf,383.98055325483705,lower_better,0.8461538461538461,rcsb_local_pose_ensemble,uncalibrated,0.8461538461538461,complete,her2-pose-v1,11,,0.9865525437541278,455.36734119678744,56.114659014563664,0.017508639940317424,Review,benchmark,1.0,0.06666666666666667
rcsb_local_pose_ensemble,1pmn,1pmn,1pmn_pose_013,data/local_set/1pmn/poses/1pmn_pose_013.sdf,506.8287710407828,lower_better,0.8461538461538461,rcsb_local_pose_ensemble,uncalibrated,0.8461538461538461,complete,her2-pose-v1,41,,0.9772915299967624,455.36734119678744,56.114659014563664,0.017508639940317424,Fail,benchmark,1.0,0.06666666666666667
rcsb_local_pose_ensemble,1pmn,1pmn,1pmn_pose_014,data/local_set/1pmn/poses/1pmn_pose_014.sdf,408.3706127990112,lower_better,0.8461538461538461,rcsb_local_pose_ensemble,uncalibrated,0.8461538461538461,complete,her2-pose-v1,34,,0.981680206201095,455.36734119678744,56.114659014563664,0.017508639940317424,Fail,benchmark,1.0,0.06666666666666667
rcsb_local_pose_ensemble,1pmn,1pmn,1pmn_pose_015,data/local_set/1pmn/poses/1pmn_pose_015.sdf,506.7930484468175,lower_better,0.8461538461538461,rcsb_local_pose_ensemble,uncalibrated,0.8461538461538461,complete,her2-pose-v1,49,,0.9772999215251524,455.36734119678744,56.114659014563664,0.017508639940317424,Fail,benchmark,1.0,0.06666666666666667
rcsb_local_pose_ensemble,1pmn,1pmn,1pmn_pose_016,data/local_set/1pmn/poses/1pmn_pose_016.sdf,389.41612199569886,lower_better,0.8461538461538461,rcsb_local_pose_ensemble,uncalibrated,0.8461538461538461,complete,her2-pose-v1,45,,0.9856591598220442,455.36734119678744,56.114659014563664,0.017508639940317424,Fail,benchmark,1.0,0.06666666666666667
rcsb_local_pose_ensemble,1pmn,1pmn,1pmn_pose_017,data/local_set/1pmn/poses/1pmn_pose_017.sdf,506.80234268219294,lower_better,0.9230769230769231,rcsb_local_pose_ensemble,uncalibrated,0.9230769230769231,complete,her2-pose-v1,5,,0.977304151752159,455.36734119678744,56.114659014563664,0.017508639940317424,Pass,benchmark,1.0,0.06666666666666667
rcsb_local_pose_ensemble,1pmn,1pmn,1pmn_pose_018,data/local_set/1pmn/poses/1pmn_pose_018.sdf,392.51427218131255,lower_better,0.8461538461538461,rcsb_local_pose_ensemble,uncalibrated,0.8461538461538461,complete,her2-pose-v1,40,,0.9617364007354308,455.36734119678744,56.114659014563664,0.017508639940317424,Fail,benchmark,1.0,0.06666666666666667
rcsb_local_pose_ensemble,1pmn,1pmn,1pmn_pose_019,data/local_set/1pmn/poses/1pmn_pose_019.sdf,506.8235432827163,lower_better,0.8461538461538461,rcsb_local_pose_ensemble,uncalibrated,0.8461538461538461,complete,her2-pose-v1,35,,0.9772779728178714,455.36734119678744,56.114659014563664,0.017508639940317424,Fail,benchmark,1.0,0.06666666666666667
rcsb_local_pose_ensemble,1pmn,1pmn,1pmn_pose_020,data/local_set/1pmn/poses/1pmn_pose_020.sdf,394.83561180750434,lower_better,0.8461538461538461,rcsb_local_pose_ensemble,uncalibrated,0.8461538461538461,complete,her2-pose-v1,45,,0.981329772478238,455.36734119678744,56.114659014563664,0.017508639940317424,Fail,benchmark,1.0,0.06666666666666667
rcsb_local_pose_ensemble,1pmn,1pmn,1pmn_pose_021,data/local_set/1pmn/poses/1pmn_pose_021.sdf,506.8542073067658,lower_better,0.8461538461538461,rcsb_local_pose_ensemble,uncalibrated,0.8461538461538461,complete,her2-pose-v1,21,,0.9772675128389507,455.36734119678744,56.114659014563664,0.017508639940317424,Fail,benchmark,1.0,0.06666666666666667
rcsb_local_pose_ensemble,1pmn,1pmn,1pmn_pose_022,data/local_set/1pmn/poses/1pmn_pose_022.sdf,397.9783545530198,lower_better,0.8461538461538461,rcsb_local_pose_ensemble,uncalibrated,0.8461538461538461,complete,her2-pose-v1,17,,0.9839182036205564,455.36734119678744,56.114659014563664,0.017508639940317424,Pass,benchmark,1.0,0.06666666666666667
rcsb_local_pose_ensemble,1pmn,1pmn,1pmn_pose_023,data/local_set/1pmn/poses/1pmn_pose_023.sdf,506.8152369603144,lower_better,0.8461538461538461,rcsb_local_pose_ensemble,uncalibrated,0.8461538461538461,complete,her2-pose-v1,33,,0.977277627910264,455.36734119678744,56.114659014563664,0.017508639940317424,Fail,benchmark,1.0,0.06666666666666667
rcsb_local_pose_ensemble,1pmn,1pmn,1pmn_pose_024,data/local_set/1pmn/poses/1pmn_pose_024.sdf,396.1648457475488,lower_better,0.8461538461538461,rcsb_local_pose_ensemble,uncalibrated,0.8461538461538461,complete,her2-pose-v1,33,,0.9837408601583564,455.36734119678744,56.114659014563664,0.017508639940317424,Fail,benchmark,1.0,0.06666666666666667
rcsb_local_pose_ensemble,1pmn,1pmn,1pmn_pose_025,data/local_set/1pmn/poses/1pmn_pose_025.sdf,506.8129815279864,lower_better,0.8461538461538461,rcsb_local_pose_ensemble,uncalibrated,0.8461538461538461,complete,her2-pose-v1,37,,0.977264296335828,455.36734119678744,56.114659014563664,0.017508639940317424,Fail,benchmark,1.0,0.06666666666666667
rcsb_local_pose_ensemble,1pmn,1pmn,1pmn_pose_026,data/local_set/1pmn/poses/1pmn_pose_026.sdf,405.2552988476045,lower_better,0.8461538461538461,rcsb_local_pose_ensemble,uncalibrated,0.8461538461538461,complete,her2-pose-v1,37,,0.9841421782448632,455.36734119678744,56.114659014563664,0.017508639940317424,Fail,benchmark,1.0,0.06666666666666667
rcsb_local_pose_ensemble,1pmn,1pmn,1pmn_pose_027,data/local_set/1pmn/poses/1pmn_pose_027.sdf,506.8215762547187,lower_better,0.8461538461538461,rcsb_local_pose_ensemble,uncalibrated,0.8461538461538461,complete,her2-pose-v1,67,,0.9772827389472812,455.36734119678744,56.114659014563664,0.017508639940317424,Fail,benchmark,1.0,0.06666666666666667
rcsb_local_pose_ensemble,1pmn,1pmn,1pmn_pose_028,data/local_set/1pmn/poses/1pmn_pose_028.sdf,403.26701458608113,lower_better,0.8461538461538461,rcsb_local_pose_ensemble,uncalibrated,0.8461538461538461,complete,her2-pose-v1,19,,0.983105825828736,455.36734119678744,56.114659014563664,0.017508639940317424,Review,benchmark,1.0,0.06666666666666667
rcsb_local_pose_ensemble,1pmn,1pmn,1pmn_pose_029,data/local_set/1pmn/poses/1pmn_pose_029.sdf,506.83853611903095,lower_better,0.8461538461538461,rcsb_local_pose_ensemble,uncalibrated,0.8461538461538461,complete,her2-pose-v1,21,,0.9773057346736924,455.36734119678744,56.114659014563664,0.017508639940317424,Fail,benchmark,1.0,0.06666666666666667
rcsb_local_pose_ensemble,1q1g,1q1g,1q1g_pose_000,data/local_set/1q1g/poses/1q1g_pose_000.sdf,120.51522186761228,lower_better,1.0,rcsb_local_pose_ensemble,uncalibrated,1.0,complete,her2-pose-v1,0,,1.0,117.65657577511965,5.250427539516478,0.15998905573703495,Pass,benchmark,1.0,0.06666666666666667
rcsb_local_pose_ensemble,1q1g,1q1g,1q1g_pose_001,data/local_set/1q1g/poses/1q1g_pose_001.sdf,122.67844926059207,lower_better,0.8461538461538461,rcsb_local_pose_ensemble,uncalibrated,0.8461538461538461,complete,her2-pose-v1,12,,1.0,117.65657577511965,5.250427539516478,0.15998905573703495,Review,benchmark,1.0,0.06666666666666667
rcsb_local_pose_ensemble,1q1g,1q1g,1q1g_pose_002,data/local_set/1q1g/poses/1q1g_pose_002.sdf,118.15890978138714,lower_better,0.8461538461538461,rcsb_local_pose_ensemble,uncalibrated,0.8461538461538461,complete,her2-pose-v1,20,,0.9955911269387882,117.65657577511965,5.250427539516478,0.15998905573703495,Review,benchmark,1.0,0.06666666666666667
rcsb_local_pose_ensemble,1q1g,1q1g,1q1g_pose_003,data/local_set/1q1g/poses/1q1g_pose_003.sdf,121.3155751300154,lower_better,0.8461538461538461,rcsb_local_pose_ensemble,uncalibrated,0.8461538461538461,complete,her2-pose-v1,13,,1.0,117.65657577511965,5.250427539516478,0.15998905573703495,Fail,benchmark,1.0,0.06666666666666667
rcsb_local_pose_ensemble,1q1g,1q1g,1q1g_pose_004,data/local_set/1q1g/poses/1q1g_pose_004.sdf,116.34333455931764,lower_better,0.9230769230769231,rcsb_local_pose_ensemble,uncalibrated,0.9230769230769231,complete,her2-pose-v1,5,,0.9960561859313836,117.65657577511965,5.250427539516478,0.15998905573703495,Review,benchmark,1.0,0.06666666666666667
rcsb_local_pose_ensemble,1q1g,1q1g,1q1g_pose_005,data/local_set/1q1g/poses/1q1g_pose_005.sdf,120.59091863884215,lower_better,0.8461538461538461,rcsb_local_pose_ensemble,uncalibrated,0.8461538461538461,complete,her2-pose-v1,25,,1.0,117.65657577511965,5.250427539516478,0.15998905573703495,Fail,benchmark,1.0,0.06666666666666667
rcsb_local_pose_ensemble,1q1g,1q1g,1q1g_pose_006,data/local_set/1q1g/poses/1q1g_pose_006.sdf,112.4017561384958,lower_better,0.8461538461538461,rcsb_local_pose_ensemble,uncalibrated,0.8461538461538461,complete,her2-pose-v1,36,,0.995824396837068,117.65657577511965,5.250427539516478,0.15998905573703495,Review,benchmark,1.0,0.06666666666666667
rcsb_local_pose_ensemble,1q1g,1q1g,1q1g_pose_007,data/local_set/1q1g/poses/1q1g_pose_007.sdf,120.3454008998904,lower_better,1.0,rcsb_local_pose_ensemble,uncalibrated,1.0,complete,her2-pose-v1,0,,1.0,117.65657577511965,5.250427539516478,0.15998905573703495,Pass,benchmark,1.0,0.06666666666666667
rcsb_local_pose_ensemble,1q1g,1q1g,1q1g_pose_008,data/local_set/1q1g/poses/1q1g_pose_008.sdf,123.27525494307628,lower_better,0.8461538461538461,rcsb_local_pose_ensemble,uncalibrated,0.8461538461538461,complete,her2-pose-v1,21,,0.9959528970415624,117.65657577511965,5.250427539516478,0.15998905573703495,Fail,benchmark,1.0,0.06666666666666667
rcsb_local_pose_ensemble,1q1g,1q1g,1q1g_pose_009,data/local_set/1q1g/poses/1q1g_pose_009.sdf,120.50217482569384,lower_better,0.8461538461538461,rcsb_local_pose_ensemble,uncalibrated,0.8461538461538461,complete,her2-pose-v1,26,,1.0,117.65657577511965,5.250427539516478,0.15998905573703495,Fail,benchmark,1.0,0.06666666666666667
rcsb_local_pose_ensemble,1q1g,1q1g,1q1g_pose_010,data/local_set/1q1g/poses/1q1g_pose_010.sdf,112.87498634849612,lower_better,0.9230769230769231,rcsb_local_pose_ensemble,uncalibrated,0.9230769230769231,complete,her2-pose-v1,1,,0.9918186702314712,117.65657577511965,5.250427539516478,0.15998905573703495,Review,benchmark,1.0,0.06666666666666667
rcsb_local_pose_ensemble,1q1g,1q1g,1q1g_pose_011,data/local_set/1q1g/poses/1q1g_pose_011.sdf,121.14076585746244,lower_better,0.8461538461538461,rcsb_local_pose_ensemble,uncalibrated,0.8461538461538461,complete,her2-pose-v1,20,,1.0,117.65657577511965,5.250427539516478,0.15998905573703495,Review,benchmark,1.0,0.06666666666666667
rcsb_local_pose_ensemble,1q1g,1q1g,1q1g_pose_012,data/local_set/1q1g/poses/1q1g_pose_012.sdf,106.36105722331683,lower_better,0.8461538461538461,rcsb_local_pose_ensemble,uncalibrated,0.8461538461538461,complete,her2-pose-v1,35,,0.994555753143872,117.65657577511965,5.250427539516478,0.15998905573703495,Fail,benchmark,1.0,0.06666666666666667
rcsb_local_pose_ensemble,1q1g,1q1g,1q1g_pose_013,data/local_set/1q1g/poses/1q1g_pose_013.sdf,122.68776105761584,lower_better,0.8461538461538461,rcsb_local_pose_ensemble,uncalibrated,0.8461538461538461,complete,her2-pose-v1,27,,1.0,117.65657577511965,5.250427539516478,0.15998905573703495,Fail,benchmark,1.0,0.06666666666666667
rcsb_local_pose_ensemble,1q1g,1q1g,1q1g_pose_014,data/local_set/1q1g/poses/1q1g_pose_014.sdf,121.67715504493393,lower_better,0.8461538461538461,rcsb_local_pose_ensemble,uncalibrated,0.8461538461538461,complete,her2-pose-v1,18,,0.995619267364682,117.65657577511965,5.250427539516478,0.15998905573703495,Fail,benchmark,1.0,0.06666666666666667
rcsb_local_pose_ensemble,1q1g,1q1g,1q1g_pose_015,data/local_set/1q1g/poses/1q1g_pose_015.sdf,122.67836678826004,lower_better,0.8461538461538461,rcsb_local_pose_ensemble,uncalibrated,0.8461538461538461,complete,her2-pose-v1,48,,1.0,117.65657577511965,5.250427539516478,0.15998905573703495,Fail,benchmark,1.0,0.06666666666666667
rcsb_local_pose_ensemble,1q1g,1q1g,1q1g_pose_016,data/local_set/1q1g/poses/1q1g_pose_016.sdf,117.16364056704934,lower_better,0.8461538461538461,rcsb_local_pose_ensemble,uncalibrated,0.8461538461538461,complete,her2-pose-v1,54,,0.9959583433032962,117.65657577511965,5.250427539516478,0.15998905573703495,Fail,benchmark,1.0,0.06666666666666667
rcsb_local_pose_ensemble,1q1g,1q1g,1q1g_pose_017,data/local_set/1q1g/poses/1q1g_pose_017.sdf,120.38909264148292,lower_better,0.8461538461538461,rcsb_local_pose_ensemble,uncalibrated,0.8461538461538461,complete,her2-pose-v1,31,,1.0,117.65657577511965,5.250427539516478,0.15998905573703495,Fail,benchmark,1.0,0.06666666666666667
rcsb_local_pose_ensemble,1q1g,1q1g,1q1g_pose_018,data/local_set/1q1g/poses/1q1g_pose_018.sdf,112.61887651120072,lower_better,0.9230769230769231,rcsb_local_pose_ensemble,uncalibrated,0.9230769230769231,complete,her2-pose-v1,2,,0.9935203505615068,117.65657577511965,5.250427539516478,0.15998905573703495,Pass,benchmark,1.0,0.06666666666666667
rcsb_local_pose_ensemble,1q1g,1q1g,1q1g_pose_019,data/local_set/1q1g/poses/1q1g_pose_019.sdf,120.5017709939922,lower_better,0.9230769230769231,rcsb_local_pose_ensemble,uncalibrated,0.9230769230769231,complete,her2-pose-v1,3,,1.0,117.65657577511965,5.250427539516478,0.15998905573703495,Pass,benchmark,1.0,0.06666666666666667
rcsb_local_pose_ensemble,1q1g,1q1g,1q1g_pose_020,data/local_set/1q1g/poses/1q1g_pose_020.sdf,109.9575391038086,lower_better,0.8461538461538461,rcsb_local_pose_ensemble,uncalibrated,0.8461538461538461,complete,her2-pose-v1,34,,0.9900291597274732,117.65657577511965,5.250427539516478,0.15998905573703495,Review,benchmark,1.0,0.06666666666666667
rcsb_local_pose_ensemble,1q1g,1q1g,1q1g_pose_021,data/local_set/1q1g/poses/1q1g_pose_021.sdf,122.69028620806743,lower_better,0.8461538461538461,rcsb_local_pose_ensemble,uncalibrated,0.8461538461538461,complete,her2-pose-v1,21,,1.0,117.65657577511965,5.250427539516478,0.15998905573703495,Fail,benchmark,1.0,0.06666666666666667
rcsb_local_pose_ensemble,1q1g,1q1g,1q1g_pose_022,data/local_set/1q1g/poses/1q1g_pose_022.sdf,114.58551121386382,lower_better,0.8461538461538461,rcsb_local_pose_ensemble,uncalibrated,0.8461538461538461,complete,her2-pose-v1,8,,0.9955011410993512,117.65657577511965,5.250427539516478,0.15998905573703495,Pass,benchmark,1.0,0.06666666666666667
rcsb_local_pose_ensemble,1q1g,1q1g,1q1g_pose_023,data/local_set/1q1g/poses/1q1g_pose_023.sdf,120.39362247321796,lower_better,0.8461538461538461,rcsb_local_pose_ensemble,uncalibrated,0.8461538461538461,complete,her2-pose-v1,34,,1.0,117.65657577511965,5.250427539516478,0.15998905573703495,Fail,benchmark,1.0,0.06666666666666667
rcsb_local_pose_ensemble,1q1g,1q1g,1q1g_pose_024,data/local_set/1q1g/poses/1q1g_pose_024.sdf,107.4700728131693,lower_better,0.8461538461538461,rcsb_local_pose_ensemble,uncalibrated,0.8461538461538461,complete,her2-pose-v1,13,,0.9945480322187376,117.65657577511965,5.250427539516478,0.15998905573703495,Fail,benchmark,1.0,0.06666666666666667
rcsb_local_pose_ensemble,1q1g,1q1g,1q1g_pose_025,data/local_set/1q1g/poses/1q1g_pose_025.sdf,121.14972488157773,lower_better,0.8461538461538461,rcsb_local_pose_ensemble,uncalibrated,0.8461538461538461,complete,her2-pose-v1,5,,1.0,117.65657577511965,5.250427539516478,0.15998905573703495,Review,benchmark,1.0,0.06666666666666667
rcsb_local_pose_ensemble,1q1g,1q1g,1q1g_pose_026,data/local_set/1q1g/poses/1q1g_pose_026.sdf,108.94664426440124,lower_better,0.8461538461538461,rcsb_local_pose_ensemble,uncalibrated,0.8461538461538461,complete,her2-pose-v1,7,,0.990305528598401,117.65657577511965,5.250427539516478,0.15998905573703495,Pass,benchmark,1.0,0.06666666666666667
rcsb_local_pose_ensemble,1q1g,1q1g,1q1g_pose_027,data/local_set/1q1g/poses/1q1g_pose_027.sdf,121.1287292908698,lower_better,0.8461538461538461,rcsb_local_pose_ensemble,uncalibrated,0.8461538461538461,complete,her2-pose-v1,19,,1.0,117.65657577511965,5.250427539516478,0.15998905573703495,Fail,benchmark,1.0,0.06666666666666667
rcsb_local_pose_ensemble,1q1g,1q1g,1q1g_pose_028,data/local_set/1q1g/poses/1q1g_pose_028.sdf,108.54786437786684,lower_better,0.8461538461538461,rcsb_local_pose_ensemble,uncalibrated,0.8461538461538461,complete,her2-pose-v1,6,,0.9992865800600204,117.65657577511965,5.250427539516478,0.15998905573703495,Pass,benchmark,1.0,0.06666666666666667
rcsb_local_pose_ensemble,1q1g,1q1g,1q1g_pose_029,data/local_set/1q1g/poses/1q1g_pose_029.sdf,120.60680954801344,lower_better,0.8461538461538461,rcsb_local_pose_ensemble,uncalibrated,0.8461538461538461,complete,her2-pose-v1,21,,1.0,117.65657577511965,5.250427539516478,0.15998905573703495,Fail,benchmark,1.0,0.06666666666666667
rcsb_local_pose_ensemble,1q41,1q41,1q41_pose_000,data/local_set/1q41/poses/1q41_pose_000.sdf,136.59125119923283,lower_better,1.0,rcsb_local_pose_ensemble,uncalibrated,1.0,complete,her2-pose-v1,0,,0.953945498938478,133.4831123561081,4.800074719259179,0.1724115719888047,Pass,benchmark,1.0,0.16666666666666666
rcsb_local_pose_ensemble,1q41,1q41,1q41_pose_001,data/local_set/1q41/poses/1q41_pose_001.sdf,136.57926317249664,lower_better,0.8461538461538461,rcsb_local_pose_ensemble,uncalibrated,0.8461538461538461,complete,her2-pose-v1,18,,0.9539581077321032,133.4831123561081,4.800074719259179,0.1724115719888047,Review,benchmark,1.0,0.16666666666666666
rcsb_local_pose_ensemble,1q41,1q41,1q41_pose_002,data/local_set/1q41/poses/1q41_pose_002.sdf,125.033792491627,lower_better,0.9230769230769231,rcsb_local_pose_ensemble,uncalibrated,0.9230769230769231,complete,her2-pose-v1,1,,0.9909728503080464,133.4831123561081,4.800074719259179,0.1724115719888047,Review,benchmark,1.0,0.16666666666666666
rcsb_local_pose_ensemble,1q41,1q41,1q41_pose_003,data/local_set/1q41/poses/1q41_pose_003.sdf,136.59686818174887,lower_better,0.8461538461538461,rcsb_local_pose_ensemble,uncalibrated,0.8461538461538461,complete,her2-pose-v1,17,,0.9539195717305166,133.4831123561081,4.800074719259179,0.1724115719888047,Review,benchmark,1.0,0.16666666666666666
rcsb_local_pose_ensemble,1q41,1q41,1q41_pose_004,data/local_set/1q41/poses/1q41_pose_004.sdf,125.01319080555118,lower_better,0.8461538461538461,rcsb_local_pose_ensemble,uncalibrated,0.8461538461538461,complete,her2-pose-v1,10,,0.990982812399914,133.4831123561081,4.800074719259179,0.1724115719888047,Review,benchmark,1.0,0.16666666666666666
rcsb_local_pose_ensemble,1q41,1q41,1q41_pose_005,data/local_set/1q41/poses/1q41_pose_005.sdf,136.58178734120986,lower_better,0.8461538461538461,rcsb_local_pose_ensemble,uncalibrated,0.8461538461538461,complete,her2-pose-v1,18,,0.9539296733388642,133.4831123561081,4.800074719259179,0.1724115719888047,Review,benchmark,1.0,0.16666666666666666
rcsb_local_pose_ensemble,1q41,1q41,1q41_pose_006,data/local_set/1q41/poses/1q41_pose_006.sdf,134.84172772207918,lower_better,0.8461538461538461,rcsb_local_pose_ensemble,uncalibrated,0.8461538461538461,complete,her2-pose-v1,27,,0.950737537828346,133.4831123561081,4.800074719259179,0.1724115719888047,Review,benchmark,1.0,0.16666666666666666
rcsb_local_pose_ensemble,1q41,1q41,1q41_pose_007,data/local_set/1q41/poses/1q41_pose_007.sdf,136.5847340825854,lower_better,0.8461538461538461,rcsb_local_pose_ensemble,uncalibrated,0.8461538461538461,complete,her2-pose-v1,29,,0.9539406861360332,133.4831123561081,4.800074719259179,0.1724115719888047,Fail,benchmark,1.0,0.16666666666666666
rcsb_local_pose_ensemble,1q41,1q41,1q41_pose_008,data/local_set/1q41/poses/1q41_pose_008.sdf,125.0333187979503,lower_better,0.8461538461538461,rcsb_local_pose_ensemble,uncalibrated,0.8461538461538461,complete,her2-pose-v1,36,,0.9909898611018908,133.4831123561081,4.800074719259179,0.1724115719888047,Fail,benchmark,1.0,0.16666666666666666
rcsb_local_pose_ensemble,1q41,1q41,1q41_pose_009,data/local_set/1q41/poses/1q41_pose_009.sdf,136.60274486076187,lower_better,0.8461538461538461,rcsb_local_pose_ensemble,uncalibrated,0.8461538461538461,complete,her2-pose-v1,19,,0.9539453278554312,133.4831123561081,4.800074719259179,0.1724115719888047,Fail,benchmark,1.0,0.16666666666666666
rcsb_local_pose_ensemble,1q41,1q41,1q41_pose_010,data/local_set/1q41/poses/1q41_pose_010.sdf,134.83268470196455,lower_better,0.8461538461538461,rcsb_local_pose_ensemble,uncalibrated,0.8461538461538461,complete,her2-pose-v1,23,,0.9507021919118328,133.4831123561081,4.800074719259179,0.1724115719888047,Review,benchmark,1.0,0.16666666666666666
rcsb_local_pose_ensemble,1q41,1q41,1q41_pose_011,data/local_set/1q41/poses/1q41_pose_011.sdf,136.59101260497283,lower_better,1.0,rcsb_local_pose_ensemble,uncalibrated,1.0,complete,her2-pose-v1,0,,0.9539286473991478,133.4831123561081,4.800074719259179,0.1724115719888047,Pass,benchmark,1.0,0.16666666666666666
rcsb_local_pose_ensemble,1q41,1q41,1q41_pose_012,data/local_set/1q41/poses/1q41_pose_012.sdf,125.01582615934622,lower_better,0.8461538461538461,rcsb_local_pose_ensemble,uncalibrated,0.8461538461538461,complete,her2-pose-v1,13,,0.9909830491577354,133.4831123561081,4.800074719259179,0.1724115719888047,Fail,benchmark,1.0,0.16666666666666666
rcsb_local_pose_ensemble,1q41,1q41,1q41_pose_013,data/local_set/1q41/poses/1q41_pose_013.sdf,136.5820833720841,lower_better,1.0,rcsb_local_pose_ensemble,uncalibrated,1.0,complete,her2-pose-v1,0,,0.95396511049735,133.4831123561081,4.800074719259179,0.1724115719888047,Pass,benchmark,1.0,0.16666666666666666
rcsb_local_pose_ensemble,1q41,1q41,1q41_pose_014,data/local_set/1q41/poses/1q41_pose_014.sdf,125.0276381781226,lower_better,0.8461538461538461,rcsb_local_pose_ensemble,uncalibrated,0.8461538461538461,complete,her2-pose-v1,34,,0.9909766510246454,133.4831123561081,4.800074719259179,0.1724115719888047,Fail,benchmark,1.0,0.16666666666666666
rcsb_local_pose_ensemble,1q41,1q41,1q41_pose_015,data/local_set/1q41/poses/1q41_pose_015.sdf,136.58428176659405,lower_better,0.8461538461538461,rcsb_local_pose_ensemble,uncalibrated,0.8461538461538461,complete,her2-pose-v1,44,,0.953980599691857,133.4831123561081,4.800074719259179,0.1724115719888047,Review,benchmark,1.0,0.16666666666666666
rcsb_local_pose_ensemble,1q41,1q41,1q41_pose_016,data/local_set/1q41/poses/1q41_pose_016.sdf,134.85208474322533,lower_better,0.8461538461538461,rcsb_local_pose_ensemble,uncalibrated,0.8461538461538461,complete,her2-pose-v1,28,,0.9507095995602244,133.4831123561081,4.800074719259179,0.1724115719888047,Fail,benchmark,1.0,0.16666666666666666
rcsb_local_pose_ensemble,1q41,1q41,1q41_pose_017,data/local_set/1q41/poses/1q41_pose_017.sdf,136.5919500221362,lower_better,0.8461538461538461,rcsb_local_pose_ensemble,uncalibrated,0.8461538461538461,complete,her2-pose-v1,9,,0.9539509424739184,133.4831123561081,4.800074719259179,0.1724115719888047,Fail,benchmark,1.0,0.16666666666666666
rcsb_local_pose_ensemble,1q41,1q41,1q41_pose_018,data/local_set/1q41/poses/1q41_pose_018.sdf,134.85387212926238,lower_better,0.8461538461538461,rcsb_local_pose_ensemble,uncalibrated,0.8461538461538461,complete,her2-pose-v1,48,,0.9507090776280864,133.4831123561081,4.800074719259179,0.1724115719888047,Fail,benchmark,1.0,0.16666666666666666
rcsb_local_pose_ensemble,1q41,1q41,1q41_pose_019,data/local_set/1q41/poses/1q41_pose_019.sdf,136.5952012565083,lower_better,1.0,rcsb_local_pose_ensemble,uncalibrated,1.0,complete,her2-pose-v1,0,,0.953939944196166,133.4831123561081,4.800074719259179,0.1724115719888047,Pass,benchmark,1.0,0.16666666666666666
rcsb_local_pose_ensemble,1q41,1q41,1q41_pose_020,data/local_set/1q41/poses/1q41_pose_020.sdf,125.0163406703273,lower_better,0.8461538461538461,rcsb_local_pose_ensemble,uncalibrated,0.8461538461538461,complete,her2-pose-v1,26,,0.990972256209256,133.4831123561081,4.800074719259179,0.1724115719888047,Fail,benchmark,1.0,0.16666666666666666
rcsb_local_pose_ensemble,1q41,1q41,1q41_pose_021,data/local_set/1q41/poses/1q41_pose_021.sdf,136.5873724823742,lower_better,0.8461538461538461,rcsb_local_pose_ensemble,uncalibrated,0.8461538461538461,complete,her2-pose-v1,27,,0.953963773541696,133.4831123561081,4.800074719259179,0.1724115719888047,Review,benchmark,1.0,0.16666666666666666
rcsb_local_pose_ensemble,1q41,1q41,1q41_pose_022,data/local_set/1q41/poses/1q41_pose_022.sdf,134.84355108234269,lower_better,0.8461538461538461,rcsb_local_pose_ensemble,uncalibrated,0.8461538461538461,complete,her2-pose-v1,8,,0.9507242505350286,133.4831123561081,4.800074719259179,0.1724115719888047,Fail,benchmark,1.0,0.16666666666666666
rcsb_local_pose_ensemble,1q41,1q41,1q41_pose_023,data/local_set/1q41/poses/1q41_pose_023.sdf,136.5885880218783,lower_better,0.8461538461538461,rcsb_local_pose_ensemble,uncalibrated,0.8461538461538461,complete,her2-pose-v1,9,,0.9539573404604644,133.4831123561081,4.800074719259179,0.1724115719888047,Review,benchmark,1.0,0.16666666666666666
rcsb_local_pose_ensemble,1q41,1q41,1q41_pose_024,data/local_set/1q41/poses/1q41_pose_024.sdf,125.0279502028635,lower_better,0.8461538461538461,rcsb_local_pose_ensemble,uncalibrated,0.8461538461538461,complete,her2-pose-v1,18,,0.9909808976111104,133.4831123561081,4.800074719259179,0.1724115719888047,Review,benchmark,1.0,0.16666666666666666
rcsb_local_pose_ensemble,1q41,1q41,1q41_pose_025,data/local_set/1q41/poses/1q41_pose_025.sdf,136.5842639207913,lower_better,1.0,rcsb_local_pose_ensemble,uncalibrated,1.0,complete,her2-pose-v1,0,,0.9539392581316912,133.4831123561081,4.800074719259179,0.1724115719888047,Pass,benchmark,1.0,0.16666666666666666
rcsb_local_pose_ensemble,1q41,1q41,1q41_pose_026,data/local_set/1q41/poses/1q41_pose_026.sdf,134.83413543149584,lower_better,0.9230769230769231,rcsb_local_pose_ensemble,uncalibrated,0.9230769230769231,complete,her2-pose-v1,5,,0.9507040027912588,133.4831123561081,4.800074719259179,0.1724115719888047,Pass,benchmark,1.0,0.16666666666666666
rcsb_local_pose_ensemble,1q41,1q41,1q41_pose_027,data/local_set/1q41/poses/1q41_pose_027.sdf,136.5810686772499,lower_better,0.8461538461538461,rcsb_local_pose_ensemble,uncalibrated,0.8461538461538461,complete,her2-pose-v1,40,,0.9539199139058132,133.4831123561081,4.800074719259179,0.1724115719888047,Fail,benchmark,1.0,0.16666666666666666
rcsb_local_pose_ensemble,1q41,1q41,1q41_pose_028,data/local_set/1q41/poses/1q41_pose_028.sdf,134.84517371532513,lower_better,0.8461538461538461,rcsb_local_pose_ensemble,uncalibrated,0.8461538461538461,complete,her2-pose-v1,12,,0.9507174371777976,133.4831123561081,4.800074719259179,0.1724115719888047,Review,benchmark,1.0,0.16666666666666666
rcsb_local_pose_ensemble,1q41,1q41,1q41_pose_029,data/local_set/1q41/poses/1q41_pose_029.sdf,136.59961288913573,lower_better,0.8461538461538461,rcsb_local_pose_ensemble,uncalibrated,0.8461538461538461,complete,her2-pose-v1,26,,0.9539381158418844,133.4831123561081,4.800074719259179,0.1724115719888047,Fail,benchmark,1.0,0.16666666666666666
rcsb_local_pose_ensemble,1q4g,1q4g,1q4g_pose_000,data/local_set/1q4g/poses/1q4g_pose_000.sdf,,lower_better,,rcsb_local_pose_ensemble,uncalibrated,,failed,her2-pose-v1,1,,0.8734077744263152,,,0.0317399023733503,,benchmark,1.0,0.0
rcsb_local_pose_ensemble,1q4g,1q4g,1q4g_pose_001,data/local_set/1q4g/poses/1q4g_pose_001.sdf,,lower_better,,rcsb_local_pose_ensemble,uncalibrated,,failed,her2-pose-v1,83,,0.8734067306198592,,,0.0317399023733503,,benchmark,1.0,0.0
rcsb_local_pose_ensemble,1q4g,1q4g,1q4g_pose_002,data/local_set/1q4g/poses/1q4g_pose_002.sdf,452.1035391025711,lower_better,0.8461538461538461,rcsb_local_pose_ensemble,uncalibrated,0.8461538461538461,complete,her2-pose-v1,16,,1.0,460.77059677323325,30.50608304452844,0.0317399023733503,Review,benchmark,1.0,0.0
rcsb_local_pose_ensemble,1q4g,1q4g,1q4g_pose_003,data/local_set/1q4g/poses/1q4g_pose_003.sdf,,lower_better,,rcsb_local_pose_ensemble,uncalibrated,,failed,her2-pose-v1,37,,0.8734192553069338,,,0.0317399023733503,,benchmark,1.0,0.0
rcsb_local_pose_ensemble,1q4g,1q4g,1q4g_pose_004,data/local_set/1q4g/poses/1q4g_pose_004.sdf,420.6391602571122,lower_better,0.8461538461538461,rcsb_local_pose_ensemble,uncalibrated,0.8461538461538461,complete,her2-pose-v1,78,,1.0,460.77059677323325,30.50608304452844,0.0317399023733503,Fail,benchmark,1.0,0.0
rcsb_local_pose_ensemble,1q4g,1q4g,1q4g_pose_005,data/local_set/1q4g/poses/1q4g_pose_005.sdf,,lower_better,,rcsb_local_pose_ensemble,uncalibrated,,failed,her2-pose-v1,63,,0.8734234395457479,,,0.0317399023733503,,benchmark,1.0,0.0
rcsb_local_pose_ensemble,1q4g,1q4g,1q4g_pose_006,data/local_set/1q4g/poses/1q4g_pose_006.sdf,440.285738811921,lower_better,0.8461538461538461,rcsb_local_pose_ensemble,uncalibrated,0.8461538461538461,complete,her2-pose-v1,67,,1.0,460.77059677323325,30.50608304452844,0.0317399023733503,Fail,benchmark,1.0,0.0
rcsb_local_pose_ensemble,1q4g,1q4g,1q4g_pose_007,data/local_set/1q4g/poses/1q4g_pose_007.sdf,,lower_better,,rcsb_local_pose_ensemble,uncalibrated,,failed,her2-pose-v1,2,,0.8734038402819521,,,0.0317399023733503,,benchmark,1.0,0.0
rcsb_local_pose_ensemble,1q4g,1q4g,1q4g_pose_008,data/local_set/1q4g/poses/1q4g_pose_008.sdf,436.98360634884904,lower_better,0.8461538461538461,rcsb_local_pose_ensemble,uncalibrated,0.8461538461538461,complete,her2-pose-v1,20,,1.0,460.77059677323325,30.50608304452844,0.0317399023733503,Review,benchmark,1.0,0.0
rcsb_local_pose_ensemble,1q4g,1q4g,1q4g_pose_009,data/local_set/1q4g/poses/1q4g_pose_009.sdf,,lower_better,,rcsb_local_pose_ensemble,uncalibrated,,failed,her2-pose-v1,24,,0.8734232134448142,,,0.0317399023733503,,benchmark,1.0,0.0
rcsb_local_pose_ensemble,1q4g,1q4g,1q4g_pose_010,data/local_set/1q4g/poses/1q4g_pose_010.sdf,445.9422050602562,lower_better,0.8461538461538461,rcsb_local_pose_ensemble,uncalibrated,0.8461538461538461,complete,her2-pose-v1,69,,1.0,460.77059677323325,30.50608304452844,0.0317399023733503,Fail,benchmark,1.0,0.0
rcsb_local_pose_ensemble,1q4g,1q4g,1q4g_pose_011,data/local_set/1q4g/poses/1q4g_pose_011.sdf,,lower_better,,rcsb_local_pose_ensemble,uncalibrated,,failed,her2-pose-v1,8,,0.8734093512572777,,,0.0317399023733503,,benchmark,1.0,0.0
rcsb_local_pose_ensemble,1q4g,1q4g,1q4g_pose_012,data/local_set/1q4g/poses/1q4g_pose_012.sdf,445.807121675485,lower_better,0.8461538461538461,rcsb_local_pose_ensemble,uncalibrated,0.8461538461538461,complete,her2-pose-v1,57,,1.0,460.77059677323325,30.50608304452844,0.0317399023733503,Fail,benchmark,1.0,0.0
rcsb_local_pose_ensemble,1q4g,1q4g,1q4g_pose_013,data/local_set/1q4g/poses/1q4g_pose_013.sdf,,lower_better,,rcsb_local_pose_ensemble,uncalibrated,,failed,her2-pose-v1,51,,0.8734067024702142,,,0.0317399023733503,,benchmark,1.0,0.0
rcsb_local_pose_ensemble,1q4g,1q4g,1q4g_pose_014,data/local_set/1q4g/poses/1q4g_pose_014.sdf,470.2071630625398,lower_better,0.8461538461538461,rcsb_local_pose_ensemble,uncalibrated,0.8461538461538461,complete,her2-pose-v1,18,,0.9561833485144632,460.77059677323325,30.50608304452844,0.0317399023733503,Fail,benchmark,1.0,0.0
rcsb_local_pose_ensemble,1q4g,1q4g,1q4g_pose_015,data/local_set/1q4g/poses/1q4g_pose_015.sdf,,lower_better,,rcsb_local_pose_ensemble,uncalibrated,,failed,her2-pose-v1,38,,0.8733934956451567,,,0.0317399023733503,,benchmark,1.0,0.0
rcsb_local_pose_ensemble,1q4g,1q4g,1q4g_pose_016,data/local_set/1q4g/poses/1q4g_pose_016.sdf,454.9318070520272,lower_better,0.8461538461538461,rcsb_local_pose_ensemble,uncalibrated,0.8461538461538461,complete,her2-pose-v1,46,,1.0,460.77059677323325,30.50608304452844,0.0317399023733503,Review,benchmark,1.0,0.0
rcsb_local_pose_ensemble,1q4g,1q4g,1q4g_pose_017,data/local_set/1q4g/poses/1q4g_pose_017.sdf,,lower_better,,rcsb_local_pose_ensemble,uncalibrated,,failed,her2-pose-v1,73,,0.8734034915883255,,,0.0317399023733503,,benchmark,1.0,0.0
rcsb_local_pose_ensemble,1q4g,1q4g,1q4g_pose_018,data/local_set/1q4g/poses/1q4g_pose_018.sdf,530.5183717398919,lower_better,0.7692307692307693,rcsb_local_pose_ensemble,uncalibrated,0.7692307692307693,complete,her2-pose-v1,68,,1.0,460.77059677323325,30.50608304452844,0.0317399023733503,Fail,benchmark,1.0,0.0
rcsb_local_pose_ensemble,1q4g,1q4g,1q4g_pose_019,data/local_set/1q4g/poses/1q4g_pose_019.sdf,,lower_better,,rcsb_local_pose_ensemble,uncalibrated,,failed,her2-pose-v1,76,,0.8734019270055692,,,0.0317399023733503,,benchmark,1.0,0.0
rcsb_local_pose_ensemble,1q4g,1q4g,1q4g_pose_020,data/local_set/1q4g/poses/1q4g_pose_020.sdf,492.17293018214866,lower_better,0.8461538461538461,rcsb_local_pose_ensemble,uncalibrated,0.8461538461538461,complete,her2-pose-v1,30,,1.0,460.77059677323325,30.50608304452844,0.0317399023733503,Review,benchmark,1.0,0.0
rcsb_local_pose_ensemble,1q4g,1q4g,1q4g_pose_021,data/local_set/1q4g/poses/1q4g_pose_021.sdf,,lower_better,,rcsb_local_pose_ensemble,uncalibrated,,failed,her2-pose-v1,36,,0.8734061549139883,,,0.0317399023733503,,benchmark,1.0,0.0
rcsb_local_pose_ensemble,1q4g,1q4g,1q4g_pose_022,data/local_set/1q4g/poses/1q4g_pose_022.sdf,454.7582940270705,lower_better,0.8461538461538461,rcsb_local_pose_ensemble,uncalibrated,0.8461538461538461,complete,her2-pose-v1,32,,1.0,460.77059677323325,30.50608304452844,0.0317399023733503,Review,benchmark,1.0,0.0
rcsb_local_pose_ensemble,1q4g,1q4g,1q4g_pose_023,data/local_set/1q4g/poses/1q4g_pose_023.sdf,,lower_better,,rcsb_local_pose_ensemble,uncalibrated,,failed,her2-pose-v1,74,,0.873403437558961,,,0.0317399023733503,,benchmark,1.0,0.0
rcsb_local_pose_ensemble,1q4g,1q4g,1q4g_pose_024,data/local_set/1q4g/poses/1q4g_pose_024.sdf,491.8552725602146,lower_better,0.8461538461538461,rcsb_local_pose_ensemble,uncalibrated,0.8461538461538461,complete,her2-pose-v1,42,,1.0,460.77059677323325,30.50608304452844,0.0317399023733503,Fail,benchmark,1.0,0.0
rcsb_local_pose_ensemble,1q4g,1q4g,1q4g_pose_025,data/local_set/1q4g/poses/1q4g_pose_025.sdf,,lower_better,,rcsb_local_pose_ensemble,uncalibrated,,failed,her2-pose-v1,1,,0.8733973340354846,,,0.0317399023733503,,benchmark,1.0,0.0
rcsb_local_pose_ensemble,1q4g,1q4g,1q4g_pose_026,data/local_set/1q4g/poses/1q4g_pose_026.sdf,425.8068510079115,lower_better,0.8461538461538461,rcsb_local_pose_ensemble,uncalibrated,0.8461538461538461,complete,her2-pose-v1,39,,1.0,460.77059677323325,30.50608304452844,0.0317399023733503,Fail,benchmark,1.0,0.0
rcsb_local_pose_ensemble,1q4g,1q4g,1q4g_pose_027,data/local_set/1q4g/poses/1q4g_pose_027.sdf,,lower_better,,rcsb_local_pose_ensemble,uncalibrated,,failed,her2-pose-v1,64,,0.8733968373249356,,,0.0317399023733503,,benchmark,1.0,0.0
rcsb_local_pose_ensemble,1q4g,1q4g,1q4g_pose_028,data/local_set/1q4g/poses/1q4g_pose_028.sdf,488.7762939372671,lower_better,0.8461538461538461,rcsb_local_pose_ensemble,uncalibrated,0.8461538461538461,complete,her2-pose-v1,69,,1.0,460.77059677323325,30.50608304452844,0.0317399023733503,Fail,benchmark,1.0,0.0
rcsb_local_pose_ensemble,1q4g,1q4g,1q4g_pose_029,data/local_set/1q4g/poses/1q4g_pose_029.sdf,,lower_better,,rcsb_local_pose_ensemble,uncalibrated,,failed,her2-pose-v1,73,,0.8734186260349087,,,0.0317399023733503,,benchmark,1.0,0.0
rcsb_local_pose_ensemble,1r1h,1r1h,1r1h_pose_000,data/local_set/1r1h/poses/1r1h_pose_000.sdf,107.7859777742661,lower_better,1.0,rcsb_local_pose_ensemble,uncalibrated,1.0,complete,her2-pose-v1,0,,0.9726492887936656,91.0743977304125,18.517821142234823,0.05123522716560248,Pass,benchmark,1.0,0.03333333333333333
rcsb_local_pose_ensemble,1r1h,1r1h,1r1h_pose_001,data/local_set/1r1h/poses/1r1h_pose_001.sdf,107.77844853244414,lower_better,0.8461538461538461,rcsb_local_pose_ensemble,uncalibrated,0.8461538461538461,complete,her2-pose-v1,62,,0.972661931124862,91.0743977304125,18.517821142234823,0.05123522716560248,Review,benchmark,1.0,0.03333333333333333
rcsb_local_pose_ensemble,1r1h,1r1h,1r1h_pose_002,data/local_set/1r1h/poses/1r1h_pose_002.sdf,76.1378002250765,lower_better,0.8461538461538461,rcsb_local_pose_ensemble,uncalibrated,0.8461538461538461,complete,her2-pose-v1,66,,0.9686107225850848,91.0743977304125,18.517821142234823,0.05123522716560248,Fail,benchmark,1.0,0.03333333333333333
rcsb_local_pose_ensemble,1r1h,1r1h,1r1h_pose_003,data/local_set/1r1h/poses/1r1h_pose_003.sdf,107.78720296664316,lower_better,0.8461538461538461,rcsb_local_pose_ensemble,uncalibrated,0.8461538461538461,complete,her2-pose-v1,68,,0.9726499115074732,91.0743977304125,18.517821142234823,0.05123522716560248,Review,benchmark,1.0,0.03333333333333333
rcsb_local_pose_ensemble,1r1h,1r1h,1r1h_pose_004,data/local_set/1r1h/poses/1r1h_pose_004.sdf,75.13301234627995,lower_better,0.8461538461538461,rcsb_local_pose_ensemble,uncalibrated,0.8461538461538461,complete,her2-pose-v1,47,,0.9783671785673492,91.0743977304125,18.517821142234823,0.05123522716560248,Fail,benchmark,1.0,0.03333333333333333
rcsb_local_pose_ensemble,1r1h,1r1h,1r1h_pose_005,data/local_set/1r1h/poses/1r1h_pose_005.sdf,107.09846365806172,lower_better,0.8461538461538461,rcsb_local_pose_ensemble,uncalibrated,0.8461538461538461,complete,her2-pose-v1,53,,0.972667190441746,91.0743977304125,18.517821142234823,0.05123522716560248,Fail,benchmark,1.0,0.03333333333333333
rcsb_local_pose_ensemble,1r1h,1r1h,1r1h_pose_006,data/local_set/1r1h/poses/1r1h_pose_006.sdf,71.55443162310097,lower_better,0.8461538461538461,rcsb_local_pose_ensemble,uncalibrated,0.8461538461538461,complete,her2-pose-v1,52,,0.9662808180402486,91.0743977304125,18.517821142234823,0.05123522716560248,Fail,benchmark,1.0,0.03333333333333333
rcsb_local_pose_ensemble,1r1h,1r1h,1r1h_pose_007,data/local_set/1r1h/poses/1r1h_pose_007.sdf,109.3817412066782,lower_better,0.8461538461538461,rcsb_local_pose_ensemble,uncalibrated,0.8461538461538461,complete,her2-pose-v1,43,,0.9726802421162434,91.0743977304125,18.517821142234823,0.05123522716560248,Fail,benchmark,1.0,0.03333333333333333
rcsb_local_pose_ensemble,1r1h,1r1h,1r1h_pose_008,data/local_set/1r1h/poses/1r1h_pose_008.sdf,68.19996882673317,lower_better,0.8461538461538461,rcsb_local_pose_ensemble,uncalibrated,0.8461538461538461,complete,her2-pose-v1,16,,0.9877278913462816,91.0743977304125,18.517821142234823,0.05123522716560248,Review,benchmark,1.0,0.03333333333333333
rcsb_local_pose_ensemble,1r1h,1r1h,1r1h_pose_009,data/local_set/1r1h/poses/1r1h_pose_009.sdf,107.79856093766406,lower_better,0.8461538461538461,rcsb_local_pose_ensemble,uncalibrated,0.8461538461538461,complete,her2-pose-v1,29,,0.972674494847086,91.0743977304125,18.517821142234823,0.05123522716560248,Pass,benchmark,1.0,0.03333333333333333
rcsb_local_pose_ensemble,1r1h,1r1h,1r1h_pose_010,data/local_set/1r1h/poses/1r1h_pose_010.sdf,70.90565337868539,lower_better,0.8461538461538461,rcsb_local_pose_ensemble,uncalibrated,0.8461538461538461,complete,her2-pose-v1,54,,0.9448374698001312,91.0743977304125,18.517821142234823,0.05123522716560248,Fail,benchmark,1.0,0.03333333333333333
rcsb_local_pose_ensemble,1r1h,1r1h,1r1h_pose_011,data/local_set/1r1h/poses/1r1h_pose_011.sdf,107.81350308152956,lower_better,0.8461538461538461,rcsb_local_pose_ensemble,uncalibrated,0.8461538461538461,complete,her2-pose-v1,69,,0.972646568147502,91.0743977304125,18.517821142234823,0.05123522716560248,Review,benchmark,1.0,0.03333333333333333
rcsb_local_pose_ensemble,1r1h,1r1h,1r1h_pose_012,data/local_set/1r1h/poses/1r1h_pose_012.sdf,72.9175385968449,lower_better,0.8461538461538461,rcsb_local_pose_ensemble,uncalibrated,0.8461538461538461,complete,her2-pose-v1,43,,1.0,91.0743977304125,18.517821142234823,0.05123522716560248,Fail,benchmark,1.0,0.03333333333333333
rcsb_local_pose_ensemble,1r1h,1r1h,1r1h_pose_013,data/local_set/1r1h/poses/1r1h_pose_013.sdf,107.83754698225064,lower_better,0.8461538461538461,rcsb_local_pose_ensemble,uncalibrated,0.8461538461538461,complete,her2-pose-v1,28,,0.9726780220735496,91.0743977304125,18.517821142234823,0.05123522716560248,Review,benchmark,1.0,0.03333333333333333
rcsb_local_pose_ensemble,1r1h,1r1h,1r1h_pose_014,data/local_set/1r1h/poses/1r1h_pose_014.sdf,65.36932413655565,lower_better,0.8461538461538461,rcsb_local_pose_ensemble,uncalibrated,0.8461538461538461,complete,her2-pose-v1,45,,0.9583142308474228,91.0743977304125,18.517821142234823,0.05123522716560248,Fail,benchmark,1.0,0.03333333333333333
rcsb_local_pose_ensemble,1r1h,1r1h,1r1h_pose_015,data/local_set/1r1h/poses/1r1h_pose_015.sdf,107.373645492145,lower_better,0.8461538461538461,rcsb_local_pose_ensemble,uncalibrated,0.8461538461538461,complete,her2-pose-v1,66,,0.9726484515657748,91.0743977304125,18.517821142234823,0.05123522716560248,Fail,benchmark,1.0,0.03333333333333333
rcsb_local_pose_ensemble,1r1h,1r1h,1r1h_pose_016,data/local_set/1r1h/poses/1r1h_pose_016.sdf,69.09250234291056,lower_better,0.8461538461538461,rcsb_local_pose_ensemble,uncalibrated,0.8461538461538461,complete,her2-pose-v1,60,,0.982330669907692,91.0743977304125,18.517821142234823,0.05123522716560248,Fail,benchmark,1.0,0.03333333333333333
rcsb_local_pose_ensemble,1r1h,1r1h,1r1h_pose_017,data/local_set/1r1h/poses/1r1h_pose_017.sdf,108.25423912073524,lower_better,0.8461538461538461,rcsb_local_pose_ensemble,uncalibrated,0.8461538461538461,complete,her2-pose-v1,65,,0.9726388442200424,91.0743977304125,18.517821142234823,0.05123522716560248,Fail,benchmark,1.0,0.03333333333333333
rcsb_local_pose_ensemble,1r1h,1r1h,1r1h_pose_018,data/local_set/1r1h/poses/1r1h_pose_018.sdf,73.4005340750347,lower_better,0.8461538461538461,rcsb_local_pose_ensemble,uncalibrated,0.8461538461538461,complete,her2-pose-v1,8,,0.9664761913811142,91.0743977304125,18.517821142234823,0.05123522716560248,Pass,benchmark,1.0,0.03333333333333333
rcsb_local_pose_ensemble,1r1h,1r1h,1r1h_pose_019,data/local_set/1r1h/poses/1r1h_pose_019.sdf,107.8610407033971,lower_better,0.8461538461538461,rcsb_local_pose_ensemble,uncalibrated,0.8461538461538461,complete,her2-pose-v1,56,,0.9726365664619704,91.0743977304125,18.517821142234823,0.05123522716560248,Fail,benchmark,1.0,0.03333333333333333
rcsb_local_pose_ensemble,1r1h,1r1h,1r1h_pose_020,data/local_set/1r1h/poses/1r1h_pose_020.sdf,73.0947376934022,lower_better,0.8461538461538461,rcsb_local_pose_ensemble,uncalibrated,0.8461538461538461,complete,her2-pose-v1,32,,0.80786678799069,91.0743977304125,18.517821142234823,0.05123522716560248,Fail,benchmark,1.0,0.03333333333333333
rcsb_local_pose_ensemble,1r1h,1r1h,1r1h_pose_021,data/local_set/1r1h/poses/1r1h_pose_021.sdf,107.77840990939096,lower_better,0.8461538461538461,rcsb_local_pose_ensemble,uncalibrated,0.8461538461538461,complete,her2-pose-v1,84,,0.9726418779827928,91.0743977304125,18.517821142234823,0.05123522716560248,Fail,benchmark,1.0,0.03333333333333333
rcsb_local_pose_ensemble,1r1h,1r1h,1r1h_pose_022,data/local_set/1r1h/poses/1r1h_pose_022.sdf,68.72570827864327,lower_better,0.8461538461538461,rcsb_local_pose_ensemble,uncalibrated,0.8461538461538461,complete,her2-pose-v1,67,,0.967575682558437,91.0743977304125,18.517821142234823,0.05123522716560248,Fail,benchmark,1.0,0.03333333333333333
rcsb_local_pose_ensemble,1r1h,1r1h,1r1h_pose_023,data/local_set/1r1h/poses/1r1h_pose_023.sdf,109.4030613451653,lower_better,0.8461538461538461,rcsb_local_pose_ensemble,uncalibrated,0.8461538461538461,complete,her2-pose-v1,84,,0.9726316145239324,91.0743977304125,18.517821142234823,0.05123522716560248,Fail,benchmark,1.0,0.03333333333333333
rcsb_local_pose_ensemble,1r1h,1r1h,1r1h_pose_024,data/local_set/1r1h/poses/1r1h_pose_024.sdf,68.18004298624463,lower_better,0.8461538461538461,rcsb_local_pose_ensemble,uncalibrated,0.8461538461538461,complete,her2-pose-v1,48,,0.9648832767498244,91.0743977304125,18.517821142234823,0.05123522716560248,Review,benchmark,1.0,0.03333333333333333
rcsb_local_pose_ensemble,1r1h,1r1h,1r1h_pose_025,data/local_set/1r1h/poses/1r1h_pose_025.sdf,107.84760638537097,lower_better,0.8461538461538461,rcsb_local_pose_ensemble,uncalibrated,0.8461538461538461,complete,her2-pose-v1,45,,0.9726460141594214,91.0743977304125,18.517821142234823,0.05123522716560248,Fail,benchmark,1.0,0.03333333333333333
rcsb_local_pose_ensemble,1r1h,1r1h,1r1h_pose_026,data/local_set/1r1h/poses/1r1h_pose_026.sdf,75.57798656094408,lower_better,0.8461538461538461,rcsb_local_pose_ensemble,uncalibrated,0.8461538461538461,complete,her2-pose-v1,46,,0.9379329516120728,91.0743977304125,18.517821142234823,0.05123522716560248,Fail,benchmark,1.0,0.03333333333333333
rcsb_local_pose_ensemble,1r1h,1r1h,1r1h_pose_027,data/local_set/1r1h/poses/1r1h_pose_027.sdf,107.8063800169301,lower_better,0.8461538461538461,rcsb_local_pose_ensemble,uncalibrated,0.8461538461538461,complete,her2-pose-v1,55,,0.9726484758634452,91.0743977304125,18.517821142234823,0.05123522716560248,Fail,benchmark,1.0,0.03333333333333333
rcsb_local_pose_ensemble,1r1h,1r1h,1r1h_pose_028,data/local_set/1r1h/poses/1r1h_pose_028.sdf,76.49392248358761,lower_better,0.8461538461538461,rcsb_local_pose_ensemble,uncalibrated,0.8461538461538461,complete,her2-pose-v1,77,,1.0,91.0743977304125,18.517821142234823,0.05123522716560248,Fail,benchmark,1.0,0.03333333333333333
rcsb_local_pose_ensemble,1r1h,1r1h,1r1h_pose_029,data/local_set/1r1h/poses/1r1h_pose_029.sdf,107.84294024565904,lower_better,0.8461538461538461,rcsb_local_pose_ensemble,uncalibrated,0.8461538461538461,complete,her2-pose-v1,42,,0.9726501642028166,91.0743977304125,18.517821142234823,0.05123522716560248,Fail,benchmark,1.0,0.03333333333333333
rcsb_local_pose_ensemble,1r55,1r55,1r55_pose_000,data/local_set/1r55/poses/1r55_pose_000.sdf,72.68531378081526,lower_better,1.0,rcsb_local_pose_ensemble,uncalibrated,1.0,complete,her2-pose-v1,0,,0.9353260861104392,68.67670888706883,5.804141145571889,0.1469693203896566,Pass,benchmark,1.0,0.03333333333333333
rcsb_local_pose_ensemble,1r55,1r55,1r55_pose_001,data/local_set/1r55/poses/1r55_pose_001.sdf,72.67202796340125,lower_better,0.8461538461538461,rcsb_local_pose_ensemble,uncalibrated,0.8461538461538461,complete,her2-pose-v1,10,,0.9353117934999668,68.67670888706883,5.804141145571889,0.1469693203896566,Fail,benchmark,1.0,0.03333333333333333
rcsb_local_pose_ensemble,1r55,1r55,1r55_pose_002,data/local_set/1r55/poses/1r55_pose_002.sdf,65.28023700317357,lower_better,0.8461538461538461,rcsb_local_pose_ensemble,uncalibrated,0.8461538461538461,complete,her2-pose-v1,39,,0.9953663257678502,68.67670888706883,5.804141145571889,0.1469693203896566,Fail,benchmark,1.0,0.03333333333333333
rcsb_local_pose_ensemble,1r55,1r55,1r55_pose_003,data/local_set/1r55/poses/1r55_pose_003.sdf,72.6941156208277,lower_better,0.8461538461538461,rcsb_local_pose_ensemble,uncalibrated,0.8461538461538461,complete,her2-pose-v1,8,,0.9353059980202796,68.67670888706883,5.804141145571889,0.1469693203896566,Pass,benchmark,1.0,0.03333333333333333
rcsb_local_pose_ensemble,1r55,1r55,1r55_pose_004,data/local_set/1r55/poses/1r55_pose_004.sdf,61.39688780490375,lower_better,0.8461538461538461,rcsb_local_pose_ensemble,uncalibrated,0.8461538461538461,complete,her2-pose-v1,29,,0.9764806835893864,68.67670888706883,5.804141145571889,0.1469693203896566,Fail,benchmark,1.0,0.03333333333333333
rcsb_local_pose_ensemble,1r55,1r55,1r55_pose_005,data/local_set/1r55/poses/1r55_pose_005.sdf,72.68679729093014,lower_better,0.8461538461538461,rcsb_local_pose_ensemble,uncalibrated,0.8461538461538461,complete,her2-pose-v1,37,,0.9353018788537546,68.67670888706883,5.804141145571889,0.1469693203896566,Review,benchmark,1.0,0.03333333333333333
rcsb_local_pose_ensemble,1r55,1r55,1r55_pose_006,data/local_set/1r55/poses/1r55_pose_006.sdf,54.118420507070546,lower_better,0.8461538461538461,rcsb_local_pose_ensemble,uncalibrated,0.8461538461538461,complete,her2-pose-v1,23,,0.9539808990037812,68.67670888706883,5.804141145571889,0.1469693203896566,Fail,benchmark,1.0,0.03333333333333333
rcsb_local_pose_ensemble,1r55,1r55,1r55_pose_007,data/local_set/1r55/poses/1r55_pose_007.sdf,73.1126959723925,lower_better,0.8461538461538461,rcsb_local_pose_ensemble,uncalibrated,0.8461538461538461,complete,her2-pose-v1,14,,0.935312275454043,68.67670888706883,5.804141145571889,0.1469693203896566,Fail,benchmark,1.0,0.03333333333333333
rcsb_local_pose_ensemble,1r55,1r55,1r55_pose_008,data/local_set/1r55/poses/1r55_pose_008.sdf,65.34440099418501,lower_better,0.9230769230769231,rcsb_local_pose_ensemble,uncalibrated,0.9230769230769231,complete,her2-pose-v1,7,,0.9815012377921994,68.67670888706883,5.804141145571889,0.1469693203896566,Review,benchmark,1.0,0.03333333333333333
rcsb_local_pose_ensemble,1r55,1r55,1r55_pose_009,data/local_set/1r55/poses/1r55_pose_009.sdf,73.22109776849149,lower_better,0.8461538461538461,rcsb_local_pose_ensemble,uncalibrated,0.8461538461538461,complete,her2-pose-v1,41,,0.9353093221676836,68.67670888706883,5.804141145571889,0.1469693203896566,Fail,benchmark,1.0,0.03333333333333333
rcsb_local_pose_ensemble,1r55,1r55,1r55_pose_010,data/local_set/1r55/poses/1r55_pose_010.sdf,70.43591359885882,lower_better,0.8461538461538461,rcsb_local_pose_ensemble,uncalibrated,0.8461538461538461,complete,her2-pose-v1,8,,0.9904913205468946,68.67670888706883,5.804141145571889,0.1469693203896566,Review,benchmark,1.0,0.03333333333333333
rcsb_local_pose_ensemble,1r55,1r55,1r55_pose_011,data/local_set/1r55/poses/1r55_pose_011.sdf,73.11874806882237,lower_better,0.8461538461538461,rcsb_local_pose_ensemble,uncalibrated,0.8461538461538461,complete,her2-pose-v1,15,,0.9353358218362782,68.67670888706883,5.804141145571889,0.1469693203896566,Fail,benchmark,1.0,0.03333333333333333
rcsb_local_pose_ensemble,1r55,1r55,1r55_pose_012,data/local_set/1r55/poses/1r55_pose_012.sdf,64.4002163554021,lower_better,0.9230769230769231,rcsb_local_pose_ensemble,uncalibrated,0.9230769230769231,complete,her2-pose-v1,1,,0.9985031413812612,68.67670888706883,5.804141145571889,0.1469693203896566,Pass,benchmark,1.0,0.03333333333333333
rcsb_local_pose_ensemble,1r55,1r55,1r55_pose_013,data/local_set/1r55/poses/1r55_pose_013.sdf,72.70508872753533,lower_better,0.9230769230769231,rcsb_local_pose_ensemble,uncalibrated,0.9230769230769231,complete,her2-pose-v1,4,,0.9353290205765258,68.67670888706883,5.804141145571889,0.1469693203896566,Pass,benchmark,1.0,0.03333333333333333
rcsb_local_pose_ensemble,1r55,1r55,1r55_pose_014,data/local_set/1r55/poses/1r55_pose_014.sdf,56.05236175942971,lower_better,0.8461538461538461,rcsb_local_pose_ensemble,uncalibrated,0.8461538461538461,complete,her2-pose-v1,9,,0.9968548190775488,68.67670888706883,5.804141145571889,0.1469693203896566,Review,benchmark,1.0,0.03333333333333333
rcsb_local_pose_ensemble,1r55,1r55,1r55_pose_015,data/local_set/1r55/poses/1r55_pose_015.sdf,72.67604534268081,lower_better,0.8461538461538461,rcsb_local_pose_ensemble,uncalibrated,0.8461538461538461,complete,her2-pose-v1,43,,0.9353328108210928,68.67670888706883,5.804141145571889,0.1469693203896566,Fail,benchmark,1.0,0.03333333333333333
rcsb_local_pose_ensemble,1r55,1r55,1r55_pose_016,data/local_set/1r55/poses/1r55_pose_016.sdf,62.808981508885104,lower_better,0.8461538461538461,rcsb_local_pose_ensemble,uncalibrated,0.8461538461538461,complete,her2-pose-v1,37,,1.0,68.67670888706883,5.804141145571889,0.1469693203896566,Fail,benchmark,1.0,0.03333333333333333
rcsb_local_pose_ensemble,1r55,1r55,1r55_pose_017,data/local_set/1r55/poses/1r55_pose_017.sdf,72.69775251270562,lower_better,0.8461538461538461,rcsb_local_pose_ensemble,uncalibrated,0.8461538461538461,complete,her2-pose-v1,12,,0.9353203214980392,68.67670888706883,5.804141145571889,0.1469693203896566,Review,benchmark,1.0,0.03333333333333333
rcsb_local_pose_ensemble,1r55,1r55,1r55_pose_018,data/local_set/1r55/poses/1r55_pose_018.sdf,70.47006368642762,lower_better,0.8461538461538461,rcsb_local_pose_ensemble,uncalibrated,0.8461538461538461,complete,her2-pose-v1,44,,0.9936697010102942,68.67670888706883,5.804141145571889,0.1469693203896566,Fail,benchmark,1.0,0.03333333333333333
rcsb_local_pose_ensemble,1r55,1r55,1r55_pose_019,data/local_set/1r55/poses/1r55_pose_019.sdf,72.68844278839804,lower_better,0.8461538461538461,rcsb_local_pose_ensemble,uncalibrated,0.8461538461538461,complete,her2-pose-v1,11,,0.9353330292720332,68.67670888706883,5.804141145571889,0.1469693203896566,Review,benchmark,1.0,0.03333333333333333
rcsb_local_pose_ensemble,1r55,1r55,1r55_pose_020,data/local_set/1r55/poses/1r55_pose_020.sdf,70.01998215034165,lower_better,0.8461538461538461,rcsb_local_pose_ensemble,uncalibrated,0.8461538461538461,complete,her2-pose-v1,19,,0.9896270551501312,68.67670888706883,5.804141145571889,0.1469693203896566,Review,benchmark,1.0,0.03333333333333333
rcsb_local_pose_ensemble,1r55,1r55,1r55_pose_021,data/local_set/1r55/poses/1r55_pose_021.sdf,73.22560110247885,lower_better,0.8461538461538461,rcsb_local_pose_ensemble,uncalibrated,0.8461538461538461,complete,her2-pose-v1,26,,0.9353359434477594,68.67670888706883,5.804141145571889,0.1469693203896566,Review,benchmark,1.0,0.03333333333333333
rcsb_local_pose_ensemble,1r55,1r55,1r55_pose_022,data/local_set/1r55/poses/1r55_pose_022.sdf,57.681118685629805,lower_better,0.8461538461538461,rcsb_local_pose_ensemble,uncalibrated,0.8461538461538461,complete,her2-pose-v1,34,,0.9903899566949212,68.67670888706883,5.804141145571889,0.1469693203896566,Review,benchmark,1.0,0.03333333333333333
rcsb_local_pose_ensemble,1r55,1r55,1r55_pose_023,data/local_set/1r55/poses/1r55_pose_023.sdf,73.05533754370046,lower_better,0.8461538461538461,rcsb_local_pose_ensemble,uncalibrated,0.8461538461538461,complete,her2-pose-v1,31,,0.9353280581867688,68.67670888706883,5.804141145571889,0.1469693203896566,Fail,benchmark,1.0,0.03333333333333333
rcsb_local_pose_ensemble,1r55,1r55,1r55_pose_024,data/local_set/1r55/poses/1r55_pose_024.sdf,62.776582640920154,lower_better,0.9230769230769231,rcsb_local_pose_ensemble,uncalibrated,0.9230769230769231,complete,her2-pose-v1,2,,0.9983978642560776,68.67670888706883,5.804141145571889,0.1469693203896566,Fail,benchmark,1.0,0.03333333333333333
rcsb_local_pose_ensemble,1r55,1r55,1r55_pose_025,data/local_set/1r55/poses/1r55_pose_025.sdf,72.69390864748297,lower_better,0.8461538461538461,rcsb_local_pose_ensemble,uncalibrated,0.8461538461538461,complete,her2-pose-v1,12,,0.9353051121795474,68.67670888706883,5.804141145571889,0.1469693203896566,Pass,benchmark,1.0,0.03333333333333333
rcsb_local_pose_ensemble,1r55,1r55,1r55_pose_026,data/local_set/1r55/poses/1r55_pose_026.sdf,63.286623141954685,lower_better,0.8461538461538461,rcsb_local_pose_ensemble,uncalibrated,0.8461538461538461,complete,her2-pose-v1,11,,0.9954066887509926,68.67670888706883,5.804141145571889,0.1469693203896566,Review,benchmark,1.0,0.03333333333333333
rcsb_local_pose_ensemble,1r55,1r55,1r55_pose_027,data/local_set/1r55/poses/1r55_pose_027.sdf,73.20504687075743,lower_better,0.8461538461538461,rcsb_local_pose_ensemble,uncalibrated,0.8461538461538461,complete,her2-pose-v1,49,,0.9353200542485756,68.67670888706883,5.804141145571889,0.1469693203896566,Fail,benchmark,1.0,0.03333333333333333
rcsb_local_pose_ensemble,1r55,1r55,1r55_pose_028,data/local_set/1r55/poses/1r55_pose_028.sdf,70.39935059204461,lower_better,0.8461538461538461,rcsb_local_pose_ensemble,uncalibrated,0.8461538461538461,complete,her2-pose-v1,11,,0.9797755517303706,68.67670888706883,5.804141145571889,0.1469693203896566,Review,benchmark,1.0,0.03333333333333333
rcsb_local_pose_ensemble,1r55,1r55,1r55_pose_029,data/local_set/1r55/poses/1r55_pose_029.sdf,72.69210618141761,lower_better,0.9230769230769231,rcsb_local_pose_ensemble,uncalibrated,0.9230769230769231,complete,her2-pose-v1,4,,0.9352985456712796,68.67670888706883,5.804141145571889,0.1469693203896566,Pass,benchmark,1.0,0.03333333333333333
rcsb_local_pose_ensemble,1r58,1r58,1r58_pose_000,data/local_set/1r58/poses/1r58_pose_000.sdf,95.4980684007602,lower_better,1.0,rcsb_local_pose_ensemble,uncalibrated,1.0,complete,her2-pose-v1,0,,0.983194455475674,77.27257350124042,20.284492173433893,0.046982563260219275,Pass,benchmark,1.0,0.06666666666666667
rcsb_local_pose_ensemble,1r58,1r58,1r58_pose_001,data/local_set/1r58/poses/1r58_pose_001.sdf,95.50307180882386,lower_better,0.8461538461538461,rcsb_local_pose_ensemble,uncalibrated,0.8461538461538461,complete,her2-pose-v1,17,,0.9831920731886864,77.27257350124042,20.284492173433893,0.046982563260219275,Review,benchmark,1.0,0.06666666666666667
rcsb_local_pose_ensemble,1r58,1r58,1r58_pose_002,data/local_set/1r58/poses/1r58_pose_002.sdf,55.89775395755028,lower_better,0.8461538461538461,rcsb_local_pose_ensemble,uncalibrated,0.8461538461538461,complete,her2-pose-v1,34,,0.9951487885787518,77.27257350124042,20.284492173433893,0.046982563260219275,Fail,benchmark,1.0,0.06666666666666667
rcsb_local_pose_ensemble,1r58,1r58,1r58_pose_003,data/local_set/1r58/poses/1r58_pose_003.sdf,95.6760293699226,lower_better,0.8461538461538461,rcsb_local_pose_ensemble,uncalibrated,0.8461538461538461,complete,her2-pose-v1,53,,0.983189069804098,77.27257350124042,20.284492173433893,0.046982563260219275,Fail,benchmark,1.0,0.06666666666666667
rcsb_local_pose_ensemble,1r58,1r58,1r58_pose_004,data/local_set/1r58/poses/1r58_pose_004.sdf,55.75959729855724,lower_better,0.8461538461538461,rcsb_local_pose_ensemble,uncalibrated,0.8461538461538461,complete,her2-pose-v1,13,,0.9941279242840332,77.27257350124042,20.284492173433893,0.046982563260219275,Review,benchmark,1.0,0.06666666666666667
rcsb_local_pose_ensemble,1r58,1r58,1r58_pose_005,data/local_set/1r58/poses/1r58_pose_005.sdf,95.73436754033612,lower_better,0.8461538461538461,rcsb_local_pose_ensemble,uncalibrated,0.8461538461538461,complete,her2-pose-v1,24,,0.983180104372102,77.27257350124042,20.284492173433893,0.046982563260219275,Fail,benchmark,1.0,0.06666666666666667
rcsb_local_pose_ensemble,1r58,1r58,1r58_pose_006,data/local_set/1r58/poses/1r58_pose_006.sdf,52.3043507171629,lower_better,0.8461538461538461,rcsb_local_pose_ensemble,uncalibrated,0.8461538461538461,complete,her2-pose-v1,13,,0.9936570502605524,77.27257350124042,20.284492173433893,0.046982563260219275,Review,benchmark,1.0,0.06666666666666667
rcsb_local_pose_ensemble,1r58,1r58,1r58_pose_007,data/local_set/1r58/poses/1r58_pose_007.sdf,99.09294507124608,lower_better,0.8461538461538461,rcsb_local_pose_ensemble,uncalibrated,0.8461538461538461,complete,her2-pose-v1,32,,0.9831779921562293,77.27257350124042,20.284492173433893,0.046982563260219275,Fail,benchmark,1.0,0.06666666666666667
rcsb_local_pose_ensemble,1r58,1r58,1r58_pose_008,data/local_set/1r58/poses/1r58_pose_008.sdf,53.48838907068903,lower_better,0.8461538461538461,rcsb_local_pose_ensemble,uncalibrated,0.8461538461538461,complete,her2-pose-v1,51,,0.9959995231326292,77.27257350124042,20.284492173433893,0.046982563260219275,Fail,benchmark,1.0,0.06666666666666667
rcsb_local_pose_ensemble,1r58,1r58,1r58_pose_009,data/local_set/1r58/poses/1r58_pose_009.sdf,95.47872896067418,lower_better,0.8461538461538461,rcsb_local_pose_ensemble,uncalibrated,0.8461538461538461,complete,her2-pose-v1,26,,0.9831812146437708,77.27257350124042,20.284492173433893,0.046982563260219275,Fail,benchmark,1.0,0.06666666666666667
rcsb_local_pose_ensemble,1r58,1r58,1r58_pose_010,data/local_set/1r58/poses/1r58_pose_010.sdf,51.49793152236891,lower_better,0.8461538461538461,rcsb_local_pose_ensemble,uncalibrated,0.8461538461538461,complete,her2-pose-v1,57,,0.995639023354183,77.27257350124042,20.284492173433893,0.046982563260219275,Fail,benchmark,1.0,0.06666666666666667
rcsb_local_pose_ensemble,1r58,1r58,1r58_pose_011,data/local_set/1r58/poses/1r58_pose_011.sdf,95.50383658971904,lower_better,0.8461538461538461,rcsb_local_pose_ensemble,uncalibrated,0.8461538461538461,complete,her2-pose-v1,29,,0.9831955869155314,77.27257350124042,20.284492173433893,0.046982563260219275,Review,benchmark,1.0,0.06666666666666667
rcsb_local_pose_ensemble,1r58,1r58,1r58_pose_012,data/local_set/1r58/poses/1r58_pose_012.sdf,63.912627444758485,lower_better,0.8461538461538461,rcsb_local_pose_ensemble,uncalibrated,0.8461538461538461,complete,her2-pose-v1,16,,0.9634612617635492,77.27257350124042,20.284492173433893,0.046982563260219275,Review,benchmark,1.0,0.06666666666666667
rcsb_local_pose_ensemble,1r58,1r58,1r58_pose_013,data/local_set/1r58/poses/1r58_pose_013.sdf,95.66829738327434,lower_better,0.8461538461538461,rcsb_local_pose_ensemble,uncalibrated,0.8461538461538461,complete,her2-pose-v1,13,,0.9831819585154608,77.27257350124042,20.284492173433893,0.046982563260219275,Review,benchmark,1.0,0.06666666666666667
rcsb_local_pose_ensemble,1r58,1r58,1r58_pose_014,data/local_set/1r58/poses/1r58_pose_014.sdf,59.9748119349232,lower_better,0.8461538461538461,rcsb_local_pose_ensemble,uncalibrated,0.8461538461538461,complete,her2-pose-v1,18,,0.9970994961038792,77.27257350124042,20.284492173433893,0.046982563260219275,Review,benchmark,1.0,0.06666666666666667
rcsb_local_pose_ensemble,1r58,1r58,1r58_pose_015,data/local_set/1r58/poses/1r58_pose_015.sdf,95.51647340042628,lower_better,0.9230769230769231,rcsb_local_pose_ensemble,uncalibrated,0.9230769230769231,complete,her2-pose-v1,1,,0.9832059614361334,77.27257350124042,20.284492173433893,0.046982563260219275,Pass,benchmark,1.0,0.06666666666666667
rcsb_local_pose_ensemble,1r58,1r58,1r58_pose_016,data/local_set/1r58/poses/1r58_pose_016.sdf,55.657106006232425,lower_better,0.8461538461538461,rcsb_local_pose_ensemble,uncalibrated,0.8461538461538461,complete,her2-pose-v1,57,,0.9999326127473036,77.27257350124042,20.284492173433893,0.046982563260219275,Fail,benchmark,1.0,0.06666666666666667
rcsb_local_pose_ensemble,1r58,1r58,1r58_pose_017,data/local_set/1r58/poses/1r58_pose_017.sdf,95.67625634564064,lower_better,0.8461538461538461,rcsb_local_pose_ensemble,uncalibrated,0.8461538461538461,complete,her2-pose-v1,48,,0.9831898911859176,77.27257350124042,20.284492173433893,0.046982563260219275,Fail,benchmark,1.0,0.06666666666666667
rcsb_local_pose_ensemble,1r58,1r58,1r58_pose_018,data/local_set/1r58/poses/1r58_pose_018.sdf,56.656136756125754,lower_better,0.8461538461538461,rcsb_local_pose_ensemble,uncalibrated,0.8461538461538461,complete,her2-pose-v1,16,,0.9927691088809828,77.27257350124042,20.284492173433893,0.046982563260219275,Fail,benchmark,1.0,0.06666666666666667
rcsb_local_pose_ensemble,1r58,1r58,1r58_pose_019,data/local_set/1r58/poses/1r58_pose_019.sdf,95.49389090232056,lower_better,1.0,rcsb_local_pose_ensemble,uncalibrated,1.0,complete,her2-pose-v1,0,,0.9832017765907076,77.27257350124042,20.284492173433893,0.046982563260219275,Pass,benchmark,1.0,0.06666666666666667
rcsb_local_pose_ensemble,1r58,1r58,1r58_pose_020,data/local_set/1r58/poses/1r58_pose_020.sdf,59.78996268989023,lower_better,0.8461538461538461,rcsb_local_pose_ensemble,uncalibrated,0.8461538461538461,complete,her2-pose-v1,26,,1.0,77.27257350124042,20.284492173433893,0.046982563260219275,Fail,benchmark,1.0,0.06666666666666667
rcsb_local_pose_ensemble,1r58,1r58,1r58_pose_021,data/local_set/1r58/poses/1r58_pose_021.sdf,95.501182192167,lower_better,0.9230769230769231,rcsb_local_pose_ensemble,uncalibrated,0.9230769230769231,complete,her2-pose-v1,8,,0.983183314815983,77.27257350124042,20.284492173433893,0.046982563260219275,Pass,benchmark,1.0,0.06666666666666667
rcsb_local_pose_ensemble,1r58,1r58,1r58_pose_022,data/local_set/1r58/poses/1r58_pose_022.sdf,51.30411752363761,lower_better,0.8461538461538461,rcsb_local_pose_ensemble,uncalibrated,0.8461538461538461,complete,her2-pose-v1,42,,0.9939581970013592,77.27257350124042,20.284492173433893,0.046982563260219275,Fail,benchmark,1.0,0.06666666666666667
rcsb_local_pose_ensemble,1r58,1r58,1r58_pose_023,data/local_set/1r58/poses/1r58_pose_023.sdf,95.65934071447528,lower_better,0.8461538461538461,rcsb_local_pose_ensemble,uncalibrated,0.8461538461538461,complete,her2-pose-v1,28,,0.9832008151136956,77.27257350124042,20.284492173433893,0.046982563260219275,Review,benchmark,1.0,0.06666666666666667
rcsb_local_pose_ensemble,1r58,1r58,1r58_pose_024,data/local_set/1r58/poses/1r58_pose_024.sdf,57.982126053516424,lower_better,0.8461538461538461,rcsb_local_pose_ensemble,uncalibrated,0.8461538461538461,complete,her2-pose-v1,86,,0.9981437987048204,77.27257350124042,20.284492173433893,0.046982563260219275,Fail,benchmark,1.0,0.06666666666666667
rcsb_local_pose_ensemble,1r58,1r58,1r58_pose_025,data/local_set/1r58/poses/1r58_pose_025.sdf,95.49541704175176,lower_better,0.8461538461538461,rcsb_local_pose_ensemble,uncalibrated,0.8461538461538461,complete,her2-pose-v1,10,,0.9831999325954104,77.27257350124042,20.284492173433893,0.046982563260219275,Pass,benchmark,1.0,0.06666666666666667
rcsb_local_pose_ensemble,1r58,1r58,1r58_pose_026,data/local_set/1r58/poses/1r58_pose_026.sdf,54.68977687631264,lower_better,0.8461538461538461,rcsb_local_pose_ensemble,uncalibrated,0.8461538461538461,complete,her2-pose-v1,12,,1.0,77.27257350124042,20.284492173433893,0.046982563260219275,Review,benchmark,1.0,0.06666666666666667
rcsb_local_pose_ensemble,1r58,1r58,1r58_pose_027,data/local_set/1r58/poses/1r58_pose_027.sdf,95.66353162018471,lower_better,0.8461538461538461,rcsb_local_pose_ensemble,uncalibrated,0.8461538461538461,complete,her2-pose-v1,26,,0.9832105506870074,77.27257350124042,20.284492173433893,0.046982563260219275,Fail,benchmark,1.0,0.06666666666666667
rcsb_local_pose_ensemble,1r58,1r58,1r58_pose_028,data/local_set/1r58/poses/1r58_pose_028.sdf,56.58841497335491,lower_better,0.8461538461538461,rcsb_local_pose_ensemble,uncalibrated,0.8461538461538461,complete,her2-pose-v1,10,,0.992222444193904,77.27257350124042,20.284492173433893,0.046982563260219275,Review,benchmark,1.0,0.06666666666666667
rcsb_local_pose_ensemble,1r58,1r58,1r58_pose_029,data/local_set/1r58/poses/1r58_pose_029.sdf,95.51266487040972,lower_better,0.8461538461538461,rcsb_local_pose_ensemble,uncalibrated,0.8461538461538461,complete,her2-pose-v1,23,,0.9831883124567132,77.27257350124042,20.284492173433893,0.046982563260219275,Pass,benchmark,1.0,0.06666666666666667
rcsb_local_pose_ensemble,1r9o,1r9o,1r9o_pose_000,data/local_set/1r9o/poses/1r9o_pose_000.sdf,,lower_better,,rcsb_local_pose_ensemble,uncalibrated,,failed,her2-pose-v1,1,,0.8354526486776102,,,0.03983724454968019,,benchmark,1.0,0.0
rcsb_local_pose_ensemble,1r9o,1r9o,1r9o_pose_001,data/local_set/1r9o/poses/1r9o_pose_001.sdf,,lower_better,,rcsb_local_pose_ensemble,uncalibrated,,failed,her2-pose-v1,49,,0.8354569570891022,,,0.03983724454968019,,benchmark,1.0,0.0
rcsb_local_pose_ensemble,1r9o,1r9o,1r9o_pose_002,data/local_set/1r9o/poses/1r9o_pose_002.sdf,476.06873855007206,lower_better,0.8461538461538461,rcsb_local_pose_ensemble,uncalibrated,0.8461538461538461,complete,her2-pose-v1,62,,1.0,455.55635186100363,24.102137743310056,0.03983724454968019,Fail,benchmark,1.0,0.0
rcsb_local_pose_ensemble,1r9o,1r9o,1r9o_pose_003,data/local_set/1r9o/poses/1r9o_pose_003.sdf,,lower_better,,rcsb_local_pose_ensemble,uncalibrated,,failed,her2-pose-v1,83,,0.8354645168095431,,,0.03983724454968019,,benchmark,1.0,0.0
rcsb_local_pose_ensemble,1r9o,1r9o,1r9o_pose_004,data/local_set/1r9o/poses/1r9o_pose_004.sdf,450.0452002098799,lower_better,0.8461538461538461,rcsb_local_pose_ensemble,uncalibrated,0.8461538461538461,complete,her2-pose-v1,109,,1.0,455.55635186100363,24.102137743310056,0.03983724454968019,Fail,benchmark,1.0,0.0
rcsb_local_pose_ensemble,1r9o,1r9o,1r9o_pose_005,data/local_set/1r9o/poses/1r9o_pose_005.sdf,,lower_better,,rcsb_local_pose_ensemble,uncalibrated,,failed,her2-pose-v1,86,,0.8354423533970089,,,0.03983724454968019,,benchmark,1.0,0.0
rcsb_local_pose_ensemble,1r9o,1r9o,1r9o_pose_006,data/local_set/1r9o/poses/1r9o_pose_006.sdf,423.69803068487334,lower_better,0.8461538461538461,rcsb_local_pose_ensemble,uncalibrated,0.8461538461538461,complete,her2-pose-v1,39,,1.0,455.55635186100363,24.102137743310056,0.03983724454968019,Fail,benchmark,1.0,0.0
rcsb_local_pose_ensemble,1r9o,1r9o,1r9o_pose_007,data/local_set/1r9o/poses/1r9o_pose_007.sdf,,lower_better,,rcsb_local_pose_ensemble,uncalibrated,,failed,her2-pose-v1,88,,0.8354679432717173,,,0.03983724454968019,,benchmark,1.0,0.0
rcsb_local_pose_ensemble,1r9o,1r9o,1r9o_pose_008,data/local_set/1r9o/poses/1r9o_pose_008.sdf,474.4615757261863,lower_better,0.8461538461538461,rcsb_local_pose_ensemble,uncalibrated,0.8461538461538461,complete,her2-pose-v1,40,,1.0,455.55635186100363,24.102137743310056,0.03983724454968019,Fail,benchmark,1.0,0.0
rcsb_local_pose_ensemble,1r9o,1r9o,1r9o_pose_009,data/local_set/1r9o/poses/1r9o_pose_009.sdf,,lower_better,,rcsb_local_pose_ensemble,uncalibrated,,failed,her2-pose-v1,46,,0.8354535244113914,,,0.03983724454968019,,benchmark,1.0,0.0
rcsb_local_pose_ensemble,1r9o,1r9o,1r9o_pose_010,data/local_set/1r9o/poses/1r9o_pose_010.sdf,452.91041704639616,lower_better,0.8461538461538461,rcsb_local_pose_ensemble,uncalibrated,0.8461538461538461,complete,her2-pose-v1,44,,0.9571263776126394,455.55635186100363,24.102137743310056,0.03983724454968019,Review,benchmark,1.0,0.0
rcsb_local_pose_ensemble,1r9o,1r9o,1r9o_pose_011,data/local_set/1r9o/poses/1r9o_pose_011.sdf,,lower_better,,rcsb_local_pose_ensemble,uncalibrated,,failed,her2-pose-v1,10,,0.8354613604079327,,,0.03983724454968019,,benchmark,1.0,0.0
rcsb_local_pose_ensemble,1r9o,1r9o,1r9o_pose_012,data/local_set/1r9o/poses/1r9o_pose_012.sdf,451.4954159677967,lower_better,0.8461538461538461,rcsb_local_pose_ensemble,uncalibrated,0.8461538461538461,complete,her2-pose-v1,43,,1.0,455.55635186100363,24.102137743310056,0.03983724454968019,Review,benchmark,1.0,0.0
rcsb_local_pose_ensemble,1r9o,1r9o,1r9o_pose_013,data/local_set/1r9o/poses/1r9o_pose_013.sdf,,lower_better,,rcsb_local_pose_ensemble,uncalibrated,,failed,her2-pose-v1,61,,0.83545924442556,,,0.03983724454968019,,benchmark,1.0,0.0
rcsb_local_pose_ensemble,1r9o,1r9o,1r9o_pose_014,data/local_set/1r9o/poses/1r9o_pose_014.sdf,495.01405854683935,lower_better,0.8461538461538461,rcsb_local_pose_ensemble,uncalibrated,0.8461538461538461,complete,her2-pose-v1,102,,1.0,455.55635186100363,24.102137743310056,0.03983724454968019,Fail,benchmark,1.0,0.0
rcsb_local_pose_ensemble,1r9o,1r9o,1r9o_pose_015,data/local_set/1r9o/poses/1r9o_pose_015.sdf,,lower_better,,rcsb_local_pose_ensemble,uncalibrated,,failed,her2-pose-v1,67,,0.8354499255906047,,,0.03983724454968019,,benchmark,1.0,0.0
rcsb_local_pose_ensemble,1r9o,1r9o,1r9o_pose_016,data/local_set/1r9o/poses/1r9o_pose_016.sdf,418.6111300260781,lower_better,0.8461538461538461,rcsb_local_pose_ensemble,uncalibrated,0.8461538461538461,complete,her2-pose-v1,43,,1.0,455.55635186100363,24.102137743310056,0.03983724454968019,Fail,benchmark,1.0,0.0
rcsb_local_pose_ensemble,1r9o,1r9o,1r9o_pose_017,data/local_set/1r9o/poses/1r9o_pose_017.sdf,,lower_better,,rcsb_local_pose_ensemble,uncalibrated,,failed,her2-pose-v1,109,,0.8354386705131704,,,0.03983724454968019,,benchmark,1.0,0.0
rcsb_local_pose_ensemble,1r9o,1r9o,1r9o_pose_018,data/local_set/1r9o/poses/1r9o_pose_018.sdf,432.9004239093534,lower_better,0.8461538461538461,rcsb_local_pose_ensemble,uncalibrated,0.8461538461538461,complete,her2-pose-v1,83,,0.996685126398218,455.55635186100363,24.102137743310056,0.03983724454968019,Review,benchmark,1.0,0.0
rcsb_local_pose_ensemble,1r9o,1r9o,1r9o_pose_019,data/local_set/1r9o/poses/1r9o_pose_019.sdf,,lower_better,,rcsb_local_pose_ensemble,uncalibrated,,failed,her2-pose-v1,53,,0.8354517772147898,,,0.03983724454968019,,benchmark,1.0,0.0
rcsb_local_pose_ensemble,1r9o,1r9o,1r9o_pose_020,data/local_set/1r9o/poses/1r9o_pose_020.sdf,426.7444505350726,lower_better,0.8461538461538461,rcsb_local_pose_ensemble,uncalibrated,0.8461538461538461,complete,her2-pose-v1,42,,0.9616964995047884,455.55635186100363,24.102137743310056,0.03983724454968019,Fail,benchmark,1.0,0.0
rcsb_local_pose_ensemble,1r9o,1r9o,1r9o_pose_021,data/local_set/1r9o/poses/1r9o_pose_021.sdf,,lower_better,,rcsb_local_pose_ensemble,uncalibrated,,failed,her2-pose-v1,60,,0.8354388024688195,,,0.03983724454968019,,benchmark,1.0,0.0
rcsb_local_pose_ensemble,1r9o,1r9o,1r9o_pose_022,data/local_set/1r9o/poses/1r9o_pose_022.sdf,448.1211586768884,lower_better,0.8461538461538461,rcsb_local_pose_ensemble,uncalibrated,0.8461538461538461,complete,her2-pose-v1,26,,1.0,455.55635186100363,24.102137743310056,0.03983724454968019,Pass,benchmark,1.0,0.0
rcsb_local_pose_ensemble,1r9o,1r9o,1r9o_pose_023,data/local_set/1r9o/poses/1r9o_pose_023.sdf,,lower_better,,rcsb_local_pose_ensemble,uncalibrated,,failed,her2-pose-v1,66,,0.835463306461463,,,0.03983724454968019,,benchmark,1.0,0.0
rcsb_local_pose_ensemble,1r9o,1r9o,1r9o_pose_024,data/local_set/1r9o/poses/1r9o_pose_024.sdf,467.26063357402194,lower_better,0.8461538461538461,rcsb_local_pose_ensemble,uncalibrated,0.8461538461538461,complete,her2-pose-v1,52,,1.0,455.55635186100363,24.102137743310056,0.03983724454968019,Fail,benchmark,1.0,0.0
rcsb_local_pose_ensemble,1r9o,1r9o,1r9o_pose_025,data/local_set/1r9o/poses/1r9o_pose_025.sdf,,lower_better,,rcsb_local_pose_ensemble,uncalibrated,,failed,her2-pose-v1,67,,0.8354500001113188,,,0.03983724454968019,,benchmark,1.0,0.0
rcsb_local_pose_ensemble,1r9o,1r9o,1r9o_pose_026,data/local_set/1r9o/poses/1r9o_pose_026.sdf,476.36408116753887,lower_better,0.8461538461538461,rcsb_local_pose_ensemble,uncalibrated,0.8461538461538461,complete,her2-pose-v1,96,,1.0,455.55635186100363,24.102137743310056,0.03983724454968019,Fail,benchmark,1.0,0.0
rcsb_local_pose_ensemble,1r9o,1r9o,1r9o_pose_027,data/local_set/1r9o/poses/1r9o_pose_027.sdf,,lower_better,,rcsb_local_pose_ensemble,uncalibrated,,failed,her2-pose-v1,70,,0.8354485172902526,,,0.03983724454968019,,benchmark,1.0,0.0
rcsb_local_pose_ensemble,1r9o,1r9o,1r9o_pose_028,data/local_set/1r9o/poses/1r9o_pose_028.sdf,484.093611433053,lower_better,0.8461538461538461,rcsb_local_pose_ensemble,uncalibrated,0.8461538461538461,complete,her2-pose-v1,15,,1.0,455.55635186100363,24.102137743310056,0.03983724454968019,Pass,benchmark,1.0,0.0
rcsb_local_pose_ensemble,1r9o,1r9o,1r9o_pose_029,data/local_set/1r9o/poses/1r9o_pose_029.sdf,,lower_better,,rcsb_local_pose_ensemble,uncalibrated,,failed,her2-pose-v1,113,,0.8354455877141354,,,0.03983724454968019,,benchmark,1.0,0.0
rcsb_local_pose_ensemble,1s19,1s19,1s19_pose_000,data/local_set/1s19/poses/1s19_pose_000.sdf,499.0071738224501,lower_better,1.0,rcsb_local_pose_ensemble,uncalibrated,1.0,complete,her2-pose-v1,0,,1.0,445.07042296856184,60.201858051412934,0.016339373212492094,Pass,benchmark,1.0,0.03333333333333333
rcsb_local_pose_ensemble,1s19,1s19,1s19_pose_001,data/local_set/1s19/poses/1s19_pose_001.sdf,499.0079682820536,lower_better,0.9230769230769231,rcsb_local_pose_ensemble,uncalibrated,0.9230769230769231,complete,her2-pose-v1,1,,1.0,445.07042296856184,60.201858051412934,0.016339373212492094,Pass,benchmark,1.0,0.03333333333333333
rcsb_local_pose_ensemble,1s19,1s19,1s19_pose_002,data/local_set/1s19/poses/1s19_pose_002.sdf,383.734828465745,lower_better,0.8461538461538461,rcsb_local_pose_ensemble,uncalibrated,0.8461538461538461,complete,her2-pose-v1,45,,0.9620349387639656,445.07042296856184,60.201858051412934,0.016339373212492094,Fail,benchmark,1.0,0.03333333333333333
rcsb_local_pose_ensemble,1s19,1s19,1s19_pose_003,data/local_set/1s19/poses/1s19_pose_003.sdf,501.08721769436227,lower_better,0.8461538461538461,rcsb_local_pose_ensemble,uncalibrated,0.8461538461538461,complete,her2-pose-v1,62,,1.0,445.07042296856184,60.201858051412934,0.016339373212492094,Fail,benchmark,1.0,0.03333333333333333
rcsb_local_pose_ensemble,1s19,1s19,1s19_pose_004,data/local_set/1s19/poses/1s19_pose_004.sdf,387.674161729921,lower_better,0.8461538461538461,rcsb_local_pose_ensemble,uncalibrated,0.8461538461538461,complete,her2-pose-v1,13,,0.9530296536544982,445.07042296856184,60.201858051412934,0.016339373212492094,Review,benchmark,1.0,0.03333333333333333
rcsb_local_pose_ensemble,1s19,1s19,1s19_pose_005,data/local_set/1s19/poses/1s19_pose_005.sdf,503.39122806556975,lower_better,0.8461538461538461,rcsb_local_pose_ensemble,uncalibrated,0.8461538461538461,complete,her2-pose-v1,33,,1.0,445.07042296856184,60.201858051412934,0.016339373212492094,Fail,benchmark,1.0,0.03333333333333333
rcsb_local_pose_ensemble,1s19,1s19,1s19_pose_006,data/local_set/1s19/poses/1s19_pose_006.sdf,385.58000885549274,lower_better,0.8461538461538461,rcsb_local_pose_ensemble,uncalibrated,0.8461538461538461,complete,her2-pose-v1,47,,0.9756993436507504,445.07042296856184,60.201858051412934,0.016339373212492094,Fail,benchmark,1.0,0.03333333333333333
rcsb_local_pose_ensemble,1s19,1s19,1s19_pose_007,data/local_set/1s19/poses/1s19_pose_007.sdf,501.204396181714,lower_better,0.8461538461538461,rcsb_local_pose_ensemble,uncalibrated,0.8461538461538461,complete,her2-pose-v1,49,,1.0,445.07042296856184,60.201858051412934,0.016339373212492094,Fail,benchmark,1.0,0.03333333333333333
rcsb_local_pose_ensemble,1s19,1s19,1s19_pose_008,data/local_set/1s19/poses/1s19_pose_008.sdf,386.4917285849171,lower_better,0.8461538461538461,rcsb_local_pose_ensemble,uncalibrated,0.8461538461538461,complete,her2-pose-v1,39,,0.9536740768944512,445.07042296856184,60.201858051412934,0.016339373212492094,Review,benchmark,1.0,0.03333333333333333
rcsb_local_pose_ensemble,1s19,1s19,1s19_pose_009,data/local_set/1s19/poses/1s19_pose_009.sdf,501.6292650734288,lower_better,0.8461538461538461,rcsb_local_pose_ensemble,uncalibrated,0.8461538461538461,complete,her2-pose-v1,33,,1.0,445.07042296856184,60.201858051412934,0.016339373212492094,Fail,benchmark,1.0,0.03333333333333333
rcsb_local_pose_ensemble,1s19,1s19,1s19_pose_010,data/local_set/1s19/poses/1s19_pose_010.sdf,377.14039454990984,lower_better,0.8461538461538461,rcsb_local_pose_ensemble,uncalibrated,0.8461538461538461,complete,her2-pose-v1,100,,0.9843058224752674,445.07042296856184,60.201858051412934,0.016339373212492094,Fail,benchmark,1.0,0.03333333333333333
rcsb_local_pose_ensemble,1s19,1s19,1s19_pose_011,data/local_set/1s19/poses/1s19_pose_011.sdf,501.2137937405023,lower_better,0.8461538461538461,rcsb_local_pose_ensemble,uncalibrated,0.8461538461538461,complete,her2-pose-v1,31,,1.0,445.07042296856184,60.201858051412934,0.016339373212492094,Fail,benchmark,1.0,0.03333333333333333
rcsb_local_pose_ensemble,1s19,1s19,1s19_pose_012,data/local_set/1s19/poses/1s19_pose_012.sdf,380.8578797954005,lower_better,0.8461538461538461,rcsb_local_pose_ensemble,uncalibrated,0.8461538461538461,complete,her2-pose-v1,66,,0.983305868500358,445.07042296856184,60.201858051412934,0.016339373212492094,Fail,benchmark,1.0,0.03333333333333333
rcsb_local_pose_ensemble,1s19,1s19,1s19_pose_013,data/local_set/1s19/poses/1s19_pose_013.sdf,499.3004094306317,lower_better,0.8461538461538461,rcsb_local_pose_ensemble,uncalibrated,0.8461538461538461,complete,her2-pose-v1,63,,1.0,445.07042296856184,60.201858051412934,0.016339373212492094,Fail,benchmark,1.0,0.03333333333333333
rcsb_local_pose_ensemble,1s19,1s19,1s19_pose_014,data/local_set/1s19/poses/1s19_pose_014.sdf,382.9056050819193,lower_better,0.8461538461538461,rcsb_local_pose_ensemble,uncalibrated,0.8461538461538461,complete,her2-pose-v1,65,,0.9748876070866443,445.07042296856184,60.201858051412934,0.016339373212492094,Fail,benchmark,1.0,0.03333333333333333
rcsb_local_pose_ensemble,1s19,1s19,1s19_pose_015,data/local_set/1s19/poses/1s19_pose_015.sdf,499.33852564566587,lower_better,0.9230769230769231,rcsb_local_pose_ensemble,uncalibrated,0.9230769230769231,complete,her2-pose-v1,3,,1.0,445.07042296856184,60.201858051412934,0.016339373212492094,Pass,benchmark,1.0,0.03333333333333333
rcsb_local_pose_ensemble,1s19,1s19,1s19_pose_016,data/local_set/1s19/poses/1s19_pose_016.sdf,377.42135702737966,lower_better,0.8461538461538461,rcsb_local_pose_ensemble,uncalibrated,0.8461538461538461,complete,her2-pose-v1,61,,0.9654351350881296,445.07042296856184,60.201858051412934,0.016339373212492094,Fail,benchmark,1.0,0.03333333333333333
rcsb_local_pose_ensemble,1s19,1s19,1s19_pose_017,data/local_set/1s19/poses/1s19_pose_017.sdf,499.0089363201766,lower_better,0.8461538461538461,rcsb_local_pose_ensemble,uncalibrated,0.8461538461538461,complete,her2-pose-v1,24,,1.0,445.07042296856184,60.201858051412934,0.016339373212492094,Review,benchmark,1.0,0.03333333333333333
rcsb_local_pose_ensemble,1s19,1s19,1s19_pose_018,data/local_set/1s19/poses/1s19_pose_018.sdf,379.8849961177092,lower_better,0.8461538461538461,rcsb_local_pose_ensemble,uncalibrated,0.8461538461538461,complete,her2-pose-v1,35,,0.9554104065797864,445.07042296856184,60.201858051412934,0.016339373212492094,Fail,benchmark,1.0,0.03333333333333333
rcsb_local_pose_ensemble,1s19,1s19,1s19_pose_019,data/local_set/1s19/poses/1s19_pose_019.sdf,499.3721610752635,lower_better,0.8461538461538461,rcsb_local_pose_ensemble,uncalibrated,0.8461538461538461,complete,her2-pose-v1,29,,1.0,445.07042296856184,60.201858051412934,0.016339373212492094,Review,benchmark,1.0,0.03333333333333333
rcsb_local_pose_ensemble,1s19,1s19,1s19_pose_020,data/local_set/1s19/poses/1s19_pose_020.sdf,380.0172616778407,lower_better,0.8461538461538461,rcsb_local_pose_ensemble,uncalibrated,0.8461538461538461,complete,her2-pose-v1,10,,0.9588941103935456,445.07042296856184,60.201858051412934,0.016339373212492094,Review,benchmark,1.0,0.03333333333333333
rcsb_local_pose_ensemble,1s19,1s19,1s19_pose_021,data/local_set/1s19/poses/1s19_pose_021.sdf,501.22583348635294,lower_better,0.8461538461538461,rcsb_local_pose_ensemble,uncalibrated,0.8461538461538461,complete,her2-pose-v1,14,,1.0,445.07042296856184,60.201858051412934,0.016339373212492094,Review,benchmark,1.0,0.03333333333333333
rcsb_local_pose_ensemble,1s19,1s19,1s19_pose_022,data/local_set/1s19/poses/1s19_pose_022.sdf,369.59207495509946,lower_better,0.8461538461538461,rcsb_local_pose_ensemble,uncalibrated,0.8461538461538461,complete,her2-pose-v1,30,,0.9708503286557316,445.07042296856184,60.201858051412934,0.016339373212492094,Fail,benchmark,1.0,0.03333333333333333
rcsb_local_pose_ensemble,1s19,1s19,1s19_pose_023,data/local_set/1s19/poses/1s19_pose_023.sdf,498.9905183768723,lower_better,0.8461538461538461,rcsb_local_pose_ensemble,uncalibrated,0.8461538461538461,complete,her2-pose-v1,59,,1.0,445.07042296856184,60.201858051412934,0.016339373212492094,Fail,benchmark,1.0,0.03333333333333333
rcsb_local_pose_ensemble,1s19,1s19,1s19_pose_024,data/local_set/1s19/poses/1s19_pose_024.sdf,384.2635188008329,lower_better,0.8461538461538461,rcsb_local_pose_ensemble,uncalibrated,0.8461538461538461,complete,her2-pose-v1,33,,0.9663235197387416,445.07042296856184,60.201858051412934,0.016339373212492094,Fail,benchmark,1.0,0.03333333333333333
rcsb_local_pose_ensemble,1s19,1s19,1s19_pose_025,data/local_set/1s19/poses/1s19_pose_025.sdf,499.3891852250753,lower_better,0.8461538461538461,rcsb_local_pose_ensemble,uncalibrated,0.8461538461538461,complete,her2-pose-v1,72,,1.0,445.07042296856184,60.201858051412934,0.016339373212492094,Fail,benchmark,1.0,0.03333333333333333
rcsb_local_pose_ensemble,1s19,1s19,1s19_pose_026,data/local_set/1s19/poses/1s19_pose_026.sdf,383.3724905809657,lower_better,0.8461538461538461,rcsb_local_pose_ensemble,uncalibrated,0.8461538461538461,complete,her2-pose-v1,42,,0.9770535799495854,445.07042296856184,60.201858051412934,0.016339373212492094,Fail,benchmark,1.0,0.03333333333333333
rcsb_local_pose_ensemble,1s19,1s19,1s19_pose_027,data/local_set/1s19/poses/1s19_pose_027.sdf,501.1859060227873,lower_better,0.8461538461538461,rcsb_local_pose_ensemble,uncalibrated,0.8461538461538461,complete,her2-pose-v1,74,,1.0,445.07042296856184,60.201858051412934,0.016339373212492094,Fail,benchmark,1.0,0.03333333333333333
rcsb_local_pose_ensemble,1s19,1s19,1s19_pose_028,data/local_set/1s19/poses/1s19_pose_028.sdf,387.6175963143971,lower_better,0.8461538461538461,rcsb_local_pose_ensemble,uncalibrated,0.8461538461538461,complete,her2-pose-v1,11,,0.9695233697531764,445.07042296856184,60.201858051412934,0.016339373212492094,Review,benchmark,1.0,0.03333333333333333
rcsb_local_pose_ensemble,1s19,1s19,1s19_pose_029,data/local_set/1s19/poses/1s19_pose_029.sdf,501.2062680764192,lower_better,0.8461538461538461,rcsb_local_pose_ensemble,uncalibrated,0.8461538461538461,complete,her2-pose-v1,24,,1.0,445.07042296856184,60.201858051412934,0.016339373212492094,Review,benchmark,1.0,0.03333333333333333
rcsb_local_pose_ensemble,1s3v,1s3v,1s3v_pose_000,data/local_set/1s3v/poses/1s3v_pose_000.sdf,175.6324700682426,lower_better,1.0,rcsb_local_pose_ensemble,uncalibrated,1.0,complete,her2-pose-v1,0,,0.9206514380258372,139.9910445113554,37.75882775428733,0.02580057390640212,Pass,benchmark,1.0,0.06666666666666667
rcsb_local_pose_ensemble,1s3v,1s3v,1s3v_pose_001,data/local_set/1s3v/poses/1s3v_pose_001.sdf,175.6214371628166,lower_better,0.8461538461538461,rcsb_local_pose_ensemble,uncalibrated,0.8461538461538461,complete,her2-pose-v1,19,,0.9206433094869744,139.9910445113554,37.75882775428733,0.02580057390640212,Review,benchmark,1.0,0.06666666666666667
rcsb_local_pose_ensemble,1s3v,1s3v,1s3v_pose_002,data/local_set/1s3v/poses/1s3v_pose_002.sdf,95.68902216167967,lower_better,0.8461538461538461,rcsb_local_pose_ensemble,uncalibrated,0.8461538461538461,complete,her2-pose-v1,23,,0.9869454686311288,139.9910445113554,37.75882775428733,0.02580057390640212,Fail,benchmark,1.0,0.06666666666666667
rcsb_local_pose_ensemble,1s3v,1s3v,1s3v_pose_003,data/local_set/1s3v/poses/1s3v_pose_003.sdf,175.65682575070923,lower_better,0.8461538461538461,rcsb_local_pose_ensemble,uncalibrated,0.8461538461538461,complete,her2-pose-v1,39,,0.9206415481705972,139.9910445113554,37.75882775428733,0.02580057390640212,Fail,benchmark,1.0,0.06666666666666667
rcsb_local_pose_ensemble,1s3v,1s3v,1s3v_pose_004,data/local_set/1s3v/poses/1s3v_pose_004.sdf,100.6496531332491,lower_better,0.8461538461538461,rcsb_local_pose_ensemble,uncalibrated,0.8461538461538461,complete,her2-pose-v1,10,,0.9875616545134832,139.9910445113554,37.75882775428733,0.02580057390640212,Fail,benchmark,1.0,0.06666666666666667
rcsb_local_pose_ensemble,1s3v,1s3v,1s3v_pose_005,data/local_set/1s3v/poses/1s3v_pose_005.sdf,173.42093825771906,lower_better,0.8461538461538461,rcsb_local_pose_ensemble,uncalibrated,0.8461538461538461,complete,her2-pose-v1,22,,0.9206481881008608,139.9910445113554,37.75882775428733,0.02580057390640212,Fail,benchmark,1.0,0.06666666666666667
rcsb_local_pose_ensemble,1s3v,1s3v,1s3v_pose_006,data/local_set/1s3v/poses/1s3v_pose_006.sdf,101.3946726870692,lower_better,0.8461538461538461,rcsb_local_pose_ensemble,uncalibrated,0.8461538461538461,complete,her2-pose-v1,49,,0.9871842330632962,139.9910445113554,37.75882775428733,0.02580057390640212,Fail,benchmark,1.0,0.06666666666666667
rcsb_local_pose_ensemble,1s3v,1s3v,1s3v_pose_007,data/local_set/1s3v/poses/1s3v_pose_007.sdf,173.43826569129286,lower_better,0.8461538461538461,rcsb_local_pose_ensemble,uncalibrated,0.8461538461538461,complete,her2-pose-v1,8,,0.92063397009994,139.9910445113554,37.75882775428733,0.02580057390640212,Review,benchmark,1.0,0.06666666666666667
rcsb_local_pose_ensemble,1s3v,1s3v,1s3v_pose_008,data/local_set/1s3v/poses/1s3v_pose_008.sdf,108.68602240411536,lower_better,0.8461538461538461,rcsb_local_pose_ensemble,uncalibrated,0.8461538461538461,complete,her2-pose-v1,35,,0.9860598147552924,139.9910445113554,37.75882775428733,0.02580057390640212,Fail,benchmark,1.0,0.06666666666666667
rcsb_local_pose_ensemble,1s3v,1s3v,1s3v_pose_009,data/local_set/1s3v/poses/1s3v_pose_009.sdf,175.61720825227198,lower_better,0.8461538461538461,rcsb_local_pose_ensemble,uncalibrated,0.8461538461538461,complete,her2-pose-v1,27,,0.9206751978447258,139.9910445113554,37.75882775428733,0.02580057390640212,Review,benchmark,1.0,0.06666666666666667
rcsb_local_pose_ensemble,1s3v,1s3v,1s3v_pose_010,data/local_set/1s3v/poses/1s3v_pose_010.sdf,99.76648111951674,lower_better,0.8461538461538461,rcsb_local_pose_ensemble,uncalibrated,0.8461538461538461,complete,her2-pose-v1,31,,0.9863849715636304,139.9910445113554,37.75882775428733,0.02580057390640212,Fail,benchmark,1.0,0.06666666666666667
rcsb_local_pose_ensemble,1s3v,1s3v,1s3v_pose_011,data/local_set/1s3v/poses/1s3v_pose_011.sdf,175.62953235495388,lower_better,0.8461538461538461,rcsb_local_pose_ensemble,uncalibrated,0.8461538461538461,complete,her2-pose-v1,31,,0.9206379351273823,139.9910445113554,37.75882775428733,0.02580057390640212,Review,benchmark,1.0,0.06666666666666667
rcsb_local_pose_ensemble,1s3v,1s3v,1s3v_pose_012,data/local_set/1s3v/poses/1s3v_pose_012.sdf,99.89321952808488,lower_better,0.8461538461538461,rcsb_local_pose_ensemble,uncalibrated,0.8461538461538461,complete,her2-pose-v1,27,,0.9878881649924528,139.9910445113554,37.75882775428733,0.02580057390640212,Fail,benchmark,1.0,0.06666666666666667
rcsb_local_pose_ensemble,1s3v,1s3v,1s3v_pose_013,data/local_set/1s3v/poses/1s3v_pose_013.sdf,173.4284603934334,lower_better,0.9230769230769231,rcsb_local_pose_ensemble,uncalibrated,0.9230769230769231,complete,her2-pose-v1,1,,0.9206435673487444,139.9910445113554,37.75882775428733,0.02580057390640212,Pass,benchmark,1.0,0.06666666666666667
rcsb_local_pose_ensemble,1s3v,1s3v,1s3v_pose_014,data/local_set/1s3v/poses/1s3v_pose_014.sdf,99.24326807753457,lower_better,0.8461538461538461,rcsb_local_pose_ensemble,uncalibrated,0.8461538461538461,complete,her2-pose-v1,13,,0.987790895942114,139.9910445113554,37.75882775428733,0.02580057390640212,Review,benchmark,1.0,0.06666666666666667
rcsb_local_pose_ensemble,1s3v,1s3v,1s3v_pose_015,data/local_set/1s3v/poses/1s3v_pose_015.sdf,173.4567688709459,lower_better,0.8461538461538461,rcsb_local_pose_ensemble,uncalibrated,0.8461538461538461,complete,her2-pose-v1,30,,0.9206481629075984,139.9910445113554,37.75882775428733,0.02580057390640212,Fail,benchmark,1.0,0.06666666666666667
rcsb_local_pose_ensemble,1s3v,1s3v,1s3v_pose_016,data/local_set/1s3v/poses/1s3v_pose_016.sdf,100.1610333210046,lower_better,0.8461538461538461,rcsb_local_pose_ensemble,uncalibrated,0.8461538461538461,complete,her2-pose-v1,43,,0.98781766201315,139.9910445113554,37.75882775428733,0.02580057390640212,Fail,benchmark,1.0,0.06666666666666667
rcsb_local_pose_ensemble,1s3v,1s3v,1s3v_pose_017,data/local_set/1s3v/poses/1s3v_pose_017.sdf,175.64725524025093,lower_better,1.0,rcsb_local_pose_ensemble,uncalibrated,1.0,complete,her2-pose-v1,0,,0.9206302569929734,139.9910445113554,37.75882775428733,0.02580057390640212,Pass,benchmark,1.0,0.06666666666666667
rcsb_local_pose_ensemble,1s3v,1s3v,1s3v_pose_018,data/local_set/1s3v/poses/1s3v_pose_018.sdf,97.7451798906348,lower_better,0.8461538461538461,rcsb_local_pose_ensemble,uncalibrated,0.8461538461538461,complete,her2-pose-v1,49,,0.9889637939533128,139.9910445113554,37.75882775428733,0.02580057390640212,Fail,benchmark,1.0,0.06666666666666667
rcsb_local_pose_ensemble,1s3v,1s3v,1s3v_pose_019,data/local_set/1s3v/poses/1s3v_pose_019.sdf,173.43519850889768,lower_better,0.8461538461538461,rcsb_local_pose_ensemble,uncalibrated,0.8461538461538461,complete,her2-pose-v1,41,,0.920659566492933,139.9910445113554,37.75882775428733,0.02580057390640212,Fail,benchmark,1.0,0.06666666666666667
rcsb_local_pose_ensemble,1s3v,1s3v,1s3v_pose_020,data/local_set/1s3v/poses/1s3v_pose_020.sdf,100.24792487015536,lower_better,0.8461538461538461,rcsb_local_pose_ensemble,uncalibrated,0.8461538461538461,complete,her2-pose-v1,20,,0.985614916600674,139.9910445113554,37.75882775428733,0.02580057390640212,Fail,benchmark,1.0,0.06666666666666667
rcsb_local_pose_ensemble,1s3v,1s3v,1s3v_pose_021,data/local_set/1s3v/poses/1s3v_pose_021.sdf,175.64371157693668,lower_better,0.8461538461538461,rcsb_local_pose_ensemble,uncalibrated,0.8461538461538461,complete,her2-pose-v1,37,,0.9206389110061208,139.9910445113554,37.75882775428733,0.02580057390640212,Fail,benchmark,1.0,0.06666666666666667
rcsb_local_pose_ensemble,1s3v,1s3v,1s3v_pose_022,data/local_set/1s3v/poses/1s3v_pose_022.sdf,99.30744717347042,lower_better,0.8461538461538461,rcsb_local_pose_ensemble,uncalibrated,0.8461538461538461,complete,her2-pose-v1,34,,0.9884244725959896,139.9910445113554,37.75882775428733,0.02580057390640212,Fail,benchmark,1.0,0.06666666666666667
rcsb_local_pose_ensemble,1s3v,1s3v,1s3v_pose_023,data/local_set/1s3v/poses/1s3v_pose_023.sdf,177.2952788855788,lower_better,0.8461538461538461,rcsb_local_pose_ensemble,uncalibrated,0.8461538461538461,complete,her2-pose-v1,15,,0.9206349682125484,139.9910445113554,37.75882775428733,0.02580057390640212,Fail,benchmark,1.0,0.06666666666666667
rcsb_local_pose_ensemble,1s3v,1s3v,1s3v_pose_024,data/local_set/1s3v/poses/1s3v_pose_024.sdf,96.81486791333624,lower_better,0.8461538461538461,rcsb_local_pose_ensemble,uncalibrated,0.8461538461538461,complete,her2-pose-v1,64,,0.986266943190916,139.9910445113554,37.75882775428733,0.02580057390640212,Fail,benchmark,1.0,0.06666666666666667
rcsb_local_pose_ensemble,1s3v,1s3v,1s3v_pose_025,data/local_set/1s3v/poses/1s3v_pose_025.sdf,173.4256414941966,lower_better,0.8461538461538461,rcsb_local_pose_ensemble,uncalibrated,0.8461538461538461,complete,her2-pose-v1,11,,0.9206627415401242,139.9910445113554,37.75882775428733,0.02580057390640212,Pass,benchmark,1.0,0.06666666666666667
rcsb_local_pose_ensemble,1s3v,1s3v,1s3v_pose_026,data/local_set/1s3v/poses/1s3v_pose_026.sdf,99.1011442645262,lower_better,0.8461538461538461,rcsb_local_pose_ensemble,uncalibrated,0.8461538461538461,complete,her2-pose-v1,24,,0.985984536190686,139.9910445113554,37.75882775428733,0.02580057390640212,Review,benchmark,1.0,0.06666666666666667
rcsb_local_pose_ensemble,1s3v,1s3v,1s3v_pose_027,data/local_set/1s3v/poses/1s3v_pose_027.sdf,173.45404220542682,lower_better,0.9230769230769231,rcsb_local_pose_ensemble,uncalibrated,0.9230769230769231,complete,her2-pose-v1,5,,0.9206603867453796,139.9910445113554,37.75882775428733,0.02580057390640212,Pass,benchmark,1.0,0.06666666666666667
rcsb_local_pose_ensemble,1s3v,1s3v,1s3v_pose_028,data/local_set/1s3v/poses/1s3v_pose_028.sdf,106.78205918252652,lower_better,0.8461538461538461,rcsb_local_pose_ensemble,uncalibrated,0.8461538461538461,complete,her2-pose-v1,65,,0.9875862913403466,139.9910445113554,37.75882775428733,0.02580057390640212,Fail,benchmark,1.0,0.06666666666666667
rcsb_local_pose_ensemble,1s3v,1s3v,1s3v_pose_029,data/local_set/1s3v/poses/1s3v_pose_029.sdf,173.44630490008458,lower_better,0.8461538461538461,rcsb_local_pose_ensemble,uncalibrated,0.8461538461538461,complete,her2-pose-v1,25,,0.9206464423543907,139.9910445113554,37.75882775428733,0.02580057390640212,Fail,benchmark,1.0,0.06666666666666667
rcsb_local_pose_ensemble,1sg0,1sg0,1sg0_pose_000,data/local_set/1sg0/poses/1sg0_pose_000.sdf,532.1880986132954,lower_better,0.9230769230769231,rcsb_local_pose_ensemble,uncalibrated,0.9230769230769231,complete,her2-pose-v1,0,,1.0,409.39370833753827,128.07446039149914,0.007747466051509134,Pass,benchmark,1.0,0.0
rcsb_local_pose_ensemble,1sg0,1sg0,1sg0_pose_001,data/local_set/1sg0/poses/1sg0_pose_001.sdf,525.4381318818768,lower_better,0.7692307692307693,rcsb_local_pose_ensemble,uncalibrated,0.7692307692307693,complete,her2-pose-v1,139,,1.0,409.39370833753827,128.07446039149914,0.007747466051509134,Fail,benchmark,1.0,0.0
rcsb_local_pose_ensemble,1sg0,1sg0,1sg0_pose_002,data/local_set/1sg0/poses/1sg0_pose_002.sdf,267.37703172681023,lower_better,0.8461538461538461,rcsb_local_pose_ensemble,uncalibrated,0.8461538461538461,complete,her2-pose-v1,137,,0.9742602309089176,409.39370833753827,128.07446039149914,0.007747466051509134,Fail,benchmark,1.0,0.0
rcsb_local_pose_ensemble,1sg0,1sg0,1sg0_pose_003,data/local_set/1sg0/poses/1sg0_pose_003.sdf,525.4445519974188,lower_better,0.7692307692307693,rcsb_local_pose_ensemble,uncalibrated,0.7692307692307693,complete,her2-pose-v1,114,,1.0,409.39370833753827,128.07446039149914,0.007747466051509134,Review,benchmark,1.0,0.0
rcsb_local_pose_ensemble,1sg0,1sg0,1sg0_pose_004,data/local_set/1sg0/poses/1sg0_pose_004.sdf,268.13112133676657,lower_better,0.8461538461538461,rcsb_local_pose_ensemble,uncalibrated,0.8461538461538461,complete,her2-pose-v1,81,,0.974340312920622,409.39370833753827,128.07446039149914,0.007747466051509134,Fail,benchmark,1.0,0.0
rcsb_local_pose_ensemble,1sg0,1sg0,1sg0_pose_005,data/local_set/1sg0/poses/1sg0_pose_005.sdf,523.1620377044537,lower_better,0.7692307692307693,rcsb_local_pose_ensemble,uncalibrated,0.7692307692307693,complete,her2-pose-v1,113,,1.0,409.39370833753827,128.07446039149914,0.007747466051509134,Fail,benchmark,1.0,0.0
rcsb_local_pose_ensemble,1sg0,1sg0,1sg0_pose_006,data/local_set/1sg0/poses/1sg0_pose_006.sdf,260.03635984060725,lower_better,0.8461538461538461,rcsb_local_pose_ensemble,uncalibrated,0.8461538461538461,complete,her2-pose-v1,58,,0.9938357065057012,409.39370833753827,128.07446039149914,0.007747466051509134,Fail,benchmark,1.0,0.0
rcsb_local_pose_ensemble,1sg0,1sg0,1sg0_pose_007,data/local_set/1sg0/poses/1sg0_pose_007.sdf,523.1779232676146,lower_better,0.7692307692307693,rcsb_local_pose_ensemble,uncalibrated,0.7692307692307693,complete,her2-pose-v1,184,,1.0,409.39370833753827,128.07446039149914,0.007747466051509134,Fail,benchmark,1.0,0.0
rcsb_local_pose_ensemble,1sg0,1sg0,1sg0_pose_008,data/local_set/1sg0/poses/1sg0_pose_008.sdf,276.56266529500664,lower_better,0.8461538461538461,rcsb_local_pose_ensemble,uncalibrated,0.8461538461538461,complete,her2-pose-v1,120,,0.9648350534871531,409.39370833753827,128.07446039149914,0.007747466051509134,Fail,benchmark,1.0,0.0
rcsb_local_pose_ensemble,1sg0,1sg0,1sg0_pose_009,data/local_set/1sg0/poses/1sg0_pose_009.sdf,525.4921281845371,lower_better,0.7692307692307693,rcsb_local_pose_ensemble,uncalibrated,0.7692307692307693,complete,her2-pose-v1,110,,1.0,409.39370833753827,128.07446039149914,0.007747466051509134,Fail,benchmark,1.0,0.0
rcsb_local_pose_ensemble,1sg0,1sg0,1sg0_pose_010,data/local_set/1sg0/poses/1sg0_pose_010.sdf,296.40516324198626,lower_better,0.8461538461538461,rcsb_local_pose_ensemble,uncalibrated,0.8461538461538461,complete,her2-pose-v1,103,,0.9069150481219022,409.39370833753827,128.07446039149914,0.007747466051509134,Fail,benchmark,1.0,0.0
rcsb_local_pose_ensemble,1sg0,1sg0,1sg0_pose_011,data/local_set/1sg0/poses/1sg0_pose_011.sdf,529.9414429918706,lower_better,0.7692307692307693,rcsb_local_pose_ensemble,uncalibrated,0.7692307692307693,complete,her2-pose-v1,139,,1.0,409.39370833753827,128.07446039149914,0.007747466051509134,Fail,benchmark,1.0,0.0
rcsb_local_pose_ensemble,1sg0,1sg0,1sg0_pose_012,data/local_set/1sg0/poses/1sg0_pose_012.sdf,287.6971235727885,lower_better,0.8461538461538461,rcsb_local_pose_ensemble,uncalibrated,0.8461538461538461,complete,her2-pose-v1,105,,0.9047908135216062,409.39370833753827,128.07446039149914,0.007747466051509134,Fail,benchmark,1.0,0.0
rcsb_local_pose_ensemble,1sg0,1sg0,1sg0_pose_013,data/local_set/1sg0/poses/1sg0_pose_013.sdf,532.1906047209977,lower_better,0.7692307692307693,rcsb_local_pose_ensemble,uncalibrated,0.7692307692307693,complete,her2-pose-v1,63,,1.0,409.39370833753827,128.07446039149914,0.007747466051509134,Review,benchmark,1.0,0.0
rcsb_local_pose_ensemble,1sg0,1sg0,1sg0_pose_014,data/local_set/1sg0/poses/1sg0_pose_014.sdf,264.77127733804804,lower_better,0.8461538461538461,rcsb_local_pose_ensemble,uncalibrated,0.8461538461538461,complete,her2-pose-v1,80,,0.9693121308038992,409.39370833753827,128.07446039149914,0.007747466051509134,Fail,benchmark,1.0,0.0
rcsb_local_pose_ensemble,1sg0,1sg0,1sg0_pose_015,data/local_set/1sg0/poses/1sg0_pose_015.sdf,523.5702510442351,lower_better,0.7692307692307693,rcsb_local_pose_ensemble,uncalibrated,0.7692307692307693,complete,her2-pose-v1,89,,1.0,409.39370833753827,128.07446039149914,0.007747466051509134,Fail,benchmark,1.0,0.0
rcsb_local_pose_ensemble,1sg0,1sg0,1sg0_pose_016,data/local_set/1sg0/poses/1sg0_pose_016.sdf,277.95896329642756,lower_better,0.9230769230769231,rcsb_local_pose_ensemble,uncalibrated,0.9230769230769231,complete,her2-pose-v1,8,,0.8990292286927272,409.39370833753827,128.07446039149914,0.007747466051509134,Review,benchmark,1.0,0.0
rcsb_local_pose_ensemble,1sg0,1sg0,1sg0_pose_017,data/local_set/1sg0/poses/1sg0_pose_017.sdf,525.4526673958808,lower_better,0.7692307692307693,rcsb_local_pose_ensemble,uncalibrated,0.7692307692307693,complete,her2-pose-v1,44,,1.0,409.39370833753827,128.07446039149914,0.007747466051509134,Fail,benchmark,1.0,0.0
rcsb_local_pose_ensemble,1sg0,1sg0,1sg0_pose_018,data/local_set/1sg0/poses/1sg0_pose_018.sdf,280.4705744414469,lower_better,0.8461538461538461,rcsb_local_pose_ensemble,uncalibrated,0.8461538461538461,complete,her2-pose-v1,83,,0.9960238082612776,409.39370833753827,128.07446039149914,0.007747466051509134,Fail,benchmark,1.0,0.0
rcsb_local_pose_ensemble,1sg0,1sg0,1sg0_pose_019,data/local_set/1sg0/poses/1sg0_pose_019.sdf,524.1571037434039,lower_better,0.7692307692307693,rcsb_local_pose_ensemble,uncalibrated,0.7692307692307693,complete,her2-pose-v1,104,,1.0,409.39370833753827,128.07446039149914,0.007747466051509134,Review,benchmark,1.0,0.0
rcsb_local_pose_ensemble,1sg0,1sg0,1sg0_pose_020,data/local_set/1sg0/poses/1sg0_pose_020.sdf,270.7469345256507,lower_better,0.8461538461538461,rcsb_local_pose_ensemble,uncalibrated,0.8461538461538461,complete,her2-pose-v1,74,,0.9798842177156007,409.39370833753827,128.07446039149914,0.007747466051509134,Review,benchmark,1.0,0.0
rcsb_local_pose_ensemble,1sg0,1sg0,1sg0_pose_021,data/local_set/1sg0/poses/1sg0_pose_021.sdf,531.1471851805305,lower_better,0.7692307692307693,rcsb_local_pose_ensemble,uncalibrated,0.7692307692307693,complete,her2-pose-v1,108,,1.0,409.39370833753827,128.07446039149914,0.007747466051509134,Fail,benchmark,1.0,0.0
rcsb_local_pose_ensemble,1sg0,1sg0,1sg0_pose_022,data/local_set/1sg0/poses/1sg0_pose_022.sdf,270.6275194104617,lower_better,0.8461538461538461,rcsb_local_pose_ensemble,uncalibrated,0.8461538461538461,complete,her2-pose-v1,132,,0.9584218310556022,409.39370833753827,128.07446039149914,0.007747466051509134,Fail,benchmark,1.0,0.0
rcsb_local_pose_ensemble,1sg0,1sg0,1sg0_pose_023,data/local_set/1sg0/poses/1sg0_pose_023.sdf,523.5874298759486,lower_better,0.7692307692307693,rcsb_local_pose_ensemble,uncalibrated,0.7692307692307693,complete,her2-pose-v1,162,,1.0,409.39370833753827,128.07446039149914,0.007747466051509134,Fail,benchmark,1.0,0.0
rcsb_local_pose_ensemble,1sg0,1sg0,1sg0_pose_024,data/local_set/1sg0/poses/1sg0_pose_024.sdf,278.9236802524103,lower_better,0.8461538461538461,rcsb_local_pose_ensemble,uncalibrated,0.8461538461538461,complete,her2-pose-v1,161,,0.9715228834240472,409.39370833753827,128.07446039149914,0.007747466051509134,Fail,benchmark,1.0,0.0
rcsb_local_pose_ensemble,1sg0,1sg0,1sg0_pose_025,data/local_set/1sg0/poses/1sg0_pose_025.sdf,530.7505708525172,lower_better,0.7692307692307693,rcsb_local_pose_ensemble,uncalibrated,0.7692307692307693,complete,her2-pose-v1,85,,1.0,409.39370833753827,128.07446039149914,0.007747466051509134,Fail,benchmark,1.0,0.0
rcsb_local_pose_ensemble,1sg0,1sg0,1sg0_pose_026,data/local_set/1sg0/poses/1sg0_pose_026.sdf,275.56202990244867,lower_better,0.8461538461538461,rcsb_local_pose_ensemble,uncalibrated,0.8461538461538461,complete,her2-pose-v1,115,,0.881151457911405,409.39370833753827,128.07446039149914,0.007747466051509134,Fail,benchmark,1.0,0.0
rcsb_local_pose_ensemble,1sg0,1sg0,1sg0_pose_027,data/local_set/1sg0/poses/1sg0_pose_027.sdf,531.1339337462416,lower_better,0.7692307692307693,rcsb_local_pose_ensemble,uncalibrated,0.7692307692307693,complete,her2-pose-v1,109,,1.0,409.39370833753827,128.07446039149914,0.007747466051509134,Fail,benchmark,1.0,0.0
rcsb_local_pose_ensemble,1sg0,1sg0,1sg0_pose_028,data/local_set/1sg0/poses/1sg0_pose_028.sdf,274.2559496207212,lower_better,0.8461538461538461,rcsb_local_pose_ensemble,uncalibrated,0.8461538461538461,complete,her2-pose-v1,156,,0.9936041088717954,409.39370833753827,128.07446039149914,0.007747466051509134,Fail,benchmark,1.0,0.0
rcsb_local_pose_ensemble,1sg0,1sg0,1sg0_pose_029,data/local_set/1sg0/poses/1sg0_pose_029.sdf,525.4507951237453,lower_better,0.7692307692307693,rcsb_local_pose_ensemble,uncalibrated,0.7692307692307693,complete,her2-pose-v1,76,,1.0,409.39370833753827,128.07446039149914,0.007747466051509134,Review,benchmark,1.0,0.0
rcsb_local_pose_ensemble,1sj0,1sj0,1sj0_pose_000,data/local_set/1sj0/poses/1sj0_pose_000.sdf,159.06762298113117,lower_better,1.0,rcsb_local_pose_ensemble,uncalibrated,1.0,complete,her2-pose-v1,0,,0.9503147058455864,130.87767189055612,30.927204224275297,0.03132125171297233,Pass,benchmark,1.0,0.03333333333333333
rcsb_local_pose_ensemble,1sj0,1sj0,1sj0_pose_001,data/local_set/1sj0/poses/1sj0_pose_001.sdf,159.08597740912631,lower_better,0.8461538461538461,rcsb_local_pose_ensemble,uncalibrated,0.8461538461538461,complete,her2-pose-v1,31,,0.9503349414489424,130.87767189055612,30.927204224275297,0.03132125171297233,Fail,benchmark,1.0,0.03333333333333333
rcsb_local_pose_ensemble,1sj0,1sj0,1sj0_pose_002,data/local_set/1sj0/poses/1sj0_pose_002.sdf,109.08783626366017,lower_better,0.8461538461538461,rcsb_local_pose_ensemble,uncalibrated,0.8461538461538461,complete,her2-pose-v1,33,,0.9342081578555986,130.87767189055612,30.927204224275297,0.03132125171297233,Fail,benchmark,1.0,0.03333333333333333
rcsb_local_pose_ensemble,1sj0,1sj0,1sj0_pose_003,data/local_set/1sj0/poses/1sj0_pose_003.sdf,159.04510816064158,lower_better,0.8461538461538461,rcsb_local_pose_ensemble,uncalibrated,0.8461538461538461,complete,her2-pose-v1,53,,0.9503131971894192,130.87767189055612,30.927204224275297,0.03132125171297233,Fail,benchmark,1.0,0.03333333333333333
rcsb_local_pose_ensemble,1sj0,1sj0,1sj0_pose_004,data/local_set/1sj0/poses/1sj0_pose_004.sdf,108.26803060537758,lower_better,0.8461538461538461,rcsb_local_pose_ensemble,uncalibrated,0.8461538461538461,complete,her2-pose-v1,77,,0.9329138217854028,130.87767189055612,30.927204224275297,0.03132125171297233,Fail,benchmark,1.0,0.03333333333333333
rcsb_local_pose_ensemble,1sj0,1sj0,1sj0_pose_005,data/local_set/1sj0/poses/1sj0_pose_005.sdf,159.07531309315164,lower_better,0.8461538461538461,rcsb_local_pose_ensemble,uncalibrated,0.8461538461538461,complete,her2-pose-v1,61,,0.9503082705853908,130.87767189055612,30.927204224275297,0.03132125171297233,Fail,benchmark,1.0,0.03333333333333333
rcsb_local_pose_ensemble,1sj0,1sj0,1sj0_pose_006,data/local_set/1sj0/poses/1sj0_pose_006.sdf,92.04423303492828,lower_better,0.9230769230769231,rcsb_local_pose_ensemble,uncalibrated,0.9230769230769231,complete,her2-pose-v1,6,,0.9257996622664826,130.87767189055612,30.927204224275297,0.03132125171297233,Pass,benchmark,1.0,0.03333333333333333
rcsb_local_pose_ensemble,1sj0,1sj0,1sj0_pose_007,data/local_set/1sj0/poses/1sj0_pose_007.sdf,159.08302948627758,lower_better,0.8461538461538461,rcsb_local_pose_ensemble,uncalibrated,0.8461538461538461,complete,her2-pose-v1,51,,0.9503091915285248,130.87767189055612,30.927204224275297,0.03132125171297233,Fail,benchmark,1.0,0.03333333333333333
rcsb_local_pose_ensemble,1sj0,1sj0,1sj0_pose_008,data/local_set/1sj0/poses/1sj0_pose_008.sdf,93.13800167063944,lower_better,0.8461538461538461,rcsb_local_pose_ensemble,uncalibrated,0.8461538461538461,complete,her2-pose-v1,13,,0.9494086274540856,130.87767189055612,30.927204224275297,0.03132125171297233,Review,benchmark,1.0,0.03333333333333333
rcsb_local_pose_ensemble,1sj0,1sj0,1sj0_pose_009,data/local_set/1sj0/poses/1sj0_pose_009.sdf,159.05276550052008,lower_better,0.8461538461538461,rcsb_local_pose_ensemble,uncalibrated,0.8461538461538461,complete,her2-pose-v1,71,,0.9503012852997182,130.87767189055612,30.927204224275297,0.03132125171297233,Fail,benchmark,1.0,0.03333333333333333
rcsb_local_pose_ensemble,1sj0,1sj0,1sj0_pose_010,data/local_set/1sj0/poses/1sj0_pose_010.sdf,100.58381877213212,lower_better,0.8461538461538461,rcsb_local_pose_ensemble,uncalibrated,0.8461538461538461,complete,her2-pose-v1,73,,0.9512916767416032,130.87767189055612,30.927204224275297,0.03132125171297233,Fail,benchmark,1.0,0.03333333333333333
rcsb_local_pose_ensemble,1sj0,1sj0,1sj0_pose_011,data/local_set/1sj0/poses/1sj0_pose_011.sdf,159.06734221208063,lower_better,0.8461538461538461,rcsb_local_pose_ensemble,uncalibrated,0.8461538461538461,complete,her2-pose-v1,66,,0.9502895393357816,130.87767189055612,30.927204224275297,0.03132125171297233,Fail,benchmark,1.0,0.03333333333333333
rcsb_local_pose_ensemble,1sj0,1sj0,1sj0_pose_012,data/local_set/1sj0/poses/1sj0_pose_012.sdf,96.082954498708,lower_better,0.8461538461538461,rcsb_local_pose_ensemble,uncalibrated,0.8461538461538461,complete,her2-pose-v1,71,,0.925426822504552,130.87767189055612,30.927204224275297,0.03132125171297233,Fail,benchmark,1.0,0.03333333333333333
rcsb_local_pose_ensemble,1sj0,1sj0,1sj0_pose_013,data/local_set/1sj0/poses/1sj0_pose_013.sdf,159.08297027744194,lower_better,0.8461538461538461,rcsb_local_pose_ensemble,uncalibrated,0.8461538461538461,complete,her2-pose-v1,71,,0.9503020229224284,130.87767189055612,30.927204224275297,0.03132125171297233,Fail,benchmark,1.0,0.03333333333333333
rcsb_local_pose_ensemble,1sj0,1sj0,1sj0_pose_014,data/local_set/1sj0/poses/1sj0_pose_014.sdf,96.03077653781466,lower_better,0.8461538461538461,rcsb_local_pose_ensemble,uncalibrated,0.8461538461538461,complete,her2-pose-v1,18,,0.9254320642838544,130.87767189055612,30.927204224275297,0.03132125171297233,Review,benchmark,1.0,0.03333333333333333
rcsb_local_pose_ensemble,1sj0,1sj0,1sj0_pose_015,data/local_set/1sj0/poses/1sj0_pose_015.sdf,159.0765941634886,lower_better,0.9230769230769231,rcsb_local_pose_ensemble,uncalibrated,0.9230769230769231,complete,her2-pose-v1,1,,0.9503244274002568,130.87767189055612,30.927204224275297,0.03132125171297233,Pass,benchmark,1.0,0.03333333333333333
rcsb_local_pose_ensemble,1sj0,1sj0,1sj0_pose_016,data/local_set/1sj0/poses/1sj0_pose_016.sdf,100.4273313138119,lower_better,0.8461538461538461,rcsb_local_pose_ensemble,uncalibrated,0.8461538461538461,complete,her2-pose-v1,47,,0.9260965912795842,130.87767189055612,30.927204224275297,0.03132125171297233,Fail,benchmark,1.0,0.03333333333333333
rcsb_local_pose_ensemble,1sj0,1sj0,1sj0_pose_017,data/local_set/1sj0/poses/1sj0_pose_017.sdf,159.06621221122015,lower_better,0.9230769230769231,rcsb_local_pose_ensemble,uncalibrated,0.9230769230769231,complete,her2-pose-v1,9,,0.9503269459298982,130.87767189055612,30.927204224275297,0.03132125171297233,Pass,benchmark,1.0,0.03333333333333333
rcsb_local_pose_ensemble,1sj0,1sj0,1sj0_pose_018,data/local_set/1sj0/poses/1sj0_pose_018.sdf,92.66671195507756,lower_better,0.8461538461538461,rcsb_local_pose_ensemble,uncalibrated,0.8461538461538461,complete,her2-pose-v1,28,,0.9495250746334294,130.87767189055612,30.927204224275297,0.03132125171297233,Review,benchmark,1.0,0.03333333333333333
rcsb_local_pose_ensemble,1sj0,1sj0,1sj0_pose_019,data/local_set/1sj0/poses/1sj0_pose_019.sdf,159.06994177488363,lower_better,0.8461538461538461,rcsb_local_pose_ensemble,uncalibrated,0.8461538461538461,complete,her2-pose-v1,56,,0.95030839406084,130.87767189055612,30.927204224275297,0.03132125171297233,Fail,benchmark,1.0,0.03333333333333333
rcsb_local_pose_ensemble,1sj0,1sj0,1sj0_pose_020,data/local_set/1sj0/poses/1sj0_pose_020.sdf,105.49885797386732,lower_better,0.8461538461538461,rcsb_local_pose_ensemble,uncalibrated,0.8461538461538461,complete,her2-pose-v1,10,,0.9434181199821132,130.87767189055612,30.927204224275297,0.03132125171297233,Review,benchmark,1.0,0.03333333333333333
rcsb_local_pose_ensemble,1sj0,1sj0,1sj0_pose_021,data/local_set/1sj0/poses/1sj0_pose_021.sdf,159.04561806161763,lower_better,0.8461538461538461,rcsb_local_pose_ensemble,uncalibrated,0.8461538461538461,complete,her2-pose-v1,33,,0.9502824077868436,130.87767189055612,30.927204224275297,0.03132125171297233,Review,benchmark,1.0,0.03333333333333333
rcsb_local_pose_ensemble,1sj0,1sj0,1sj0_pose_022,data/local_set/1sj0/poses/1sj0_pose_022.sdf,99.65228306919455,lower_better,0.8461538461538461,rcsb_local_pose_ensemble,uncalibrated,0.8461538461538461,complete,her2-pose-v1,25,,0.9495138651885178,130.87767189055612,30.927204224275297,0.03132125171297233,Fail,benchmark,1.0,0.03333333333333333
rcsb_local_pose_ensemble,1sj0,1sj0,1sj0_pose_023,data/local_set/1sj0/poses/1sj0_pose_023.sdf,159.07988573437763,lower_better,0.8461538461538461,rcsb_local_pose_ensemble,uncalibrated,0.8461538461538461,complete,her2-pose-v1,27,,0.9503194976193218,130.87767189055612,30.927204224275297,0.03132125171297233,Fail,benchmark,1.0,0.03333333333333333
rcsb_local_pose_ensemble,1sj0,1sj0,1sj0_pose_024,data/local_set/1sj0/poses/1sj0_pose_024.sdf,88.41543997463653,lower_better,0.8461538461538461,rcsb_local_pose_ensemble,uncalibrated,0.8461538461538461,complete,her2-pose-v1,15,,0.9260236868254538,130.87767189055612,30.927204224275297,0.03132125171297233,Review,benchmark,1.0,0.03333333333333333
rcsb_local_pose_ensemble,1sj0,1sj0,1sj0_pose_025,data/local_set/1sj0/poses/1sj0_pose_025.sdf,159.07361042714803,lower_better,0.8461538461538461,rcsb_local_pose_ensemble,uncalibrated,0.8461538461538461,complete,her2-pose-v1,43,,0.9503113811912564,130.87767189055612,30.927204224275297,0.03132125171297233,Fail,benchmark,1.0,0.03333333333333333
rcsb_local_pose_ensemble,1sj0,1sj0,1sj0_pose_026,data/local_set/1sj0/poses/1sj0_pose_026.sdf,101.14593515249128,lower_better,0.8461538461538461,rcsb_local_pose_ensemble,uncalibrated,0.8461538461538461,complete,her2-pose-v1,39,,0.949772227832404,130.87767189055612,30.927204224275297,0.03132125171297233,Fail,benchmark,1.0,0.03333333333333333
rcsb_local_pose_ensemble,1sj0,1sj0,1sj0_pose_027,data/local_set/1sj0/poses/1sj0_pose_027.sdf,159.05932707388524,lower_better,0.9230769230769231,rcsb_local_pose_ensemble,uncalibrated,0.9230769230769231,complete,her2-pose-v1,1,,0.9503003233698254,130.87767189055612,30.927204224275297,0.03132125171297233,Pass,benchmark,1.0,0.03333333333333333
rcsb_local_pose_ensemble,1sj0,1sj0,1sj0_pose_028,data/local_set/1sj0/poses/1sj0_pose_028.sdf,98.19271206983332,lower_better,0.9230769230769231,rcsb_local_pose_ensemble,uncalibrated,0.9230769230769231,complete,her2-pose-v1,6,,0.9498885932170192,130.87767189055612,30.927204224275297,0.03132125171297233,Review,benchmark,1.0,0.03333333333333333
rcsb_local_pose_ensemble,1sj0,1sj0,1sj0_pose_029,data/local_set/1sj0/poses/1sj0_pose_029.sdf,159.06391525751934,lower_better,0.8461538461538461,rcsb_local_pose_ensemble,uncalibrated,0.8461538461538461,complete,her2-pose-v1,36,,0.9502963807411726,130.87767189055612,30.927204224275297,0.03132125171297233,Fail,benchmark,1.0,0.03333333333333333
rcsb_local_pose_ensemble,1sq5,1sq5,1sq5_pose_000,data/local_set/1sq5/poses/1sq5_pose_000.sdf,230.1300587016312,lower_better,1.0,rcsb_local_pose_ensemble,uncalibrated,1.0,complete,her2-pose-v1,0,,0.9733433140986748,198.99132103133257,34.366898495249096,0.028275026721224422,Pass,benchmark,1.0,0.1
rcsb_local_pose_ensemble,1sq5,1sq5,1sq5_pose_001,data/local_set/1sq5/poses/1sq5_pose_001.sdf,230.6887772337629,lower_better,0.8461538461538461,rcsb_local_pose_ensemble,uncalibrated,0.8461538461538461,complete,her2-pose-v1,32,,0.9733620753368922,198.99132103133257,34.366898495249096,0.028275026721224422,Review,benchmark,1.0,0.1
rcsb_local_pose_ensemble,1sq5,1sq5,1sq5_pose_002,data/local_set/1sq5/poses/1sq5_pose_002.sdf,155.31260409758883,lower_better,0.8461538461538461,rcsb_local_pose_ensemble,uncalibrated,0.8461538461538461,complete,her2-pose-v1,15,,0.8862919205128097,198.99132103133257,34.366898495249096,0.028275026721224422,Fail,benchmark,1.0,0.1
rcsb_local_pose_ensemble,1sq5,1sq5,1sq5_pose_003,data/local_set/1sq5/poses/1sq5_pose_003.sdf,230.82554715356596,lower_better,0.8461538461538461,rcsb_local_pose_ensemble,uncalibrated,0.8461538461538461,complete,her2-pose-v1,5,,0.973350166561635,198.99132103133257,34.366898495249096,0.028275026721224422,Pass,benchmark,1.0,0.1
rcsb_local_pose_ensemble,1sq5,1sq5,1sq5_pose_004,data/local_set/1sq5/poses/1sq5_pose_004.sdf,159.38534164966254,lower_better,0.8461538461538461,rcsb_local_pose_ensemble,uncalibrated,0.8461538461538461,complete,her2-pose-v1,32,,0.992337069716943,198.99132103133257,34.366898495249096,0.028275026721224422,Review,benchmark,1.0,0.1
rcsb_local_pose_ensemble,1sq5,1sq5,1sq5_pose_005,data/local_set/1sq5/poses/1sq5_pose_005.sdf,230.6644742242254,lower_better,0.8461538461538461,rcsb_local_pose_ensemble,uncalibrated,0.8461538461538461,complete,her2-pose-v1,26,,0.9733367820857004,198.99132103133257,34.366898495249096,0.028275026721224422,Review,benchmark,1.0,0.1
rcsb_local_pose_ensemble,1sq5,1sq5,1sq5_pose_006,data/local_set/1sq5/poses/1sq5_pose_006.sdf,162.07361700458864,lower_better,0.8461538461538461,rcsb_local_pose_ensemble,uncalibrated,0.8461538461538461,complete,her2-pose-v1,39,,0.99324117062496,198.99132103133257,34.366898495249096,0.028275026721224422,Review,benchmark,1.0,0.1
rcsb_local_pose_ensemble,1sq5,1sq5,1sq5_pose_007,data/local_set/1sq5/poses/1sq5_pose_007.sdf,230.14166752974876,lower_better,0.8461538461538461,rcsb_local_pose_ensemble,uncalibrated,0.8461538461538461,complete,her2-pose-v1,23,,0.9733361094770068,198.99132103133257,34.366898495249096,0.028275026721224422,Review,benchmark,1.0,0.1
rcsb_local_pose_ensemble,1sq5,1sq5,1sq5_pose_008,data/local_set/1sq5/poses/1sq5_pose_008.sdf,169.95469945213677,lower_better,0.8461538461538461,rcsb_local_pose_ensemble,uncalibrated,0.8461538461538461,complete,her2-pose-v1,31,,0.99317443399772,198.99132103133257,34.366898495249096,0.028275026721224422,Fail,benchmark,1.0,0.1
rcsb_local_pose_ensemble,1sq5,1sq5,1sq5_pose_009,data/local_set/1sq5/poses/1sq5_pose_009.sdf,230.145702836955,lower_better,1.0,rcsb_local_pose_ensemble,uncalibrated,1.0,complete,her2-pose-v1,0,,0.9733556120224626,198.99132103133257,34.366898495249096,0.028275026721224422,Pass,benchmark,1.0,0.1
rcsb_local_pose_ensemble,1sq5,1sq5,1sq5_pose_010,data/local_set/1sq5/poses/1sq5_pose_010.sdf,168.38502915408932,lower_better,0.8461538461538461,rcsb_local_pose_ensemble,uncalibrated,0.8461538461538461,complete,her2-pose-v1,62,,0.9933193114920156,198.99132103133257,34.366898495249096,0.028275026721224422,Fail,benchmark,1.0,0.1
rcsb_local_pose_ensemble,1sq5,1sq5,1sq5_pose_011,data/local_set/1sq5/poses/1sq5_pose_011.sdf,230.13134337157945,lower_better,1.0,rcsb_local_pose_ensemble,uncalibrated,1.0,complete,her2-pose-v1,0,,0.9733255149776512,198.99132103133257,34.366898495249096,0.028275026721224422,Pass,benchmark,1.0,0.1
rcsb_local_pose_ensemble,1sq5,1sq5,1sq5_pose_012,data/local_set/1sq5/poses/1sq5_pose_012.sdf,167.08467702557994,lower_better,0.8461538461538461,rcsb_local_pose_ensemble,uncalibrated,0.8461538461538461,complete,her2-pose-v1,31,,0.9902630223673556,198.99132103133257,34.366898495249096,0.028275026721224422,Review,benchmark,1.0,0.1
rcsb_local_pose_ensemble,1sq5,1sq5,1sq5_pose_013,data/local_set/1sq5/poses/1sq5_pose_013.sdf,232.83130663230136,lower_better,0.8461538461538461,rcsb_local_pose_ensemble,uncalibrated,0.8461538461538461,complete,her2-pose-v1,29,,0.973346028341193,198.99132103133257,34.366898495249096,0.028275026721224422,Fail,benchmark,1.0,0.1
rcsb_local_pose_ensemble,1sq5,1sq5,1sq5_pose_014,data/local_set/1sq5/poses/1sq5_pose_014.sdf,168.2982802617419,lower_better,0.8461538461538461,rcsb_local_pose_ensemble,uncalibrated,0.8461538461538461,complete,her2-pose-v1,18,,0.99331336266265,198.99132103133257,34.366898495249096,0.028275026721224422,Fail,benchmark,1.0,0.1
rcsb_local_pose_ensemble,1sq5,1sq5,1sq5_pose_015,data/local_set/1sq5/poses/1sq5_pose_015.sdf,230.0738112119722,lower_better,0.8461538461538461,rcsb_local_pose_ensemble,uncalibrated,0.8461538461538461,complete,her2-pose-v1,48,,0.9733654703835098,198.99132103133257,34.366898495249096,0.028275026721224422,Fail,benchmark,1.0,0.1
rcsb_local_pose_ensemble,1sq5,1sq5,1sq5_pose_016,data/local_set/1sq5/poses/1sq5_pose_016.sdf,162.9627271028516,lower_better,0.8461538461538461,rcsb_local_pose_ensemble,uncalibrated,0.8461538461538461,complete,her2-pose-v1,54,,0.993102106043124,198.99132103133257,34.366898495249096,0.028275026721224422,Fail,benchmark,1.0,0.1
rcsb_local_pose_ensemble,1sq5,1sq5,1sq5_pose_017,data/local_set/1sq5/poses/1sq5_pose_017.sdf,228.71504567265808,lower_better,0.8461538461538461,rcsb_local_pose_ensemble,uncalibrated,0.8461538461538461,complete,her2-pose-v1,64,,0.9733579342491018,198.99132103133257,34.366898495249096,0.028275026721224422,Fail,benchmark,1.0,0.1
rcsb_local_pose_ensemble,1sq5,1sq5,1sq5_pose_018,data/local_set/1sq5/poses/1sq5_pose_018.sdf,165.6293250331642,lower_better,0.8461538461538461,rcsb_local_pose_ensemble,uncalibrated,0.8461538461538461,complete,her2-pose-v1,48,,0.992306922687725,198.99132103133257,34.366898495249096,0.028275026721224422,Fail,benchmark,1.0,0.1
rcsb_local_pose_ensemble,1sq5,1sq5,1sq5_pose_019,data/local_set/1sq5/poses/1sq5_pose_019.sdf,228.77750990426725,lower_better,0.8461538461538461,rcsb_local_pose_ensemble,uncalibrated,0.8461538461538461,complete,her2-pose-v1,34,,0.9733608439547892,198.99132103133257,34.366898495249096,0.028275026721224422,Fail,benchmark,1.0,0.1
rcsb_local_pose_ensemble,1sq5,1sq5,1sq5_pose_020,data/local_set/1sq5/poses/1sq5_pose_020.sdf,169.56516271013115,lower_better,0.8461538461538461,rcsb_local_pose_ensemble,uncalibrated,0.8461538461538461,complete,her2-pose-v1,14,,0.9934582005774676,198.99132103133257,34.366898495249096,0.028275026721224422,Pass,benchmark,1.0,0.1
rcsb_local_pose_ensemble,1sq5,1sq5,1sq5_pose_021,data/local_set/1sq5/poses/1sq5_pose_021.sdf,232.7977602166572,lower_better,0.8461538461538461,rcsb_local_pose_ensemble,uncalibrated,0.8461538461538461,complete,her2-pose-v1,19,,0.9733353439767404,198.99132103133257,34.366898495249096,0.028275026721224422,Review,benchmark,1.0,0.1
rcsb_local_pose_ensemble,1sq5,1sq5,1sq5_pose_022,data/local_set/1sq5/poses/1sq5_pose_022.sdf,163.34939034973445,lower_better,0.8461538461538461,rcsb_local_pose_ensemble,uncalibrated,0.8461538461538461,complete,her2-pose-v1,39,,0.9919178888398698,198.99132103133257,34.366898495249096,0.028275026721224422,Review,benchmark,1.0,0.1
rcsb_local_pose_ensemble,1sq5,1sq5,1sq5_pose_023,data/local_set/1sq5/poses/1sq5_pose_023.sdf,230.80794002177956,lower_better,0.8461538461538461,rcsb_local_pose_ensemble,uncalibrated,0.8461538461538461,complete,her2-pose-v1,43,,0.973349651048002,198.99132103133257,34.366898495249096,0.028275026721224422,Review,benchmark,1.0,0.1
rcsb_local_pose_ensemble,1sq5,1sq5,1sq5_pose_024,data/local_set/1sq5/poses/1sq5_pose_024.sdf,156.14471766422463,lower_better,0.8461538461538461,rcsb_local_pose_ensemble,uncalibrated,0.8461538461538461,complete,her2-pose-v1,79,,0.991995756840969,198.99132103133257,34.366898495249096,0.028275026721224422,Fail,benchmark,1.0,0.1
rcsb_local_pose_ensemble,1sq5,1sq5,1sq5_pose_025,data/local_set/1sq5/poses/1sq5_pose_025.sdf,230.1059051561243,lower_better,0.8461538461538461,rcsb_local_pose_ensemble,uncalibrated,0.8461538461538461,complete,her2-pose-v1,41,,0.9733688955703816,198.99132103133257,34.366898495249096,0.028275026721224422,Fail,benchmark,1.0,0.1
rcsb_local_pose_ensemble,1sq5,1sq5,1sq5_pose_026,data/local_set/1sq5/poses/1sq5_pose_026.sdf,154.86145765052729,lower_better,0.8461538461538461,rcsb_local_pose_ensemble,uncalibrated,0.8461538461538461,complete,her2-pose-v1,40,,0.9931464484983592,198.99132103133257,34.366898495249096,0.028275026721224422,Fail,benchmark,1.0,0.1
rcsb_local_pose_ensemble,1sq5,1sq5,1sq5_pose_027,data/local_set/1sq5/poses/1sq5_pose_027.sdf,230.8198662043332,lower_better,0.8461538461538461,rcsb_local_pose_ensemble,uncalibrated,0.8461538461538461,complete,her2-pose-v1,31,,0.9733324069596524,198.99132103133257,34.366898495249096,0.028275026721224422,Review,benchmark,1.0,0.1
rcsb_local_pose_ensemble,1sq5,1sq5,1sq5_pose_028,data/local_set/1sq5/poses/1sq5_pose_028.sdf,160.02792881237798,lower_better,0.8461538461538461,rcsb_local_pose_ensemble,uncalibrated,0.8461538461538461,complete,her2-pose-v1,47,,0.992072992955837,198.99132103133257,34.366898495249096,0.028275026721224422,Fail,benchmark,1.0,0.1
rcsb_local_pose_ensemble,1sq5,1sq5,1sq5_pose_029,data/local_set/1sq5/poses/1sq5_pose_029.sdf,229.0479569000161,lower_better,0.8461538461538461,rcsb_local_pose_ensemble,uncalibrated,0.8461538461538461,complete,her2-pose-v1,37,,0.9733491744408146,198.99132103133257,34.366898495249096,0.028275026721224422,Fail,benchmark,1.0,0.1
rcsb_local_pose_ensemble,1sqn,1sqn,1sqn_pose_000,data/local_set/1sqn/poses/1sqn_pose_000.sdf,140.37174174848238,lower_better,1.0,rcsb_local_pose_ensemble,uncalibrated,1.0,complete,her2-pose-v1,0,,1.0,108.41694400632841,35.552725303136725,0.027357741227415026,Pass,benchmark,1.0,0.13333333333333333
rcsb_local_pose_ensemble,1sqn,1sqn,1sqn_pose_001,data/local_set/1sqn/poses/1sqn_pose_001.sdf,142.03147639536118,lower_better,0.8461538461538461,rcsb_local_pose_ensemble,uncalibrated,0.8461538461538461,complete,her2-pose-v1,21,,1.0,108.41694400632841,35.552725303136725,0.027357741227415026,Fail,benchmark,1.0,0.13333333333333333
rcsb_local_pose_ensemble,1sqn,1sqn,1sqn_pose_002,data/local_set/1sqn/poses/1sqn_pose_002.sdf,67.92139921623038,lower_better,0.8461538461538461,rcsb_local_pose_ensemble,uncalibrated,0.8461538461538461,complete,her2-pose-v1,31,,1.0,108.41694400632841,35.552725303136725,0.027357741227415026,Fail,benchmark,1.0,0.13333333333333333
rcsb_local_pose_ensemble,1sqn,1sqn,1sqn_pose_003,data/local_set/1sqn/poses/1sqn_pose_003.sdf,142.02297678568652,lower_better,0.8461538461538461,rcsb_local_pose_ensemble,uncalibrated,0.8461538461538461,complete,her2-pose-v1,13,,1.0,108.41694400632841,35.552725303136725,0.027357741227415026,Fail,benchmark,1.0,0.13333333333333333
rcsb_local_pose_ensemble,1sqn,1sqn,1sqn_pose_004,data/local_set/1sqn/poses/1sqn_pose_004.sdf,72.63071135519479,lower_better,0.8461538461538461,rcsb_local_pose_ensemble,uncalibrated,0.8461538461538461,complete,her2-pose-v1,22,,1.0,108.41694400632841,35.552725303136725,0.027357741227415026,Fail,benchmark,1.0,0.13333333333333333
rcsb_local_pose_ensemble,1sqn,1sqn,1sqn_pose_005,data/local_set/1sqn/poses/1sqn_pose_005.sdf,140.3619428461288,lower_better,0.9230769230769231,rcsb_local_pose_ensemble,uncalibrated,0.9230769230769231,complete,her2-pose-v1,2,,1.0,108.41694400632841,35.552725303136725,0.027357741227415026,Pass,benchmark,1.0,0.13333333333333333
rcsb_local_pose_ensemble,1sqn,1sqn,1sqn_pose_006,data/local_set/1sqn/poses/1sqn_pose_006.sdf,75.94691788318104,lower_better,0.8461538461538461,rcsb_local_pose_ensemble,uncalibrated,0.8461538461538461,complete,her2-pose-v1,5,,1.0,108.41694400632841,35.552725303136725,0.027357741227415026,Pass,benchmark,1.0,0.13333333333333333
rcsb_local_pose_ensemble,1sqn,1sqn,1sqn_pose_007,data/local_set/1sqn/poses/1sqn_pose_007.sdf,140.9029972648591,lower_better,0.8461538461538461,rcsb_local_pose_ensemble,uncalibrated,0.8461538461538461,complete,her2-pose-v1,8,,1.0,108.41694400632841,35.552725303136725,0.027357741227415026,Fail,benchmark,1.0,0.13333333333333333
rcsb_local_pose_ensemble,1sqn,1sqn,1sqn_pose_008,data/local_set/1sqn/poses/1sqn_pose_008.sdf,72.95720931402434,lower_better,0.8461538461538461,rcsb_local_pose_ensemble,uncalibrated,0.8461538461538461,complete,her2-pose-v1,24,,1.0,108.41694400632841,35.552725303136725,0.027357741227415026,Fail,benchmark,1.0,0.13333333333333333
rcsb_local_pose_ensemble,1sqn,1sqn,1sqn_pose_009,data/local_set/1sqn/poses/1sqn_pose_009.sdf,140.35958806928087,lower_better,0.8461538461538461,rcsb_local_pose_ensemble,uncalibrated,0.8461538461538461,complete,her2-pose-v1,8,,1.0,108.41694400632841,35.552725303136725,0.027357741227415026,Review,benchmark,1.0,0.13333333333333333
rcsb_local_pose_ensemble,1sqn,1sqn,1sqn_pose_010,data/local_set/1sqn/poses/1sqn_pose_010.sdf,64.93635362897288,lower_better,0.8461538461538461,rcsb_local_pose_ensemble,uncalibrated,0.8461538461538461,complete,her2-pose-v1,14,,1.0,108.41694400632841,35.552725303136725,0.027357741227415026,Review,benchmark,1.0,0.13333333333333333
rcsb_local_pose_ensemble,1sqn,1sqn,1sqn_pose_011,data/local_set/1sqn/poses/1sqn_pose_011.sdf,142.0316099083701,lower_better,0.8461538461538461,rcsb_local_pose_ensemble,uncalibrated,0.8461538461538461,complete,her2-pose-v1,28,,1.0,108.41694400632841,35.552725303136725,0.027357741227415026,Review,benchmark,1.0,0.13333333333333333
rcsb_local_pose_ensemble,1sqn,1sqn,1sqn_pose_012,data/local_set/1sqn/poses/1sqn_pose_012.sdf,72.81592146728825,lower_better,0.8461538461538461,rcsb_local_pose_ensemble,uncalibrated,0.8461538461538461,complete,her2-pose-v1,28,,1.0,108.41694400632841,35.552725303136725,0.027357741227415026,Fail,benchmark,1.0,0.13333333333333333
rcsb_local_pose_ensemble,1sqn,1sqn,1sqn_pose_013,data/local_set/1sqn/poses/1sqn_pose_013.sdf,140.37725243417074,lower_better,1.0,rcsb_local_pose_ensemble,uncalibrated,1.0,complete,her2-pose-v1,0,,1.0,108.41694400632841,35.552725303136725,0.027357741227415026,Pass,benchmark,1.0,0.13333333333333333
rcsb_local_pose_ensemble,1sqn,1sqn,1sqn_pose_014,data/local_set/1sqn/poses/1sqn_pose_014.sdf,67.67742349137211,lower_better,0.8461538461538461,rcsb_local_pose_ensemble,uncalibrated,0.8461538461538461,complete,her2-pose-v1,13,,1.0,108.41694400632841,35.552725303136725,0.027357741227415026,Review,benchmark,1.0,0.13333333333333333
rcsb_local_pose_ensemble,1sqn,1sqn,1sqn_pose_015,data/local_set/1sqn/poses/1sqn_pose_015.sdf,140.36283640873978,lower_better,0.8461538461538461,rcsb_local_pose_ensemble,uncalibrated,0.8461538461538461,complete,her2-pose-v1,27,,1.0,108.41694400632841,35.552725303136725,0.027357741227415026,Fail,benchmark,1.0,0.13333333333333333
rcsb_local_pose_ensemble,1sqn,1sqn,1sqn_pose_016,data/local_set/1sqn/poses/1sqn_pose_016.sdf,75.81494077163237,lower_better,0.8461538461538461,rcsb_local_pose_ensemble,uncalibrated,0.8461538461538461,complete,her2-pose-v1,23,,1.0,108.41694400632841,35.552725303136725,0.027357741227415026,Review,benchmark,1.0,0.13333333333333333
rcsb_local_pose_ensemble,1sqn,1sqn,1sqn_pose_017,data/local_set/1sqn/poses/1sqn_pose_017.sdf,140.38723860737846,lower_better,1.0,rcsb_local_pose_ensemble,uncalibrated,1.0,complete,her2-pose-v1,0,,1.0,108.41694400632841,35.552725303136725,0.027357741227415026,Pass,benchmark,1.0,0.13333333333333333
rcsb_local_pose_ensemble,1sqn,1sqn,1sqn_pose_018,data/local_set/1sqn/poses/1sqn_pose_018.sdf,64.73739192712469,lower_better,0.8461538461538461,rcsb_local_pose_ensemble,uncalibrated,0.8461538461538461,complete,her2-pose-v1,12,,1.0,108.41694400632841,35.552725303136725,0.027357741227415026,Fail,benchmark,1.0,0.13333333333333333
rcsb_local_pose_ensemble,1sqn,1sqn,1sqn_pose_019,data/local_set/1sqn/poses/1sqn_pose_019.sdf,140.36757092221623,lower_better,1.0,rcsb_local_pose_ensemble,uncalibrated,1.0,complete,her2-pose-v1,0,,1.0,108.41694400632841,35.552725303136725,0.027357741227415026,Pass,benchmark,1.0,0.13333333333333333
rcsb_local_pose_ensemble,1sqn,1sqn,1sqn_pose_020,data/local_set/1sqn/poses/1sqn_pose_020.sdf,68.0401458943742,lower_better,0.8461538461538461,rcsb_local_pose_ensemble,uncalibrated,0.8461538461538461,complete,her2-pose-v1,27,,1.0,108.41694400632841,35.552725303136725,0.027357741227415026,Fail,benchmark,1.0,0.13333333333333333
rcsb_local_pose_ensemble,1sqn,1sqn,1sqn_pose_021,data/local_set/1sqn/poses/1sqn_pose_021.sdf,140.87740824553936,lower_better,0.8461538461538461,rcsb_local_pose_ensemble,uncalibrated,0.8461538461538461,complete,her2-pose-v1,25,,1.0,108.41694400632841,35.552725303136725,0.027357741227415026,Review,benchmark,1.0,0.13333333333333333
rcsb_local_pose_ensemble,1sqn,1sqn,1sqn_pose_022,data/local_set/1sqn/poses/1sqn_pose_022.sdf,67.92038471694342,lower_better,0.8461538461538461,rcsb_local_pose_ensemble,uncalibrated,0.8461538461538461,complete,her2-pose-v1,12,,1.0,108.41694400632841,35.552725303136725,0.027357741227415026,Review,benchmark,1.0,0.13333333333333333
rcsb_local_pose_ensemble,1sqn,1sqn,1sqn_pose_023,data/local_set/1sqn/poses/1sqn_pose_023.sdf,140.8890716589724,lower_better,0.8461538461538461,rcsb_local_pose_ensemble,uncalibrated,0.8461538461538461,complete,her2-pose-v1,26,,1.0,108.41694400632841,35.552725303136725,0.027357741227415026,Fail,benchmark,1.0,0.13333333333333333
rcsb_local_pose_ensemble,1sqn,1sqn,1sqn_pose_024,data/local_set/1sqn/poses/1sqn_pose_024.sdf,92.94122860656282,lower_better,0.8461538461538461,rcsb_local_pose_ensemble,uncalibrated,0.8461538461538461,complete,her2-pose-v1,19,,1.0,108.41694400632841,35.552725303136725,0.027357741227415026,Fail,benchmark,1.0,0.13333333333333333
rcsb_local_pose_ensemble,1sqn,1sqn,1sqn_pose_025,data/local_set/1sqn/poses/1sqn_pose_025.sdf,140.90291043654713,lower_better,0.8461538461538461,rcsb_local_pose_ensemble,uncalibrated,0.8461538461538461,complete,her2-pose-v1,15,,1.0,108.41694400632841,35.552725303136725,0.027357741227415026,Fail,benchmark,1.0,0.13333333333333333
rcsb_local_pose_ensemble,1sqn,1sqn,1sqn_pose_026,data/local_set/1sqn/poses/1sqn_pose_026.sdf,67.29705028508359,lower_better,0.8461538461538461,rcsb_local_pose_ensemble,uncalibrated,0.8461538461538461,complete,her2-pose-v1,15,,1.0,108.41694400632841,35.552725303136725,0.027357741227415026,Fail,benchmark,1.0,0.13333333333333333
rcsb_local_pose_ensemble,1sqn,1sqn,1sqn_pose_027,data/local_set/1sqn/poses/1sqn_pose_027.sdf,140.35117348446343,lower_better,0.8461538461538461,rcsb_local_pose_ensemble,uncalibrated,0.8461538461538461,complete,her2-pose-v1,13,,1.0,108.41694400632841,35.552725303136725,0.027357741227415026,Review,benchmark,1.0,0.13333333333333333
rcsb_local_pose_ensemble,1sqn,1sqn,1sqn_pose_028,data/local_set/1sqn/poses/1sqn_pose_028.sdf,67.92071037508657,lower_better,0.8461538461538461,rcsb_local_pose_ensemble,uncalibrated,0.8461538461538461,complete,her2-pose-v1,22,,1.0,108.41694400632841,35.552725303136725,0.027357741227415026,Fail,benchmark,1.0,0.13333333333333333
rcsb_local_pose_ensemble,1sqn,1sqn,1sqn_pose_029,data/local_set/1sqn/poses/1sqn_pose_029.sdf,140.35273604058446,lower_better,0.8461538461538461,rcsb_local_pose_ensemble,uncalibrated,0.8461538461538461,complete,her2-pose-v1,14,,1.0,108.41694400632841,35.552725303136725,0.027357741227415026,Fail,benchmark,1.0,0.13333333333333333
rcsb_local_pose_ensemble,1t40,1t40,1t40_pose_000,data/local_set/1t40/poses/1t40_pose_000.sdf,405.8595377623987,lower_better,1.0,rcsb_local_pose_ensemble,uncalibrated,1.0,complete,her2-pose-v1,0,,0.9677904288925284,342.9403659921218,68.11258588144271,0.014469144617384489,Pass,benchmark,1.0,0.03333333333333333
rcsb_local_pose_ensemble,1t40,1t40,1t40_pose_001,data/local_set/1t40/poses/1t40_pose_001.sdf,403.5163435733328,lower_better,0.8461538461538461,rcsb_local_pose_ensemble,uncalibrated,0.8461538461538461,complete,her2-pose-v1,96,,0.9677673996649808,342.9403659921218,68.11258588144271,0.014469144617384489,Fail,benchmark,1.0,0.03333333333333333
rcsb_local_pose_ensemble,1t40,1t40,1t40_pose_002,data/local_set/1t40/poses/1t40_pose_002.sdf,273.81016036058276,lower_better,0.8461538461538461,rcsb_local_pose_ensemble,uncalibrated,0.8461538461538461,complete,her2-pose-v1,155,,0.9800348527797922,342.9403659921218,68.11258588144271,0.014469144617384489,Fail,benchmark,1.0,0.03333333333333333
rcsb_local_pose_ensemble,1t40,1t40,1t40_pose_003,data/local_set/1t40/poses/1t40_pose_003.sdf,404.2675243028356,lower_better,0.8461538461538461,rcsb_local_pose_ensemble,uncalibrated,0.8461538461538461,complete,her2-pose-v1,91,,0.967808524053166,342.9403659921218,68.11258588144271,0.014469144617384489,Fail,benchmark,1.0,0.03333333333333333
rcsb_local_pose_ensemble,1t40,1t40,1t40_pose_004,data/local_set/1t40/poses/1t40_pose_004.sdf,262.85657905483265,lower_better,0.8461538461538461,rcsb_local_pose_ensemble,uncalibrated,0.8461538461538461,complete,her2-pose-v1,41,,0.9075237439311532,342.9403659921218,68.11258588144271,0.014469144617384489,Review,benchmark,1.0,0.03333333333333333
rcsb_local_pose_ensemble,1t40,1t40,1t40_pose_005,data/local_set/1t40/poses/1t40_pose_005.sdf,406.1891694449006,lower_better,0.8461538461538461,rcsb_local_pose_ensemble,uncalibrated,0.8461538461538461,complete,her2-pose-v1,89,,0.9677809088926408,342.9403659921218,68.11258588144271,0.014469144617384489,Fail,benchmark,1.0,0.03333333333333333
rcsb_local_pose_ensemble,1t40,1t40,1t40_pose_006,data/local_set/1t40/poses/1t40_pose_006.sdf,280.7279142383195,lower_better,0.8461538461538461,rcsb_local_pose_ensemble,uncalibrated,0.8461538461538461,complete,her2-pose-v1,157,,0.8542237003136326,342.9403659921218,68.11258588144271,0.014469144617384489,Fail,benchmark,1.0,0.03333333333333333
rcsb_local_pose_ensemble,1t40,1t40,1t40_pose_007,data/local_set/1t40/poses/1t40_pose_007.sdf,406.1687536786667,lower_better,0.8461538461538461,rcsb_local_pose_ensemble,uncalibrated,0.8461538461538461,complete,her2-pose-v1,90,,0.9677773848345976,342.9403659921218,68.11258588144271,0.014469144617384489,Fail,benchmark,1.0,0.03333333333333333
rcsb_local_pose_ensemble,1t40,1t40,1t40_pose_008,data/local_set/1t40/poses/1t40_pose_008.sdf,276.1649482054192,lower_better,0.8461538461538461,rcsb_local_pose_ensemble,uncalibrated,0.8461538461538461,complete,her2-pose-v1,159,,0.8602024427166987,342.9403659921218,68.11258588144271,0.014469144617384489,Fail,benchmark,1.0,0.03333333333333333
rcsb_local_pose_ensemble,1t40,1t40,1t40_pose_009,data/local_set/1t40/poses/1t40_pose_009.sdf,406.4810374795171,lower_better,0.8461538461538461,rcsb_local_pose_ensemble,uncalibrated,0.8461538461538461,complete,her2-pose-v1,154,,0.967787438177556,342.9403659921218,68.11258588144271,0.014469144617384489,Fail,benchmark,1.0,0.03333333333333333
rcsb_local_pose_ensemble,1t40,1t40,1t40_pose_010,data/local_set/1t40/poses/1t40_pose_010.sdf,281.2137095055473,lower_better,0.8461538461538461,rcsb_local_pose_ensemble,uncalibrated,0.8461538461538461,complete,her2-pose-v1,140,,0.8515355667061614,342.9403659921218,68.11258588144271,0.014469144617384489,Fail,benchmark,1.0,0.03333333333333333
rcsb_local_pose_ensemble,1t40,1t40,1t40_pose_011,data/local_set/1t40/poses/1t40_pose_011.sdf,405.82574268757895,lower_better,0.8461538461538461,rcsb_local_pose_ensemble,uncalibrated,0.8461538461538461,complete,her2-pose-v1,138,,0.9677900708458874,342.9403659921218,68.11258588144271,0.014469144617384489,Fail,benchmark,1.0,0.03333333333333333
rcsb_local_pose_ensemble,1t40,1t40,1t40_pose_012,data/local_set/1t40/poses/1t40_pose_012.sdf,251.7348655065633,lower_better,0.8461538461538461,rcsb_local_pose_ensemble,uncalibrated,0.8461538461538461,complete,her2-pose-v1,22,,0.9904704758764984,342.9403659921218,68.11258588144271,0.014469144617384489,Review,benchmark,1.0,0.03333333333333333
rcsb_local_pose_ensemble,1t40,1t40,1t40_pose_013,data/local_set/1t40/poses/1t40_pose_013.sdf,406.470384931778,lower_better,0.8461538461538461,rcsb_local_pose_ensemble,uncalibrated,0.8461538461538461,complete,her2-pose-v1,100,,0.9677967328571804,342.9403659921218,68.11258588144271,0.014469144617384489,Fail,benchmark,1.0,0.03333333333333333
rcsb_local_pose_ensemble,1t40,1t40,1t40_pose_014,data/local_set/1t40/poses/1t40_pose_014.sdf,288.2007373396369,lower_better,0.8461538461538461,rcsb_local_pose_ensemble,uncalibrated,0.8461538461538461,complete,her2-pose-v1,110,,0.8953122116309632,342.9403659921218,68.11258588144271,0.014469144617384489,Fail,benchmark,1.0,0.03333333333333333
rcsb_local_pose_ensemble,1t40,1t40,1t40_pose_015,data/local_set/1t40/poses/1t40_pose_015.sdf,404.8021746463774,lower_better,0.8461538461538461,rcsb_local_pose_ensemble,uncalibrated,0.8461538461538461,complete,her2-pose-v1,157,,0.967797436042914,342.9403659921218,68.11258588144271,0.014469144617384489,Fail,benchmark,1.0,0.03333333333333333
rcsb_local_pose_ensemble,1t40,1t40,1t40_pose_016,data/local_set/1t40/poses/1t40_pose_016.sdf,279.03196744099824,lower_better,0.8461538461538461,rcsb_local_pose_ensemble,uncalibrated,0.8461538461538461,complete,her2-pose-v1,32,,0.9008545276569352,342.9403659921218,68.11258588144271,0.014469144617384489,Review,benchmark,1.0,0.03333333333333333
rcsb_local_pose_ensemble,1t40,1t40,1t40_pose_017,data/local_set/1t40/poses/1t40_pose_017.sdf,406.4622972447774,lower_better,0.8461538461538461,rcsb_local_pose_ensemble,uncalibrated,0.8461538461538461,complete,her2-pose-v1,120,,0.9677741596785474,342.9403659921218,68.11258588144271,0.014469144617384489,Fail,benchmark,1.0,0.03333333333333333
rcsb_local_pose_ensemble,1t40,1t40,1t40_pose_018,data/local_set/1t40/poses/1t40_pose_018.sdf,262.53716241689943,lower_better,0.8461538461538461,rcsb_local_pose_ensemble,uncalibrated,0.8461538461538461,complete,her2-pose-v1,114,,0.9833209364216076,342.9403659921218,68.11258588144271,0.014469144617384489,Fail,benchmark,1.0,0.03333333333333333
rcsb_local_pose_ensemble,1t40,1t40,1t40_pose_019,data/local_set/1t40/poses/1t40_pose_019.sdf,404.7623899586051,lower_better,0.8461538461538461,rcsb_local_pose_ensemble,uncalibrated,0.8461538461538461,complete,her2-pose-v1,88,,0.967791244442715,342.9403659921218,68.11258588144271,0.014469144617384489,Fail,benchmark,1.0,0.03333333333333333
rcsb_local_pose_ensemble,1t40,1t40,1t40_pose_020,data/local_set/1t40/poses/1t40_pose_020.sdf,272.0743440270311,lower_better,0.8461538461538461,rcsb_local_pose_ensemble,uncalibrated,0.8461538461538461,complete,her2-pose-v1,131,,0.9226035201453628,342.9403659921218,68.11258588144271,0.014469144617384489,Fail,benchmark,1.0,0.03333333333333333
rcsb_local_pose_ensemble,1t40,1t40,1t40_pose_021,data/local_set/1t40/poses/1t40_pose_021.sdf,404.859494054388,lower_better,0.8461538461538461,rcsb_local_pose_ensemble,uncalibrated,0.8461538461538461,complete,her2-pose-v1,111,,0.9678022180149148,342.9403659921218,68.11258588144271,0.014469144617384489,Fail,benchmark,1.0,0.03333333333333333
rcsb_local_pose_ensemble,1t40,1t40,1t40_pose_022,data/local_set/1t40/poses/1t40_pose_022.sdf,272.59381764272894,lower_better,0.8461538461538461,rcsb_local_pose_ensemble,uncalibrated,0.8461538461538461,complete,her2-pose-v1,106,,0.9826419322195228,342.9403659921218,68.11258588144271,0.014469144617384489,Fail,benchmark,1.0,0.03333333333333333
rcsb_local_pose_ensemble,1t40,1t40,1t40_pose_023,data/local_set/1t40/poses/1t40_pose_023.sdf,406.44835790736573,lower_better,0.8461538461538461,rcsb_local_pose_ensemble,uncalibrated,0.8461538461538461,complete,her2-pose-v1,42,,0.9678223563358708,342.9403659921218,68.11258588144271,0.014469144617384489,Review,benchmark,1.0,0.03333333333333333
rcsb_local_pose_ensemble,1t40,1t40,1t40_pose_024,data/local_set/1t40/poses/1t40_pose_024.sdf,277.08595625088606,lower_better,0.8461538461538461,rcsb_local_pose_ensemble,uncalibrated,0.8461538461538461,complete,her2-pose-v1,95,,0.7781848225878861,342.9403659921218,68.11258588144271,0.014469144617384489,Fail,benchmark,1.0,0.03333333333333333
rcsb_local_pose_ensemble,1t40,1t40,1t40_pose_025,data/local_set/1t40/poses/1t40_pose_025.sdf,404.79113311998486,lower_better,0.8461538461538461,rcsb_local_pose_ensemble,uncalibrated,0.8461538461538461,complete,her2-pose-v1,93,,0.9678044974401324,342.9403659921218,68.11258588144271,0.014469144617384489,Fail,benchmark,1.0,0.03333333333333333
rcsb_local_pose_ensemble,1t40,1t40,1t40_pose_026,data/local_set/1t40/poses/1t40_pose_026.sdf,264.0884161410277,lower_better,0.8461538461538461,rcsb_local_pose_ensemble,uncalibrated,0.8461538461538461,complete,her2-pose-v1,117,,0.815838884417618,342.9403659921218,68.11258588144271,0.014469144617384489,Fail,benchmark,1.0,0.03333333333333333
rcsb_local_pose_ensemble,1t40,1t40,1t40_pose_027,data/local_set/1t40/poses/1t40_pose_027.sdf,404.309524050248,lower_better,0.8461538461538461,rcsb_local_pose_ensemble,uncalibrated,0.8461538461538461,complete,her2-pose-v1,88,,0.9677798901159292,342.9403659921218,68.11258588144271,0.014469144617384489,Fail,benchmark,1.0,0.03333333333333333
rcsb_local_pose_ensemble,1t40,1t40,1t40_pose_028,data/local_set/1t40/poses/1t40_pose_028.sdf,261.58419470572215,lower_better,0.8461538461538461,rcsb_local_pose_ensemble,uncalibrated,0.8461538461538461,complete,her2-pose-v1,104,,0.8440251240274743,342.9403659921218,68.11258588144271,0.014469144617384489,Fail,benchmark,1.0,0.03333333333333333
rcsb_local_pose_ensemble,1t40,1t40,1t40_pose_029,data/local_set/1t40/poses/1t40_pose_029.sdf,403.292342084705,lower_better,0.8461538461538461,rcsb_local_pose_ensemble,uncalibrated,0.8461538461538461,complete,her2-pose-v1,110,,0.9678082789087132,342.9403659921218,68.11258588144271,0.014469144617384489,Fail,benchmark,1.0,0.03333333333333333
rcsb_local_pose_ensemble,1t46,1t46,1t46_pose_000,data/local_set/1t46/poses/1t46_pose_000.sdf,138.88975266610842,lower_better,1.0,rcsb_local_pose_ensemble,uncalibrated,1.0,complete,her2-pose-v1,0,,0.992290705303265,136.3611438168277,3.7870510214160498,0.20889687524245182,Pass,benchmark,1.0,0.1
rcsb_local_pose_ensemble,1t46,1t46,1t46_pose_001,data/local_set/1t46/poses/1t46_pose_001.sdf,138.89306864755474,lower_better,0.8461538461538461,rcsb_local_pose_ensemble,uncalibrated,0.8461538461538461,complete,her2-pose-v1,12,,0.9922885316842668,136.3611438168277,3.7870510214160498,0.20889687524245182,Pass,benchmark,1.0,0.1
rcsb_local_pose_ensemble,1t46,1t46,1t46_pose_002,data/local_set/1t46/poses/1t46_pose_002.sdf,139.79100618604826,lower_better,0.8461538461538461,rcsb_local_pose_ensemble,uncalibrated,0.8461538461538461,complete,her2-pose-v1,87,,0.988632585787142,136.3611438168277,3.7870510214160498,0.20889687524245182,Fail,benchmark,1.0,0.1
rcsb_local_pose_ensemble,1t46,1t46,1t46_pose_003,data/local_set/1t46/poses/1t46_pose_003.sdf,138.8984728183751,lower_better,0.8461538461538461,rcsb_local_pose_ensemble,uncalibrated,0.8461538461538461,complete,her2-pose-v1,128,,0.9922648565847888,136.3611438168277,3.7870510214160498,0.20889687524245182,Fail,benchmark,1.0,0.1
rcsb_local_pose_ensemble,1t46,1t46,1t46_pose_004,data/local_set/1t46/poses/1t46_pose_004.sdf,136.07898964920105,lower_better,0.8461538461538461,rcsb_local_pose_ensemble,uncalibrated,0.8461538461538461,complete,her2-pose-v1,105,,0.9905267973798998,136.3611438168277,3.7870510214160498,0.20889687524245182,Fail,benchmark,1.0,0.1
rcsb_local_pose_ensemble,1t46,1t46,1t46_pose_005,data/local_set/1t46/poses/1t46_pose_005.sdf,138.88086079632944,lower_better,0.8461538461538461,rcsb_local_pose_ensemble,uncalibrated,0.8461538461538461,complete,her2-pose-v1,78,,0.9922686845016953,136.3611438168277,3.7870510214160498,0.20889687524245182,Fail,benchmark,1.0,0.1
rcsb_local_pose_ensemble,1t46,1t46,1t46_pose_006,data/local_set/1t46/poses/1t46_pose_006.sdf,130.72607488127085,lower_better,0.8461538461538461,rcsb_local_pose_ensemble,uncalibrated,0.8461538461538461,complete,her2-pose-v1,120,,0.9884630851588102,136.3611438168277,3.7870510214160498,0.20889687524245182,Fail,benchmark,1.0,0.1
rcsb_local_pose_ensemble,1t46,1t46,1t46_pose_007,data/local_set/1t46/poses/1t46_pose_007.sdf,138.9008922596417,lower_better,1.0,rcsb_local_pose_ensemble,uncalibrated,1.0,complete,her2-pose-v1,0,,0.9922818579371612,136.3611438168277,3.7870510214160498,0.20889687524245182,Pass,benchmark,1.0,0.1
rcsb_local_pose_ensemble,1t46,1t46,1t46_pose_008,data/local_set/1t46/poses/1t46_pose_008.sdf,129.07955677699815,lower_better,0.8461538461538461,rcsb_local_pose_ensemble,uncalibrated,0.8461538461538461,complete,her2-pose-v1,50,,0.987946685451892,136.3611438168277,3.7870510214160498,0.20889687524245182,Review,benchmark,1.0,0.1
rcsb_local_pose_ensemble,1t46,1t46,1t46_pose_009,data/local_set/1t46/poses/1t46_pose_009.sdf,138.90299364552985,lower_better,1.0,rcsb_local_pose_ensemble,uncalibrated,1.0,complete,her2-pose-v1,0,,0.9922810221356516,136.3611438168277,3.7870510214160498,0.20889687524245182,Pass,benchmark,1.0,0.1
rcsb_local_pose_ensemble,1t46,1t46,1t46_pose_010,data/local_set/1t46/poses/1t46_pose_010.sdf,134.60257219747172,lower_better,0.8461538461538461,rcsb_local_pose_ensemble,uncalibrated,0.8461538461538461,complete,her2-pose-v1,124,,0.9890809544701316,136.3611438168277,3.7870510214160498,0.20889687524245182,Fail,benchmark,1.0,0.1
rcsb_local_pose_ensemble,1t46,1t46,1t46_pose_011,data/local_set/1t46/poses/1t46_pose_011.sdf,138.87904152362267,lower_better,0.8461538461538461,rcsb_local_pose_ensemble,uncalibrated,0.8461538461538461,complete,her2-pose-v1,79,,0.9922831377074854,136.3611438168277,3.7870510214160498,0.20889687524245182,Fail,benchmark,1.0,0.1
rcsb_local_pose_ensemble,1t46,1t46,1t46_pose_012,data/local_set/1t46/poses/1t46_pose_012.sdf,137.43548005577588,lower_better,0.8461538461538461,rcsb_local_pose_ensemble,uncalibrated,0.8461538461538461,complete,her2-pose-v1,87,,0.9889507816769956,136.3611438168277,3.7870510214160498,0.20889687524245182,Fail,benchmark,1.0,0.1
rcsb_local_pose_ensemble,1t46,1t46,1t46_pose_013,data/local_set/1t46/poses/1t46_pose_013.sdf,138.8904018479439,lower_better,0.9230769230769231,rcsb_local_pose_ensemble,uncalibrated,0.9230769230769231,complete,her2-pose-v1,10,,0.9922959305801184,136.3611438168277,3.7870510214160498,0.20889687524245182,Pass,benchmark,1.0,0.1
rcsb_local_pose_ensemble,1t46,1t46,1t46_pose_014,data/local_set/1t46/poses/1t46_pose_014.sdf,135.8070391845787,lower_better,0.8461538461538461,rcsb_local_pose_ensemble,uncalibrated,0.8461538461538461,complete,her2-pose-v1,36,,0.988522070913503,136.3611438168277,3.7870510214160498,0.20889687524245182,Review,benchmark,1.0,0.1
rcsb_local_pose_ensemble,1t46,1t46,1t46_pose_015,data/local_set/1t46/poses/1t46_pose_015.sdf,138.89198416397937,lower_better,0.8461538461538461,rcsb_local_pose_ensemble,uncalibrated,0.8461538461538461,complete,her2-pose-v1,122,,0.9922907787709526,136.3611438168277,3.7870510214160498,0.20889687524245182,Fail,benchmark,1.0,0.1
rcsb_local_pose_ensemble,1t46,1t46,1t46_pose_016,data/local_set/1t46/poses/1t46_pose_016.sdf,127.5104302065912,lower_better,0.8461538461538461,rcsb_local_pose_ensemble,uncalibrated,0.8461538461538461,complete,her2-pose-v1,63,,0.9891434286666948,136.3611438168277,3.7870510214160498,0.20889687524245182,Review,benchmark,1.0,0.1
rcsb_local_pose_ensemble,1t46,1t46,1t46_pose_017,data/local_set/1t46/poses/1t46_pose_017.sdf,138.88101867525194,lower_better,0.8461538461538461,rcsb_local_pose_ensemble,uncalibrated,0.8461538461538461,complete,her2-pose-v1,84,,0.9922799224789062,136.3611438168277,3.7870510214160498,0.20889687524245182,Fail,benchmark,1.0,0.1
rcsb_local_pose_ensemble,1t46,1t46,1t46_pose_018,data/local_set/1t46/poses/1t46_pose_018.sdf,131.09895846903038,lower_better,0.8461538461538461,rcsb_local_pose_ensemble,uncalibrated,0.8461538461538461,complete,her2-pose-v1,72,,0.9911019187738956,136.3611438168277,3.7870510214160498,0.20889687524245182,Fail,benchmark,1.0,0.1
rcsb_local_pose_ensemble,1t46,1t46,1t46_pose_019,data/local_set/1t46/poses/1t46_pose_019.sdf,138.87948798266132,lower_better,0.8461538461538461,rcsb_local_pose_ensemble,uncalibrated,0.8461538461538461,complete,her2-pose-v1,107,,0.9922975531791998,136.3611438168277,3.7870510214160498,0.20889687524245182,Fail,benchmark,1.0,0.1
rcsb_local_pose_ensemble,1t46,1t46,1t46_pose_020,data/local_set/1t46/poses/1t46_pose_020.sdf,127.90406206517744,lower_better,0.8461538461538461,rcsb_local_pose_ensemble,uncalibrated,0.8461538461538461,complete,her2-pose-v1,38,,0.98897001504306,136.3611438168277,3.7870510214160498,0.20889687524245182,Review,benchmark,1.0,0.1
rcsb_local_pose_ensemble,1t46,1t46,1t46_pose_021,data/local_set/1t46/poses/1t46_pose_021.sdf,138.89633508980728,lower_better,0.8461538461538461,rcsb_local_pose_ensemble,uncalibrated,0.8461538461538461,complete,her2-pose-v1,118,,0.9923125312865696,136.3611438168277,3.7870510214160498,0.20889687524245182,Fail,benchmark,1.0,0.1
rcsb_local_pose_ensemble,1t46,1t46,1t46_pose_022,data/local_set/1t46/poses/1t46_pose_022.sdf,137.7037493534908,lower_better,0.8461538461538461,rcsb_local_pose_ensemble,uncalibrated,0.8461538461538461,complete,her2-pose-v1,100,,0.988441499739675,136.3611438168277,3.7870510214160498,0.20889687524245182,Fail,benchmark,1.0,0.1
rcsb_local_pose_ensemble,1t46,1t46,1t46_pose_023,data/local_set/1t46/poses/1t46_pose_023.sdf,138.89273917946107,lower_better,0.8461538461538461,rcsb_local_pose_ensemble,uncalibrated,0.8461538461538461,complete,her2-pose-v1,94,,0.992291228661662,136.3611438168277,3.7870510214160498,0.20889687524245182,Fail,benchmark,1.0,0.1
rcsb_local_pose_ensemble,1t46,1t46,1t46_pose_024,data/local_set/1t46/poses/1t46_pose_024.sdf,135.19296878895503,lower_better,0.8461538461538461,rcsb_local_pose_ensemble,uncalibrated,0.8461538461538461,complete,her2-pose-v1,6,,0.9902535655300329,136.3611438168277,3.7870510214160498,0.20889687524245182,Pass,benchmark,1.0,0.1
rcsb_local_pose_ensemble,1t46,1t46,1t46_pose_025,data/local_set/1t46/poses/1t46_pose_025.sdf,138.88614681054236,lower_better,0.8461538461538461,rcsb_local_pose_ensemble,uncalibrated,0.8461538461538461,complete,her2-pose-v1,85,,0.9922705453277052,136.3611438168277,3.7870510214160498,0.20889687524245182,Review,benchmark,1.0,0.1
rcsb_local_pose_ensemble,1t46,1t46,1t46_pose_026,data/local_set/1t46/poses/1t46_pose_026.sdf,130.9976401319872,lower_better,0.8461538461538461,rcsb_local_pose_ensemble,uncalibrated,0.8461538461538461,complete,her2-pose-v1,90,,0.9891128593614672,136.3611438168277,3.7870510214160498,0.20889687524245182,Fail,benchmark,1.0,0.1
rcsb_local_pose_ensemble,1t46,1t46,1t46_pose_027,data/local_set/1t46/poses/1t46_pose_027.sdf,138.89957895358904,lower_better,0.8461538461538461,rcsb_local_pose_ensemble,uncalibrated,0.8461538461538461,complete,her2-pose-v1,84,,0.9922911314947664,136.3611438168277,3.7870510214160498,0.20889687524245182,Fail,benchmark,1.0,0.1
rcsb_local_pose_ensemble,1t46,1t46,1t46_pose_028,data/local_set/1t46/poses/1t46_pose_028.sdf,134.6588745972621,lower_better,0.8461538461538461,rcsb_local_pose_ensemble,uncalibrated,0.8461538461538461,complete,her2-pose-v1,54,,0.9910509986539466,136.3611438168277,3.7870510214160498,0.20889687524245182,Fail,benchmark,1.0,0.1
rcsb_local_pose_ensemble,1t46,1t46,1t46_pose_029,data/local_set/1t46/poses/1t46_pose_029.sdf,138.88413690059443,lower_better,0.8461538461538461,rcsb_local_pose_ensemble,uncalibrated,0.8461538461538461,complete,her2-pose-v1,84,,0.9922860124448066,136.3611438168277,3.7870510214160498,0.20889687524245182,Fail,benchmark,1.0,0.1
rcsb_local_pose_ensemble,1t9b,1t9b,1t9b_pose_000,data/local_set/1t9b/poses/1t9b_pose_000.sdf,470.1134431048373,lower_better,1.0,rcsb_local_pose_ensemble,uncalibrated,1.0,complete,her2-pose-v1,0,,0.9398048504697644,377.7918338619553,99.18637217066163,0.009981397452904658,Pass,benchmark,1.0,0.03333333333333333
rcsb_local_pose_ensemble,1t9b,1t9b,1t9b_pose_001,data/local_set/1t9b/poses/1t9b_pose_001.sdf,466.0089642183152,lower_better,0.8461538461538461,rcsb_local_pose_ensemble,uncalibrated,0.8461538461538461,complete,her2-pose-v1,102,,0.939784650179247,377.7918338619553,99.18637217066163,0.009981397452904658,Fail,benchmark,1.0,0.03333333333333333
rcsb_local_pose_ensemble,1t9b,1t9b,1t9b_pose_002,data/local_set/1t9b/poses/1t9b_pose_002.sdf,279.36320432576116,lower_better,0.8461538461538461,rcsb_local_pose_ensemble,uncalibrated,0.8461538461538461,complete,her2-pose-v1,162,,0.9612943224105986,377.7918338619553,99.18637217066163,0.009981397452904658,Fail,benchmark,1.0,0.03333333333333333
rcsb_local_pose_ensemble,1t9b,1t9b,1t9b_pose_003,data/local_set/1t9b/poses/1t9b_pose_003.sdf,467.2686351350961,lower_better,0.8461538461538461,rcsb_local_pose_ensemble,uncalibrated,0.8461538461538461,complete,her2-pose-v1,125,,0.9398180028914248,377.7918338619553,99.18637217066163,0.009981397452904658,Fail,benchmark,1.0,0.03333333333333333
rcsb_local_pose_ensemble,1t9b,1t9b,1t9b_pose_004,data/local_set/1t9b/poses/1t9b_pose_004.sdf,270.8774461923766,lower_better,0.8461538461538461,rcsb_local_pose_ensemble,uncalibrated,0.8461538461538461,complete,her2-pose-v1,123,,0.9819843980568036,377.7918338619553,99.18637217066163,0.009981397452904658,Fail,benchmark,1.0,0.03333333333333333
rcsb_local_pose_ensemble,1t9b,1t9b,1t9b_pose_005,data/local_set/1t9b/poses/1t9b_pose_005.sdf,469.23239693394714,lower_better,0.8461538461538461,rcsb_local_pose_ensemble,uncalibrated,0.8461538461538461,complete,her2-pose-v1,141,,0.9397944967625252,377.7918338619553,99.18637217066163,0.009981397452904658,Fail,benchmark,1.0,0.03333333333333333
rcsb_local_pose_ensemble,1t9b,1t9b,1t9b_pose_006,data/local_set/1t9b/poses/1t9b_pose_006.sdf,282.1657572615329,lower_better,0.8461538461538461,rcsb_local_pose_ensemble,uncalibrated,0.8461538461538461,complete,her2-pose-v1,88,,0.9280668492051632,377.7918338619553,99.18637217066163,0.009981397452904658,Fail,benchmark,1.0,0.03333333333333333
rcsb_local_pose_ensemble,1t9b,1t9b,1t9b_pose_007,data/local_set/1t9b/poses/1t9b_pose_007.sdf,468.47693592209305,lower_better,0.8461538461538461,rcsb_local_pose_ensemble,uncalibrated,0.8461538461538461,complete,her2-pose-v1,128,,0.9397967916385987,377.7918338619553,99.18637217066163,0.009981397452904658,Fail,benchmark,1.0,0.03333333333333333
rcsb_local_pose_ensemble,1t9b,1t9b,1t9b_pose_008,data/local_set/1t9b/poses/1t9b_pose_008.sdf,269.80001229610775,lower_better,0.8461538461538461,rcsb_local_pose_ensemble,uncalibrated,0.8461538461538461,complete,her2-pose-v1,64,,0.8815645596556133,377.7918338619553,99.18637217066163,0.009981397452904658,Review,benchmark,1.0,0.03333333333333333
rcsb_local_pose_ensemble,1t9b,1t9b,1t9b_pose_009,data/local_set/1t9b/poses/1t9b_pose_009.sdf,468.99259962414345,lower_better,0.8461538461538461,rcsb_local_pose_ensemble,uncalibrated,0.8461538461538461,complete,her2-pose-v1,102,,0.9398251725726768,377.7918338619553,99.18637217066163,0.009981397452904658,Fail,benchmark,1.0,0.03333333333333333
rcsb_local_pose_ensemble,1t9b,1t9b,1t9b_pose_010,data/local_set/1t9b/poses/1t9b_pose_010.sdf,276.7590268679976,lower_better,0.8461538461538461,rcsb_local_pose_ensemble,uncalibrated,0.8461538461538461,complete,her2-pose-v1,110,,0.971897628559528,377.7918338619553,99.18637217066163,0.009981397452904658,Fail,benchmark,1.0,0.03333333333333333
rcsb_local_pose_ensemble,1t9b,1t9b,1t9b_pose_011,data/local_set/1t9b/poses/1t9b_pose_011.sdf,471.2910287155962,lower_better,0.8461538461538461,rcsb_local_pose_ensemble,uncalibrated,0.8461538461538461,complete,her2-pose-v1,97,,0.9398062836798023,377.7918338619553,99.18637217066163,0.009981397452904658,Fail,benchmark,1.0,0.03333333333333333
rcsb_local_pose_ensemble,1t9b,1t9b,1t9b_pose_012,data/local_set/1t9b/poses/1t9b_pose_012.sdf,276.2667142137349,lower_better,0.8461538461538461,rcsb_local_pose_ensemble,uncalibrated,0.8461538461538461,complete,her2-pose-v1,83,,0.8977985441059799,377.7918338619553,99.18637217066163,0.009981397452904658,Fail,benchmark,1.0,0.03333333333333333
rcsb_local_pose_ensemble,1t9b,1t9b,1t9b_pose_013,data/local_set/1t9b/poses/1t9b_pose_013.sdf,470.6146694595945,lower_better,0.8461538461538461,rcsb_local_pose_ensemble,uncalibrated,0.8461538461538461,complete,her2-pose-v1,133,,0.9398231501404584,377.7918338619553,99.18637217066163,0.009981397452904658,Fail,benchmark,1.0,0.03333333333333333
rcsb_local_pose_ensemble,1t9b,1t9b,1t9b_pose_014,data/local_set/1t9b/poses/1t9b_pose_014.sdf,275.71009347007043,lower_better,0.8461538461538461,rcsb_local_pose_ensemble,uncalibrated,0.8461538461538461,complete,her2-pose-v1,131,,0.900073841415246,377.7918338619553,99.18637217066163,0.009981397452904658,Fail,benchmark,1.0,0.03333333333333333
rcsb_local_pose_ensemble,1t9b,1t9b,1t9b_pose_015,data/local_set/1t9b/poses/1t9b_pose_015.sdf,470.62965216740855,lower_better,0.8461538461538461,rcsb_local_pose_ensemble,uncalibrated,0.8461538461538461,complete,her2-pose-v1,138,,0.93979380990717,377.7918338619553,99.18637217066163,0.009981397452904658,Fail,benchmark,1.0,0.03333333333333333
rcsb_local_pose_ensemble,1t9b,1t9b,1t9b_pose_016,data/local_set/1t9b/poses/1t9b_pose_016.sdf,283.672282077833,lower_better,0.8461538461538461,rcsb_local_pose_ensemble,uncalibrated,0.8461538461538461,complete,her2-pose-v1,67,,0.8547829330555667,377.7918338619553,99.18637217066163,0.009981397452904658,Review,benchmark,1.0,0.03333333333333333
rcsb_local_pose_ensemble,1t9b,1t9b,1t9b_pose_017,data/local_set/1t9b/poses/1t9b_pose_017.sdf,469.8961180957986,lower_better,0.8461538461538461,rcsb_local_pose_ensemble,uncalibrated,0.8461538461538461,complete,her2-pose-v1,133,,0.939807332447158,377.7918338619553,99.18637217066163,0.009981397452904658,Fail,benchmark,1.0,0.03333333333333333
rcsb_local_pose_ensemble,1t9b,1t9b,1t9b_pose_018,data/local_set/1t9b/poses/1t9b_pose_018.sdf,274.4503089278533,lower_better,0.8461538461538461,rcsb_local_pose_ensemble,uncalibrated,0.8461538461538461,complete,her2-pose-v1,104,,0.9743517833964188,377.7918338619553,99.18637217066163,0.009981397452904658,Fail,benchmark,1.0,0.03333333333333333
rcsb_local_pose_ensemble,1t9b,1t9b,1t9b_pose_019,data/local_set/1t9b/poses/1t9b_pose_019.sdf,467.6532564000847,lower_better,0.8461538461538461,rcsb_local_pose_ensemble,uncalibrated,0.8461538461538461,complete,her2-pose-v1,172,,0.9398121623381508,377.7918338619553,99.18637217066163,0.009981397452904658,Fail,benchmark,1.0,0.03333333333333333
rcsb_local_pose_ensemble,1t9b,1t9b,1t9b_pose_020,data/local_set/1t9b/poses/1t9b_pose_020.sdf,266.14494579209406,lower_better,0.8461538461538461,rcsb_local_pose_ensemble,uncalibrated,0.8461538461538461,complete,her2-pose-v1,165,,0.9866601849032796,377.7918338619553,99.18637217066163,0.009981397452904658,Fail,benchmark,1.0,0.03333333333333333
rcsb_local_pose_ensemble,1t9b,1t9b,1t9b_pose_021,data/local_set/1t9b/poses/1t9b_pose_021.sdf,466.39819148917854,lower_better,0.8461538461538461,rcsb_local_pose_ensemble,uncalibrated,0.8461538461538461,complete,her2-pose-v1,164,,0.9398278528784444,377.7918338619553,99.18637217066163,0.009981397452904658,Fail,benchmark,1.0,0.03333333333333333
rcsb_local_pose_ensemble,1t9b,1t9b,1t9b_pose_022,data/local_set/1t9b/poses/1t9b_pose_022.sdf,282.94457289415845,lower_better,0.8461538461538461,rcsb_local_pose_ensemble,uncalibrated,0.8461538461538461,complete,her2-pose-v1,161,,0.8740312579984626,377.7918338619553,99.18637217066163,0.009981397452904658,Fail,benchmark,1.0,0.03333333333333333
rcsb_local_pose_ensemble,1t9b,1t9b,1t9b_pose_023,data/local_set/1t9b/poses/1t9b_pose_023.sdf,470.5429525095784,lower_better,0.8461538461538461,rcsb_local_pose_ensemble,uncalibrated,0.8461538461538461,complete,her2-pose-v1,134,,0.9397937461009074,377.7918338619553,99.18637217066163,0.009981397452904658,Fail,benchmark,1.0,0.03333333333333333
rcsb_local_pose_ensemble,1t9b,1t9b,1t9b_pose_024,data/local_set/1t9b/poses/1t9b_pose_024.sdf,254.2918929483143,lower_better,0.8461538461538461,rcsb_local_pose_ensemble,uncalibrated,0.8461538461538461,complete,her2-pose-v1,98,,0.9900834470585246,377.7918338619553,99.18637217066163,0.009981397452904658,Fail,benchmark,1.0,0.03333333333333333
rcsb_local_pose_ensemble,1t9b,1t9b,1t9b_pose_025,data/local_set/1t9b/poses/1t9b_pose_025.sdf,467.2657276808221,lower_better,0.8461538461538461,rcsb_local_pose_ensemble,uncalibrated,0.8461538461538461,complete,her2-pose-v1,147,,0.9397955777141944,377.7918338619553,99.18637217066163,0.009981397452904658,Fail,benchmark,1.0,0.03333333333333333
rcsb_local_pose_ensemble,1t9b,1t9b,1t9b_pose_026,data/local_set/1t9b/poses/1t9b_pose_026.sdf,269.38312177290373,lower_better,0.8461538461538461,rcsb_local_pose_ensemble,uncalibrated,0.8461538461538461,complete,her2-pose-v1,140,,0.8910543979102918,377.7918338619553,99.18637217066163,0.009981397452904658,Fail,benchmark,1.0,0.03333333333333333
rcsb_local_pose_ensemble,1t9b,1t9b,1t9b_pose_027,data/local_set/1t9b/poses/1t9b_pose_027.sdf,470.02456774850555,lower_better,0.8461538461538461,rcsb_local_pose_ensemble,uncalibrated,0.8461538461538461,complete,her2-pose-v1,129,,0.9398057753810942,377.7918338619553,99.18637217066163,0.009981397452904658,Fail,benchmark,1.0,0.03333333333333333
rcsb_local_pose_ensemble,1t9b,1t9b,1t9b_pose_028,data/local_set/1t9b/poses/1t9b_pose_028.sdf,269.87413937458376,lower_better,0.8461538461538461,rcsb_local_pose_ensemble,uncalibrated,0.8461538461538461,complete,her2-pose-v1,131,,0.8813789622688256,377.7918338619553,99.18637217066163,0.009981397452904658,Fail,benchmark,1.0,0.03333333333333333
rcsb_local_pose_ensemble,1t9b,1t9b,1t9b_pose_029,data/local_set/1t9b/poses/1t9b_pose_029.sdf,467.642358238337,lower_better,0.8461538461538461,rcsb_local_pose_ensemble,uncalibrated,0.8461538461538461,complete,her2-pose-v1,96,,0.9397841059439288,377.7918338619553,99.18637217066163,0.009981397452904658,Fail,benchmark,1.0,0.03333333333333333
rcsb_local_pose_ensemble,1tow,1tow,1tow_pose_000,data/local_set/1tow/poses/1tow_pose_000.sdf,116.83596754849565,lower_better,1.0,rcsb_local_pose_ensemble,uncalibrated,1.0,complete,her2-pose-v1,0,,1.0,104.08466555059006,13.886814608130342,0.06717353754468441,Pass,benchmark,1.0,0.16666666666666666
rcsb_local_pose_ensemble,1tow,1tow,1tow_pose_001,data/local_set/1tow/poses/1tow_pose_001.sdf,116.84562502977288,lower_better,0.8461538461538461,rcsb_local_pose_ensemble,uncalibrated,0.8461538461538461,complete,her2-pose-v1,17,,1.0,104.08466555059006,13.886814608130342,0.06717353754468441,Review,benchmark,1.0,0.16666666666666666
rcsb_local_pose_ensemble,1tow,1tow,1tow_pose_002,data/local_set/1tow/poses/1tow_pose_002.sdf,87.7851648010336,lower_better,0.8461538461538461,rcsb_local_pose_ensemble,uncalibrated,0.8461538461538461,complete,her2-pose-v1,13,,1.0,104.08466555059006,13.886814608130342,0.06717353754468441,Fail,benchmark,1.0,0.16666666666666666
rcsb_local_pose_ensemble,1tow,1tow,1tow_pose_003,data/local_set/1tow/poses/1tow_pose_003.sdf,116.82770389963804,lower_better,0.8461538461538461,rcsb_local_pose_ensemble,uncalibrated,0.8461538461538461,complete,her2-pose-v1,20,,1.0,104.08466555059006,13.886814608130342,0.06717353754468441,Review,benchmark,1.0,0.16666666666666666
rcsb_local_pose_ensemble,1tow,1tow,1tow_pose_004,data/local_set/1tow/poses/1tow_pose_004.sdf,87.78679571204827,lower_better,0.8461538461538461,rcsb_local_pose_ensemble,uncalibrated,0.8461538461538461,complete,her2-pose-v1,12,,1.0,104.08466555059006,13.886814608130342,0.06717353754468441,Review,benchmark,1.0,0.16666666666666666
rcsb_local_pose_ensemble,1tow,1tow,1tow_pose_005,data/local_set/1tow/poses/1tow_pose_005.sdf,116.83803152053191,lower_better,0.8461538461538461,rcsb_local_pose_ensemble,uncalibrated,0.8461538461538461,complete,her2-pose-v1,18,,1.0,104.08466555059006,13.886814608130342,0.06717353754468441,Fail,benchmark,1.0,0.16666666666666666
rcsb_local_pose_ensemble,1tow,1tow,1tow_pose_006,data/local_set/1tow/poses/1tow_pose_006.sdf,87.79107541262485,lower_better,1.0,rcsb_local_pose_ensemble,uncalibrated,1.0,complete,her2-pose-v1,0,,1.0,104.08466555059006,13.886814608130342,0.06717353754468441,Pass,benchmark,1.0,0.16666666666666666
rcsb_local_pose_ensemble,1tow,1tow,1tow_pose_007,data/local_set/1tow/poses/1tow_pose_007.sdf,116.82004539259098,lower_better,1.0,rcsb_local_pose_ensemble,uncalibrated,1.0,complete,her2-pose-v1,0,,1.0,104.08466555059006,13.886814608130342,0.06717353754468441,Pass,benchmark,1.0,0.16666666666666666
rcsb_local_pose_ensemble,1tow,1tow,1tow_pose_008,data/local_set/1tow/poses/1tow_pose_008.sdf,89.79804252809744,lower_better,0.8461538461538461,rcsb_local_pose_ensemble,uncalibrated,0.8461538461538461,complete,her2-pose-v1,14,,1.0,104.08466555059006,13.886814608130342,0.06717353754468441,Fail,benchmark,1.0,0.16666666666666666
rcsb_local_pose_ensemble,1tow,1tow,1tow_pose_009,data/local_set/1tow/poses/1tow_pose_009.sdf,116.8276039209028,lower_better,0.8461538461538461,rcsb_local_pose_ensemble,uncalibrated,0.8461538461538461,complete,her2-pose-v1,18,,1.0,104.08466555059006,13.886814608130342,0.06717353754468441,Review,benchmark,1.0,0.16666666666666666
rcsb_local_pose_ensemble,1tow,1tow,1tow_pose_010,data/local_set/1tow/poses/1tow_pose_010.sdf,90.44275045665492,lower_better,0.9230769230769231,rcsb_local_pose_ensemble,uncalibrated,0.9230769230769231,complete,her2-pose-v1,2,,1.0,104.08466555059006,13.886814608130342,0.06717353754468441,Review,benchmark,1.0,0.16666666666666666
rcsb_local_pose_ensemble,1tow,1tow,1tow_pose_011,data/local_set/1tow/poses/1tow_pose_011.sdf,116.84563938421188,lower_better,1.0,rcsb_local_pose_ensemble,uncalibrated,1.0,complete,her2-pose-v1,0,,1.0,104.08466555059006,13.886814608130342,0.06717353754468441,Pass,benchmark,1.0,0.16666666666666666
rcsb_local_pose_ensemble,1tow,1tow,1tow_pose_012,data/local_set/1tow/poses/1tow_pose_012.sdf,90.43157772654926,lower_better,0.8461538461538461,rcsb_local_pose_ensemble,uncalibrated,0.8461538461538461,complete,her2-pose-v1,13,,1.0,104.08466555059006,13.886814608130342,0.06717353754468441,Review,benchmark,1.0,0.16666666666666666
rcsb_local_pose_ensemble,1tow,1tow,1tow_pose_013,data/local_set/1tow/poses/1tow_pose_013.sdf,116.83070655111364,lower_better,0.8461538461538461,rcsb_local_pose_ensemble,uncalibrated,0.8461538461538461,complete,her2-pose-v1,27,,1.0,104.08466555059006,13.886814608130342,0.06717353754468441,Review,benchmark,1.0,0.16666666666666666
rcsb_local_pose_ensemble,1tow,1tow,1tow_pose_014,data/local_set/1tow/poses/1tow_pose_014.sdf,88.7715134474705,lower_better,0.8461538461538461,rcsb_local_pose_ensemble,uncalibrated,0.8461538461538461,complete,her2-pose-v1,19,,1.0,104.08466555059006,13.886814608130342,0.06717353754468441,Review,benchmark,1.0,0.16666666666666666
rcsb_local_pose_ensemble,1tow,1tow,1tow_pose_015,data/local_set/1tow/poses/1tow_pose_015.sdf,116.8412403014715,lower_better,0.8461538461538461,rcsb_local_pose_ensemble,uncalibrated,0.8461538461538461,complete,her2-pose-v1,15,,1.0,104.08466555059006,13.886814608130342,0.06717353754468441,Review,benchmark,1.0,0.16666666666666666
rcsb_local_pose_ensemble,1tow,1tow,1tow_pose_016,data/local_set/1tow/poses/1tow_pose_016.sdf,90.43677208315732,lower_better,0.8461538461538461,rcsb_local_pose_ensemble,uncalibrated,0.8461538461538461,complete,her2-pose-v1,14,,1.0,104.08466555059006,13.886814608130342,0.06717353754468441,Fail,benchmark,1.0,0.16666666666666666
rcsb_local_pose_ensemble,1tow,1tow,1tow_pose_017,data/local_set/1tow/poses/1tow_pose_017.sdf,116.84479214454612,lower_better,0.8461538461538461,rcsb_local_pose_ensemble,uncalibrated,0.8461538461538461,complete,her2-pose-v1,18,,1.0,104.08466555059006,13.886814608130342,0.06717353754468441,Review,benchmark,1.0,0.16666666666666666
rcsb_local_pose_ensemble,1tow,1tow,1tow_pose_018,data/local_set/1tow/poses/1tow_pose_018.sdf,90.424399724764,lower_better,0.8461538461538461,rcsb_local_pose_ensemble,uncalibrated,0.8461538461538461,complete,her2-pose-v1,47,,1.0,104.08466555059006,13.886814608130342,0.06717353754468441,Fail,benchmark,1.0,0.16666666666666666
rcsb_local_pose_ensemble,1tow,1tow,1tow_pose_019,data/local_set/1tow/poses/1tow_pose_019.sdf,116.83518777101855,lower_better,0.9230769230769231,rcsb_local_pose_ensemble,uncalibrated,0.9230769230769231,complete,her2-pose-v1,3,,1.0,104.08466555059006,13.886814608130342,0.06717353754468441,Review,benchmark,1.0,0.16666666666666666
rcsb_local_pose_ensemble,1tow,1tow,1tow_pose_020,data/local_set/1tow/poses/1tow_pose_020.sdf,87.79518433141898,lower_better,0.8461538461538461,rcsb_local_pose_ensemble,uncalibrated,0.8461538461538461,complete,her2-pose-v1,34,,1.0,104.08466555059006,13.886814608130342,0.06717353754468441,Fail,benchmark,1.0,0.16666666666666666
rcsb_local_pose_ensemble,1tow,1tow,1tow_pose_021,data/local_set/1tow/poses/1tow_pose_021.sdf,116.8085032508558,lower_better,0.8461538461538461,rcsb_local_pose_ensemble,uncalibrated,0.8461538461538461,complete,her2-pose-v1,8,,1.0,104.08466555059006,13.886814608130342,0.06717353754468441,Pass,benchmark,1.0,0.16666666666666666
rcsb_local_pose_ensemble,1tow,1tow,1tow_pose_022,data/local_set/1tow/poses/1tow_pose_022.sdf,90.43338339193096,lower_better,0.8461538461538461,rcsb_local_pose_ensemble,uncalibrated,0.8461538461538461,complete,her2-pose-v1,5,,1.0,104.08466555059006,13.886814608130342,0.06717353754468441,Review,benchmark,1.0,0.16666666666666666
rcsb_local_pose_ensemble,1tow,1tow,1tow_pose_023,data/local_set/1tow/poses/1tow_pose_023.sdf,116.83908815397824,lower_better,1.0,rcsb_local_pose_ensemble,uncalibrated,1.0,complete,her2-pose-v1,0,,1.0,104.08466555059006,13.886814608130342,0.06717353754468441,Pass,benchmark,1.0,0.16666666666666666
rcsb_local_pose_ensemble,1tow,1tow,1tow_pose_024,data/local_set/1tow/poses/1tow_pose_024.sdf,90.43333983509768,lower_better,0.9230769230769231,rcsb_local_pose_ensemble,uncalibrated,0.9230769230769231,complete,her2-pose-v1,1,,1.0,104.08466555059006,13.886814608130342,0.06717353754468441,Pass,benchmark,1.0,0.16666666666666666
rcsb_local_pose_ensemble,1tow,1tow,1tow_pose_025,data/local_set/1tow/poses/1tow_pose_025.sdf,116.8225692300171,lower_better,0.8461538461538461,rcsb_local_pose_ensemble,uncalibrated,0.8461538461538461,complete,her2-pose-v1,9,,1.0,104.08466555059006,13.886814608130342,0.06717353754468441,Review,benchmark,1.0,0.16666666666666666
rcsb_local_pose_ensemble,1tow,1tow,1tow_pose_026,data/local_set/1tow/poses/1tow_pose_026.sdf,90.42939219556877,lower_better,0.8461538461538461,rcsb_local_pose_ensemble,uncalibrated,0.8461538461538461,complete,her2-pose-v1,25,,1.0,104.08466555059006,13.886814608130342,0.06717353754468441,Fail,benchmark,1.0,0.16666666666666666
rcsb_local_pose_ensemble,1tow,1tow,1tow_pose_027,data/local_set/1tow/poses/1tow_pose_027.sdf,116.84443118049968,lower_better,0.8461538461538461,rcsb_local_pose_ensemble,uncalibrated,0.8461538461538461,complete,her2-pose-v1,6,,1.0,104.08466555059006,13.886814608130342,0.06717353754468441,Review,benchmark,1.0,0.16666666666666666
rcsb_local_pose_ensemble,1tow,1tow,1tow_pose_028,data/local_set/1tow/poses/1tow_pose_028.sdf,90.43313462915836,lower_better,0.8461538461538461,rcsb_local_pose_ensemble,uncalibrated,0.8461538461538461,complete,her2-pose-v1,11,,1.0,104.08466555059006,13.886814608130342,0.06717353754468441,Review,benchmark,1.0,0.16666666666666666
rcsb_local_pose_ensemble,1tow,1tow,1tow_pose_029,data/local_set/1tow/poses/1tow_pose_029.sdf,116.84030496248228,lower_better,0.9230769230769231,rcsb_local_pose_ensemble,uncalibrated,0.9230769230769231,complete,her2-pose-v1,1,,1.0,104.08466555059006,13.886814608130342,0.06717353754468441,Pass,benchmark,1.0,0.16666666666666666
rcsb_local_pose_ensemble,1tt1,1tt1,1tt1_pose_000,data/local_set/1tt1/poses/1tt1_pose_000.sdf,86.8133507057896,lower_better,1.0,rcsb_local_pose_ensemble,uncalibrated,1.0,complete,her2-pose-v1,0,,1.0,68.74232495613005,18.969365099141708,0.050076704744257516,Pass,benchmark,1.0,0.1
rcsb_local_pose_ensemble,1tt1,1tt1,1tt1_pose_001,data/local_set/1tt1/poses/1tt1_pose_001.sdf,86.8173886003094,lower_better,0.8461538461538461,rcsb_local_pose_ensemble,uncalibrated,0.8461538461538461,complete,her2-pose-v1,15,,1.0,68.74232495613005,18.969365099141708,0.050076704744257516,Review,benchmark,1.0,0.1
rcsb_local_pose_ensemble,1tt1,1tt1,1tt1_pose_002,data/local_set/1tt1/poses/1tt1_pose_002.sdf,45.90475299678797,lower_better,0.8461538461538461,rcsb_local_pose_ensemble,uncalibrated,0.8461538461538461,complete,her2-pose-v1,17,,1.0,68.74232495613005,18.969365099141708,0.050076704744257516,Review,benchmark,1.0,0.1
rcsb_local_pose_ensemble,1tt1,1tt1,1tt1_pose_003,data/local_set/1tt1/poses/1tt1_pose_003.sdf,86.8114206291467,lower_better,1.0,rcsb_local_pose_ensemble,uncalibrated,1.0,complete,her2-pose-v1,0,,1.0,68.74232495613005,18.969365099141708,0.050076704744257516,Pass,benchmark,1.0,0.1
rcsb_local_pose_ensemble,1tt1,1tt1,1tt1_pose_004,data/local_set/1tt1/poses/1tt1_pose_004.sdf,44.96495799908195,lower_better,0.8461538461538461,rcsb_local_pose_ensemble,uncalibrated,0.8461538461538461,complete,her2-pose-v1,15,,1.0,68.74232495613005,18.969365099141708,0.050076704744257516,Fail,benchmark,1.0,0.1
rcsb_local_pose_ensemble,1tt1,1tt1,1tt1_pose_005,data/local_set/1tt1/poses/1tt1_pose_005.sdf,85.78143140415736,lower_better,0.8461538461538461,rcsb_local_pose_ensemble,uncalibrated,0.8461538461538461,complete,her2-pose-v1,10,,1.0,68.74232495613005,18.969365099141708,0.050076704744257516,Fail,benchmark,1.0,0.1
rcsb_local_pose_ensemble,1tt1,1tt1,1tt1_pose_006,data/local_set/1tt1/poses/1tt1_pose_006.sdf,53.419979538635815,lower_better,0.9230769230769231,rcsb_local_pose_ensemble,uncalibrated,0.9230769230769231,complete,her2-pose-v1,4,,0.9862651188663922,68.74232495613005,18.969365099141708,0.050076704744257516,Pass,benchmark,1.0,0.1
rcsb_local_pose_ensemble,1tt1,1tt1,1tt1_pose_007,data/local_set/1tt1/poses/1tt1_pose_007.sdf,85.77357698811298,lower_better,0.9230769230769231,rcsb_local_pose_ensemble,uncalibrated,0.9230769230769231,complete,her2-pose-v1,1,,1.0,68.74232495613005,18.969365099141708,0.050076704744257516,Review,benchmark,1.0,0.1
rcsb_local_pose_ensemble,1tt1,1tt1,1tt1_pose_008,data/local_set/1tt1/poses/1tt1_pose_008.sdf,48.594324647147715,lower_better,0.8461538461538461,rcsb_local_pose_ensemble,uncalibrated,0.8461538461538461,complete,her2-pose-v1,8,,0.9885160732049924,68.74232495613005,18.969365099141708,0.050076704744257516,Review,benchmark,1.0,0.1
rcsb_local_pose_ensemble,1tt1,1tt1,1tt1_pose_009,data/local_set/1tt1/poses/1tt1_pose_009.sdf,85.79218393226834,lower_better,0.8461538461538461,rcsb_local_pose_ensemble,uncalibrated,0.8461538461538461,complete,her2-pose-v1,24,,1.0,68.74232495613005,18.969365099141708,0.050076704744257516,Fail,benchmark,1.0,0.1
rcsb_local_pose_ensemble,1tt1,1tt1,1tt1_pose_010,data/local_set/1tt1/poses/1tt1_pose_010.sdf,49.55119146450145,lower_better,0.9230769230769231,rcsb_local_pose_ensemble,uncalibrated,0.9230769230769231,complete,her2-pose-v1,1,,1.0,68.74232495613005,18.969365099141708,0.050076704744257516,Review,benchmark,1.0,0.1
rcsb_local_pose_ensemble,1tt1,1tt1,1tt1_pose_011,data/local_set/1tt1/poses/1tt1_pose_011.sdf,86.81799628402463,lower_better,0.8461538461538461,rcsb_local_pose_ensemble,uncalibrated,0.8461538461538461,complete,her2-pose-v1,13,,1.0,68.74232495613005,18.969365099141708,0.050076704744257516,Review,benchmark,1.0,0.1
rcsb_local_pose_ensemble,1tt1,1tt1,1tt1_pose_012,data/local_set/1tt1/poses/1tt1_pose_012.sdf,44.87531267443693,lower_better,0.8461538461538461,rcsb_local_pose_ensemble,uncalibrated,0.8461538461538461,complete,her2-pose-v1,7,,1.0,68.74232495613005,18.969365099141708,0.050076704744257516,Review,benchmark,1.0,0.1
rcsb_local_pose_ensemble,1tt1,1tt1,1tt1_pose_013,data/local_set/1tt1/poses/1tt1_pose_013.sdf,86.78305049786384,lower_better,0.8461538461538461,rcsb_local_pose_ensemble,uncalibrated,0.8461538461538461,complete,her2-pose-v1,9,,1.0,68.74232495613005,18.969365099141708,0.050076704744257516,Review,benchmark,1.0,0.1
rcsb_local_pose_ensemble,1tt1,1tt1,1tt1_pose_014,data/local_set/1tt1/poses/1tt1_pose_014.sdf,48.62444102200003,lower_better,0.9230769230769231,rcsb_local_pose_ensemble,uncalibrated,0.9230769230769231,complete,her2-pose-v1,2,,1.0,68.74232495613005,18.969365099141708,0.050076704744257516,Pass,benchmark,1.0,0.1
rcsb_local_pose_ensemble,1tt1,1tt1,1tt1_pose_015,data/local_set/1tt1/poses/1tt1_pose_015.sdf,85.76982276310963,lower_better,0.9230769230769231,rcsb_local_pose_ensemble,uncalibrated,0.9230769230769231,complete,her2-pose-v1,1,,1.0,68.74232495613005,18.969365099141708,0.050076704744257516,Pass,benchmark,1.0,0.1
rcsb_local_pose_ensemble,1tt1,1tt1,1tt1_pose_016,data/local_set/1tt1/poses/1tt1_pose_016.sdf,47.88637872298079,lower_better,0.8461538461538461,rcsb_local_pose_ensemble,uncalibrated,0.8461538461538461,complete,her2-pose-v1,5,,0.9912331942932688,68.74232495613005,18.969365099141708,0.050076704744257516,Fail,benchmark,1.0,0.1
rcsb_local_pose_ensemble,1tt1,1tt1,1tt1_pose_017,data/local_set/1tt1/poses/1tt1_pose_017.sdf,85.79248813040458,lower_better,0.8461538461538461,rcsb_local_pose_ensemble,uncalibrated,0.8461538461538461,complete,her2-pose-v1,16,,1.0,68.74232495613005,18.969365099141708,0.050076704744257516,Fail,benchmark,1.0,0.1
rcsb_local_pose_ensemble,1tt1,1tt1,1tt1_pose_018,data/local_set/1tt1/poses/1tt1_pose_018.sdf,46.49145402308584,lower_better,0.8461538461538461,rcsb_local_pose_ensemble,uncalibrated,0.8461538461538461,complete,her2-pose-v1,13,,1.0,68.74232495613005,18.969365099141708,0.050076704744257516,Review,benchmark,1.0,0.1
rcsb_local_pose_ensemble,1tt1,1tt1,1tt1_pose_019,data/local_set/1tt1/poses/1tt1_pose_019.sdf,85.80529741174755,lower_better,0.8461538461538461,rcsb_local_pose_ensemble,uncalibrated,0.8461538461538461,complete,her2-pose-v1,13,,1.0,68.74232495613005,18.969365099141708,0.050076704744257516,Review,benchmark,1.0,0.1
rcsb_local_pose_ensemble,1tt1,1tt1,1tt1_pose_020,data/local_set/1tt1/poses/1tt1_pose_020.sdf,48.90992967025227,lower_better,0.9230769230769231,rcsb_local_pose_ensemble,uncalibrated,0.9230769230769231,complete,her2-pose-v1,2,,1.0,68.74232495613005,18.969365099141708,0.050076704744257516,Pass,benchmark,1.0,0.1
rcsb_local_pose_ensemble,1tt1,1tt1,1tt1_pose_021,data/local_set/1tt1/poses/1tt1_pose_021.sdf,85.78776780855841,lower_better,1.0,rcsb_local_pose_ensemble,uncalibrated,1.0,complete,her2-pose-v1,0,,1.0,68.74232495613005,18.969365099141708,0.050076704744257516,Pass,benchmark,1.0,0.1
rcsb_local_pose_ensemble,1tt1,1tt1,1tt1_pose_022,data/local_set/1tt1/poses/1tt1_pose_022.sdf,52.69662014816437,lower_better,0.8461538461538461,rcsb_local_pose_ensemble,uncalibrated,0.8461538461538461,complete,her2-pose-v1,9,,1.0,68.74232495613005,18.969365099141708,0.050076704744257516,Fail,benchmark,1.0,0.1
rcsb_local_pose_ensemble,1tt1,1tt1,1tt1_pose_023,data/local_set/1tt1/poses/1tt1_pose_023.sdf,85.76415078733089,lower_better,0.8461538461538461,rcsb_local_pose_ensemble,uncalibrated,0.8461538461538461,complete,her2-pose-v1,16,,1.0,68.74232495613005,18.969365099141708,0.050076704744257516,Fail,benchmark,1.0,0.1
rcsb_local_pose_ensemble,1tt1,1tt1,1tt1_pose_024,data/local_set/1tt1/poses/1tt1_pose_024.sdf,51.286290218469254,lower_better,0.9230769230769231,rcsb_local_pose_ensemble,uncalibrated,0.9230769230769231,complete,her2-pose-v1,1,,1.0,68.74232495613005,18.969365099141708,0.050076704744257516,Pass,benchmark,1.0,0.1
rcsb_local_pose_ensemble,1tt1,1tt1,1tt1_pose_025,data/local_set/1tt1/poses/1tt1_pose_025.sdf,85.77741329906596,lower_better,0.8461538461538461,rcsb_local_pose_ensemble,uncalibrated,0.8461538461538461,complete,her2-pose-v1,18,,1.0,68.74232495613005,18.969365099141708,0.050076704744257516,Review,benchmark,1.0,0.1
rcsb_local_pose_ensemble,1tt1,1tt1,1tt1_pose_026,data/local_set/1tt1/poses/1tt1_pose_026.sdf,51.98835680144652,lower_better,0.8461538461538461,rcsb_local_pose_ensemble,uncalibrated,0.8461538461538461,complete,her2-pose-v1,7,,0.9919833172586708,68.74232495613005,18.969365099141708,0.050076704744257516,Fail,benchmark,1.0,0.1
rcsb_local_pose_ensemble,1tt1,1tt1,1tt1_pose_027,data/local_set/1tt1/poses/1tt1_pose_027.sdf,85.76911259123706,lower_better,0.8461538461538461,rcsb_local_pose_ensemble,uncalibrated,0.8461538461538461,complete,her2-pose-v1,12,,1.0,68.74232495613005,18.969365099141708,0.050076704744257516,Fail,benchmark,1.0,0.1
rcsb_local_pose_ensemble,1tt1,1tt1,1tt1_pose_028,data/local_set/1tt1/poses/1tt1_pose_028.sdf,49.431395521456025,lower_better,0.8461538461538461,rcsb_local_pose_ensemble,uncalibrated,0.8461538461538461,complete,her2-pose-v1,6,,1.0,68.74232495613005,18.969365099141708,0.050076704744257516,Review,benchmark,1.0,0.1
rcsb_local_pose_ensemble,1tt1,1tt1,1tt1_pose_029,data/local_set/1tt1/poses/1tt1_pose_029.sdf,85.78791140232781,lower_better,0.8461538461538461,rcsb_local_pose_ensemble,uncalibrated,0.8461538461538461,complete,her2-pose-v1,16,,1.0,68.74232495613005,18.969365099141708,0.050076704744257516,Review,benchmark,1.0,0.1
rcsb_local_pose_ensemble,1tz8,1tz8,1tz8_pose_000,data/local_set/1tz8/poses/1tz8_pose_000.sdf,76.52544326432465,lower_better,1.0,rcsb_local_pose_ensemble,uncalibrated,1.0,complete,her2-pose-v1,0,,0.9907851679741936,65.64357888310668,11.845202129744628,0.07785007895550186,Pass,benchmark,1.0,0.1
rcsb_local_pose_ensemble,1tz8,1tz8,1tz8_pose_001,data/local_set/1tz8/poses/1tz8_pose_001.sdf,76.53092875899318,lower_better,0.8461538461538461,rcsb_local_pose_ensemble,uncalibrated,0.8461538461538461,complete,her2-pose-v1,28,,0.9907936887962132,65.64357888310668,11.845202129744628,0.07785007895550186,Review,benchmark,1.0,0.1
rcsb_local_pose_ensemble,1tz8,1tz8,1tz8_pose_002,data/local_set/1tz8/poses/1tz8_pose_002.sdf,53.97393901109069,lower_better,0.8461538461538461,rcsb_local_pose_ensemble,uncalibrated,0.8461538461538461,complete,her2-pose-v1,14,,1.0,65.64357888310668,11.845202129744628,0.07785007895550186,Review,benchmark,1.0,0.1
rcsb_local_pose_ensemble,1tz8,1tz8,1tz8_pose_003,data/local_set/1tz8/poses/1tz8_pose_003.sdf,76.52763152885578,lower_better,0.8461538461538461,rcsb_local_pose_ensemble,uncalibrated,0.8461538461538461,complete,her2-pose-v1,5,,0.9907802149503736,65.64357888310668,11.845202129744628,0.07785007895550186,Review,benchmark,1.0,0.1
rcsb_local_pose_ensemble,1tz8,1tz8,1tz8_pose_004,data/local_set/1tz8/poses/1tz8_pose_004.sdf,54.411642278668594,lower_better,0.8461538461538461,rcsb_local_pose_ensemble,uncalibrated,0.8461538461538461,complete,her2-pose-v1,15,,1.0,65.64357888310668,11.845202129744628,0.07785007895550186,Fail,benchmark,1.0,0.1
rcsb_local_pose_ensemble,1tz8,1tz8,1tz8_pose_005,data/local_set/1tz8/poses/1tz8_pose_005.sdf,76.52537700529354,lower_better,0.8461538461538461,rcsb_local_pose_ensemble,uncalibrated,0.8461538461538461,complete,her2-pose-v1,16,,0.9908123245698188,65.64357888310668,11.845202129744628,0.07785007895550186,Fail,benchmark,1.0,0.1
rcsb_local_pose_ensemble,1tz8,1tz8,1tz8_pose_006,data/local_set/1tz8/poses/1tz8_pose_006.sdf,53.14217164064031,lower_better,0.9230769230769231,rcsb_local_pose_ensemble,uncalibrated,0.9230769230769231,complete,her2-pose-v1,2,,1.0,65.64357888310668,11.845202129744628,0.07785007895550186,Pass,benchmark,1.0,0.1
rcsb_local_pose_ensemble,1tz8,1tz8,1tz8_pose_007,data/local_set/1tz8/poses/1tz8_pose_007.sdf,76.52739090374455,lower_better,0.9230769230769231,rcsb_local_pose_ensemble,uncalibrated,0.9230769230769231,complete,her2-pose-v1,2,,0.9907792663175632,65.64357888310668,11.845202129744628,0.07785007895550186,Pass,benchmark,1.0,0.1
rcsb_local_pose_ensemble,1tz8,1tz8,1tz8_pose_008,data/local_set/1tz8/poses/1tz8_pose_008.sdf,53.59648540095236,lower_better,0.8461538461538461,rcsb_local_pose_ensemble,uncalibrated,0.8461538461538461,complete,her2-pose-v1,10,,1.0,65.64357888310668,11.845202129744628,0.07785007895550186,Review,benchmark,1.0,0.1
rcsb_local_pose_ensemble,1tz8,1tz8,1tz8_pose_009,data/local_set/1tz8/poses/1tz8_pose_009.sdf,76.51700701159491,lower_better,0.8461538461538461,rcsb_local_pose_ensemble,uncalibrated,0.8461538461538461,complete,her2-pose-v1,23,,0.9908345057139408,65.64357888310668,11.845202129744628,0.07785007895550186,Review,benchmark,1.0,0.1
rcsb_local_pose_ensemble,1tz8,1tz8,1tz8_pose_010,data/local_set/1tz8/poses/1tz8_pose_010.sdf,53.37338017471182,lower_better,0.8461538461538461,rcsb_local_pose_ensemble,uncalibrated,0.8461538461538461,complete,her2-pose-v1,14,,1.0,65.64357888310668,11.845202129744628,0.07785007895550186,Review,benchmark,1.0,0.1
rcsb_local_pose_ensemble,1tz8,1tz8,1tz8_pose_011,data/local_set/1tz8/poses/1tz8_pose_011.sdf,76.5207950761795,lower_better,0.8461538461538461,rcsb_local_pose_ensemble,uncalibrated,0.8461538461538461,complete,her2-pose-v1,21,,0.990791520336295,65.64357888310668,11.845202129744628,0.07785007895550186,Review,benchmark,1.0,0.1
rcsb_local_pose_ensemble,1tz8,1tz8,1tz8_pose_012,data/local_set/1tz8/poses/1tz8_pose_012.sdf,53.142030883791726,lower_better,1.0,rcsb_local_pose_ensemble,uncalibrated,1.0,complete,her2-pose-v1,0,,1.0,65.64357888310668,11.845202129744628,0.07785007895550186,Pass,benchmark,1.0,0.1
rcsb_local_pose_ensemble,1tz8,1tz8,1tz8_pose_013,data/local_set/1tz8/poses/1tz8_pose_013.sdf,76.5219080109791,lower_better,0.8461538461538461,rcsb_local_pose_ensemble,uncalibrated,0.8461538461538461,complete,her2-pose-v1,32,,0.9907920343611698,65.64357888310668,11.845202129744628,0.07785007895550186,Review,benchmark,1.0,0.1
rcsb_local_pose_ensemble,1tz8,1tz8,1tz8_pose_014,data/local_set/1tz8/poses/1tz8_pose_014.sdf,53.14115440626887,lower_better,0.8461538461538461,rcsb_local_pose_ensemble,uncalibrated,0.8461538461538461,complete,her2-pose-v1,14,,1.0,65.64357888310668,11.845202129744628,0.07785007895550186,Pass,benchmark,1.0,0.1
rcsb_local_pose_ensemble,1tz8,1tz8,1tz8_pose_015,data/local_set/1tz8/poses/1tz8_pose_015.sdf,76.52915740193387,lower_better,0.8461538461538461,rcsb_local_pose_ensemble,uncalibrated,0.8461538461538461,complete,her2-pose-v1,21,,0.9907987528226014,65.64357888310668,11.845202129744628,0.07785007895550186,Fail,benchmark,1.0,0.1
rcsb_local_pose_ensemble,1tz8,1tz8,1tz8_pose_016,data/local_set/1tz8/poses/1tz8_pose_016.sdf,51.637152505300115,lower_better,0.8461538461538461,rcsb_local_pose_ensemble,uncalibrated,0.8461538461538461,complete,her2-pose-v1,11,,1.0,65.64357888310668,11.845202129744628,0.07785007895550186,Fail,benchmark,1.0,0.1
rcsb_local_pose_ensemble,1tz8,1tz8,1tz8_pose_017,data/local_set/1tz8/poses/1tz8_pose_017.sdf,76.52156517345728,lower_better,0.8461538461538461,rcsb_local_pose_ensemble,uncalibrated,0.8461538461538461,complete,her2-pose-v1,16,,0.99081970671635,65.64357888310668,11.845202129744628,0.07785007895550186,Fail,benchmark,1.0,0.1
rcsb_local_pose_ensemble,1tz8,1tz8,1tz8_pose_018,data/local_set/1tz8/poses/1tz8_pose_018.sdf,52.3430062827095,lower_better,0.8461538461538461,rcsb_local_pose_ensemble,uncalibrated,0.8461538461538461,complete,her2-pose-v1,7,,1.0,65.64357888310668,11.845202129744628,0.07785007895550186,Review,benchmark,1.0,0.1
rcsb_local_pose_ensemble,1tz8,1tz8,1tz8_pose_019,data/local_set/1tz8/poses/1tz8_pose_019.sdf,76.5226151119863,lower_better,0.8461538461538461,rcsb_local_pose_ensemble,uncalibrated,0.8461538461538461,complete,her2-pose-v1,19,,0.990800475696376,65.64357888310668,11.845202129744628,0.07785007895550186,Fail,benchmark,1.0,0.1
rcsb_local_pose_ensemble,1tz8,1tz8,1tz8_pose_020,data/local_set/1tz8/poses/1tz8_pose_020.sdf,52.794039858766354,lower_better,0.8461538461538461,rcsb_local_pose_ensemble,uncalibrated,0.8461538461538461,complete,her2-pose-v1,29,,1.0,65.64357888310668,11.845202129744628,0.07785007895550186,Fail,benchmark,1.0,0.1
rcsb_local_pose_ensemble,1tz8,1tz8,1tz8_pose_021,data/local_set/1tz8/poses/1tz8_pose_021.sdf,76.52380283702627,lower_better,0.8461538461538461,rcsb_local_pose_ensemble,uncalibrated,0.8461538461538461,complete,her2-pose-v1,18,,0.9907939387047784,65.64357888310668,11.845202129744628,0.07785007895550186,Review,benchmark,1.0,0.1
rcsb_local_pose_ensemble,1tz8,1tz8,1tz8_pose_022,data/local_set/1tz8/poses/1tz8_pose_022.sdf,51.89444407296185,lower_better,0.8461538461538461,rcsb_local_pose_ensemble,uncalibrated,0.8461538461538461,complete,her2-pose-v1,16,,1.0,65.64357888310668,11.845202129744628,0.07785007895550186,Review,benchmark,1.0,0.1
rcsb_local_pose_ensemble,1tz8,1tz8,1tz8_pose_023,data/local_set/1tz8/poses/1tz8_pose_023.sdf,76.52820510533357,lower_better,0.8461538461538461,rcsb_local_pose_ensemble,uncalibrated,0.8461538461538461,complete,her2-pose-v1,11,,0.9907811829552832,65.64357888310668,11.845202129744628,0.07785007895550186,Review,benchmark,1.0,0.1
rcsb_local_pose_ensemble,1tz8,1tz8,1tz8_pose_024,data/local_set/1tz8/poses/1tz8_pose_024.sdf,53.02937136198983,lower_better,0.8461538461538461,rcsb_local_pose_ensemble,uncalibrated,0.8461538461538461,complete,her2-pose-v1,28,,1.0,65.64357888310668,11.845202129744628,0.07785007895550186,Fail,benchmark,1.0,0.1
rcsb_local_pose_ensemble,1tz8,1tz8,1tz8_pose_025,data/local_set/1tz8/poses/1tz8_pose_025.sdf,76.5287724891599,lower_better,1.0,rcsb_local_pose_ensemble,uncalibrated,1.0,complete,her2-pose-v1,0,,0.9907874132937832,65.64357888310668,11.845202129744628,0.07785007895550186,Pass,benchmark,1.0,0.1
rcsb_local_pose_ensemble,1tz8,1tz8,1tz8_pose_026,data/local_set/1tz8/poses/1tz8_pose_026.sdf,54.5256063158531,lower_better,0.8461538461538461,rcsb_local_pose_ensemble,uncalibrated,0.8461538461538461,complete,her2-pose-v1,7,,1.0,65.64357888310668,11.845202129744628,0.07785007895550186,Review,benchmark,1.0,0.1
rcsb_local_pose_ensemble,1tz8,1tz8,1tz8_pose_027,data/local_set/1tz8/poses/1tz8_pose_027.sdf,76.52367730965474,lower_better,0.8461538461538461,rcsb_local_pose_ensemble,uncalibrated,0.8461538461538461,complete,her2-pose-v1,21,,0.990795707435696,65.64357888310668,11.845202129744628,0.07785007895550186,Review,benchmark,1.0,0.1
rcsb_local_pose_ensemble,1tz8,1tz8,1tz8_pose_028,data/local_set/1tz8/poses/1tz8_pose_028.sdf,53.90839845263019,lower_better,0.8461538461538461,rcsb_local_pose_ensemble,uncalibrated,0.8461538461538461,complete,her2-pose-v1,7,,1.0,65.64357888310668,11.845202129744628,0.07785007895550186,Review,benchmark,1.0,0.1
rcsb_local_pose_ensemble,1tz8,1tz8,1tz8_pose_029,data/local_set/1tz8/poses/1tz8_pose_029.sdf,76.52026685834774,lower_better,0.8461538461538461,rcsb_local_pose_ensemble,uncalibrated,0.8461538461538461,complete,her2-pose-v1,36,,0.9908105720122604,65.64357888310668,11.845202129744628,0.07785007895550186,Fail,benchmark,1.0,0.1
rcsb_local_pose_ensemble,1u1c,1u1c,1u1c_pose_000,data/local_set/1u1c/poses/1u1c_pose_000.sdf,126.61191965304776,lower_better,1.0,rcsb_local_pose_ensemble,uncalibrated,1.0,complete,her2-pose-v1,0,,1.0,93.34376228789277,36.17460010585433,0.026900087617688133,Pass,benchmark,1.0,0.06666666666666667
rcsb_local_pose_ensemble,1u1c,1u1c,1u1c_pose_001,data/local_set/1u1c/poses/1u1c_pose_001.sdf,126.08762619354256,lower_better,0.8461538461538461,rcsb_local_pose_ensemble,uncalibrated,0.8461538461538461,complete,her2-pose-v1,22,,1.0,93.34376228789277,36.17460010585433,0.026900087617688133,Fail,benchmark,1.0,0.06666666666666667
rcsb_local_pose_ensemble,1u1c,1u1c,1u1c_pose_002,data/local_set/1u1c/poses/1u1c_pose_002.sdf,53.42858129209345,lower_better,0.8461538461538461,rcsb_local_pose_ensemble,uncalibrated,0.8461538461538461,complete,her2-pose-v1,38,,1.0,93.34376228789277,36.17460010585433,0.026900087617688133,Fail,benchmark,1.0,0.06666666666666667
rcsb_local_pose_ensemble,1u1c,1u1c,1u1c_pose_003,data/local_set/1u1c/poses/1u1c_pose_003.sdf,126.11209516799734,lower_better,0.8461538461538461,rcsb_local_pose_ensemble,uncalibrated,0.8461538461538461,complete,her2-pose-v1,26,,1.0,93.34376228789277,36.17460010585433,0.026900087617688133,Review,benchmark,1.0,0.06666666666666667
rcsb_local_pose_ensemble,1u1c,1u1c,1u1c_pose_004,data/local_set/1u1c/poses/1u1c_pose_004.sdf,56.049822688028506,lower_better,0.8461538461538461,rcsb_local_pose_ensemble,uncalibrated,0.8461538461538461,complete,her2-pose-v1,45,,1.0,93.34376228789277,36.17460010585433,0.026900087617688133,Fail,benchmark,1.0,0.06666666666666667
rcsb_local_pose_ensemble,1u1c,1u1c,1u1c_pose_005,data/local_set/1u1c/poses/1u1c_pose_005.sdf,126.63625347561536,lower_better,0.9230769230769231,rcsb_local_pose_ensemble,uncalibrated,0.9230769230769231,complete,her2-pose-v1,4,,1.0,93.34376228789277,36.17460010585433,0.026900087617688133,Pass,benchmark,1.0,0.06666666666666667
rcsb_local_pose_ensemble,1u1c,1u1c,1u1c_pose_006,data/local_set/1u1c/poses/1u1c_pose_006.sdf,53.69056402192577,lower_better,0.8461538461538461,rcsb_local_pose_ensemble,uncalibrated,0.8461538461538461,complete,her2-pose-v1,38,,1.0,93.34376228789277,36.17460010585433,0.026900087617688133,Fail,benchmark,1.0,0.06666666666666667
rcsb_local_pose_ensemble,1u1c,1u1c,1u1c_pose_007,data/local_set/1u1c/poses/1u1c_pose_007.sdf,126.12645312644771,lower_better,0.8461538461538461,rcsb_local_pose_ensemble,uncalibrated,0.8461538461538461,complete,her2-pose-v1,16,,1.0,93.34376228789277,36.17460010585433,0.026900087617688133,Review,benchmark,1.0,0.06666666666666667
rcsb_local_pose_ensemble,1u1c,1u1c,1u1c_pose_008,data/local_set/1u1c/poses/1u1c_pose_008.sdf,53.16409820488341,lower_better,0.8461538461538461,rcsb_local_pose_ensemble,uncalibrated,0.8461538461538461,complete,her2-pose-v1,17,,1.0,93.34376228789277,36.17460010585433,0.026900087617688133,Review,benchmark,1.0,0.06666666666666667
rcsb_local_pose_ensemble,1u1c,1u1c,1u1c_pose_009,data/local_set/1u1c/poses/1u1c_pose_009.sdf,126.1033674590675,lower_better,0.8461538461538461,rcsb_local_pose_ensemble,uncalibrated,0.8461538461538461,complete,her2-pose-v1,25,,1.0,93.34376228789277,36.17460010585433,0.026900087617688133,Fail,benchmark,1.0,0.06666666666666667
rcsb_local_pose_ensemble,1u1c,1u1c,1u1c_pose_010,data/local_set/1u1c/poses/1u1c_pose_010.sdf,55.299309030855945,lower_better,0.8461538461538461,rcsb_local_pose_ensemble,uncalibrated,0.8461538461538461,complete,her2-pose-v1,27,,1.0,93.34376228789277,36.17460010585433,0.026900087617688133,Review,benchmark,1.0,0.06666666666666667
rcsb_local_pose_ensemble,1u1c,1u1c,1u1c_pose_011,data/local_set/1u1c/poses/1u1c_pose_011.sdf,126.6115551485335,lower_better,0.8461538461538461,rcsb_local_pose_ensemble,uncalibrated,0.8461538461538461,complete,her2-pose-v1,24,,1.0,93.34376228789277,36.17460010585433,0.026900087617688133,Fail,benchmark,1.0,0.06666666666666667
rcsb_local_pose_ensemble,1u1c,1u1c,1u1c_pose_012,data/local_set/1u1c/poses/1u1c_pose_012.sdf,57.461835764751015,lower_better,0.8461538461538461,rcsb_local_pose_ensemble,uncalibrated,0.8461538461538461,complete,her2-pose-v1,25,,1.0,93.34376228789277,36.17460010585433,0.026900087617688133,Fail,benchmark,1.0,0.06666666666666667
rcsb_local_pose_ensemble,1u1c,1u1c,1u1c_pose_013,data/local_set/1u1c/poses/1u1c_pose_013.sdf,126.61041992687,lower_better,0.8461538461538461,rcsb_local_pose_ensemble,uncalibrated,0.8461538461538461,complete,her2-pose-v1,13,,1.0,93.34376228789277,36.17460010585433,0.026900087617688133,Review,benchmark,1.0,0.06666666666666667
rcsb_local_pose_ensemble,1u1c,1u1c,1u1c_pose_014,data/local_set/1u1c/poses/1u1c_pose_014.sdf,56.60905674972333,lower_better,0.8461538461538461,rcsb_local_pose_ensemble,uncalibrated,0.8461538461538461,complete,her2-pose-v1,51,,1.0,93.34376228789277,36.17460010585433,0.026900087617688133,Fail,benchmark,1.0,0.06666666666666667
rcsb_local_pose_ensemble,1u1c,1u1c,1u1c_pose_015,data/local_set/1u1c/poses/1u1c_pose_015.sdf,126.61247219350676,lower_better,1.0,rcsb_local_pose_ensemble,uncalibrated,1.0,complete,her2-pose-v1,0,,1.0,93.34376228789277,36.17460010585433,0.026900087617688133,Pass,benchmark,1.0,0.06666666666666667
rcsb_local_pose_ensemble,1u1c,1u1c,1u1c_pose_016,data/local_set/1u1c/poses/1u1c_pose_016.sdf,57.24030760408438,lower_better,0.8461538461538461,rcsb_local_pose_ensemble,uncalibrated,0.8461538461538461,complete,her2-pose-v1,17,,1.0,93.34376228789277,36.17460010585433,0.026900087617688133,Fail,benchmark,1.0,0.06666666666666667
rcsb_local_pose_ensemble,1u1c,1u1c,1u1c_pose_017,data/local_set/1u1c/poses/1u1c_pose_017.sdf,126.60707710668714,lower_better,0.8461538461538461,rcsb_local_pose_ensemble,uncalibrated,0.8461538461538461,complete,her2-pose-v1,3,,1.0,93.34376228789277,36.17460010585433,0.026900087617688133,Review,benchmark,1.0,0.06666666666666667
rcsb_local_pose_ensemble,1u1c,1u1c,1u1c_pose_018,data/local_set/1u1c/poses/1u1c_pose_018.sdf,56.67902472715144,lower_better,0.8461538461538461,rcsb_local_pose_ensemble,uncalibrated,0.8461538461538461,complete,her2-pose-v1,13,,1.0,93.34376228789277,36.17460010585433,0.026900087617688133,Fail,benchmark,1.0,0.06666666666666667
rcsb_local_pose_ensemble,1u1c,1u1c,1u1c_pose_019,data/local_set/1u1c/poses/1u1c_pose_019.sdf,127.37270140514008,lower_better,0.8461538461538461,rcsb_local_pose_ensemble,uncalibrated,0.8461538461538461,complete,her2-pose-v1,13,,1.0,93.34376228789277,36.17460010585433,0.026900087617688133,Fail,benchmark,1.0,0.06666666666666667
rcsb_local_pose_ensemble,1u1c,1u1c,1u1c_pose_020,data/local_set/1u1c/poses/1u1c_pose_020.sdf,55.80654405686911,lower_better,0.8461538461538461,rcsb_local_pose_ensemble,uncalibrated,0.8461538461538461,complete,her2-pose-v1,26,,1.0,93.34376228789277,36.17460010585433,0.026900087617688133,Fail,benchmark,1.0,0.06666666666666667
rcsb_local_pose_ensemble,1u1c,1u1c,1u1c_pose_021,data/local_set/1u1c/poses/1u1c_pose_021.sdf,126.60148687299032,lower_better,0.8461538461538461,rcsb_local_pose_ensemble,uncalibrated,0.8461538461538461,complete,her2-pose-v1,10,,1.0,93.34376228789277,36.17460010585433,0.026900087617688133,Pass,benchmark,1.0,0.06666666666666667
rcsb_local_pose_ensemble,1u1c,1u1c,1u1c_pose_022,data/local_set/1u1c/poses/1u1c_pose_022.sdf,55.05488320124668,lower_better,0.8461538461538461,rcsb_local_pose_ensemble,uncalibrated,0.8461538461538461,complete,her2-pose-v1,23,,1.0,93.34376228789277,36.17460010585433,0.026900087617688133,Fail,benchmark,1.0,0.06666666666666667
rcsb_local_pose_ensemble,1u1c,1u1c,1u1c_pose_023,data/local_set/1u1c/poses/1u1c_pose_023.sdf,127.34197728206044,lower_better,0.8461538461538461,rcsb_local_pose_ensemble,uncalibrated,0.8461538461538461,complete,her2-pose-v1,42,,1.0,93.34376228789277,36.17460010585433,0.026900087617688133,Fail,benchmark,1.0,0.06666666666666667
rcsb_local_pose_ensemble,1u1c,1u1c,1u1c_pose_024,data/local_set/1u1c/poses/1u1c_pose_024.sdf,57.19721518248763,lower_better,0.8461538461538461,rcsb_local_pose_ensemble,uncalibrated,0.8461538461538461,complete,her2-pose-v1,21,,1.0,93.34376228789277,36.17460010585433,0.026900087617688133,Fail,benchmark,1.0,0.06666666666666667
rcsb_local_pose_ensemble,1u1c,1u1c,1u1c_pose_025,data/local_set/1u1c/poses/1u1c_pose_025.sdf,127.367317857751,lower_better,0.8461538461538461,rcsb_local_pose_ensemble,uncalibrated,0.8461538461538461,complete,her2-pose-v1,32,,1.0,93.34376228789277,36.17460010585433,0.026900087617688133,Fail,benchmark,1.0,0.06666666666666667
rcsb_local_pose_ensemble,1u1c,1u1c,1u1c_pose_026,data/local_set/1u1c/poses/1u1c_pose_026.sdf,53.61807935432858,lower_better,0.8461538461538461,rcsb_local_pose_ensemble,uncalibrated,0.8461538461538461,complete,her2-pose-v1,44,,1.0,93.34376228789277,36.17460010585433,0.026900087617688133,Review,benchmark,1.0,0.06666666666666667
rcsb_local_pose_ensemble,1u1c,1u1c,1u1c_pose_027,data/local_set/1u1c/poses/1u1c_pose_027.sdf,126.11511909410328,lower_better,0.8461538461538461,rcsb_local_pose_ensemble,uncalibrated,0.8461538461538461,complete,her2-pose-v1,46,,1.0,93.34376228789277,36.17460010585433,0.026900087617688133,Fail,benchmark,1.0,0.06666666666666667
rcsb_local_pose_ensemble,1u1c,1u1c,1u1c_pose_028,data/local_set/1u1c/poses/1u1c_pose_028.sdf,53.45645021200228,lower_better,0.8461538461538461,rcsb_local_pose_ensemble,uncalibrated,0.8461538461538461,complete,her2-pose-v1,26,,1.0,93.34376228789277,36.17460010585433,0.026900087617688133,Fail,benchmark,1.0,0.06666666666666667
rcsb_local_pose_ensemble,1u1c,1u1c,1u1c_pose_029,data/local_set/1u1c/poses/1u1c_pose_029.sdf,126.63925458299104,lower_better,0.9230769230769231,rcsb_local_pose_ensemble,uncalibrated,0.9230769230769231,complete,her2-pose-v1,3,,1.0,93.34376228789277,36.17460010585433,0.026900087617688133,Pass,benchmark,1.0,0.06666666666666667
rcsb_local_pose_ensemble,1u4d,1u4d,1u4d_pose_000,data/local_set/1u4d/poses/1u4d_pose_000.sdf,160.8351230923943,lower_better,1.0,rcsb_local_pose_ensemble,uncalibrated,1.0,complete,her2-pose-v1,0,,0.9272119906546183,143.41291553167173,18.969464249021154,0.05007645610968342,Pass,benchmark,1.0,0.1
rcsb_local_pose_ensemble,1u4d,1u4d,1u4d_pose_001,data/local_set/1u4d/poses/1u4d_pose_001.sdf,160.80607940137742,lower_better,0.8461538461538461,rcsb_local_pose_ensemble,uncalibrated,0.8461538461538461,complete,her2-pose-v1,12,,0.9272276853464696,143.41291553167173,18.969464249021154,0.05007645610968342,Fail,benchmark,1.0,0.1
rcsb_local_pose_ensemble,1u4d,1u4d,1u4d_pose_002,data/local_set/1u4d/poses/1u4d_pose_002.sdf,125.3949755533202,lower_better,0.9230769230769231,rcsb_local_pose_ensemble,uncalibrated,0.9230769230769231,complete,her2-pose-v1,3,,0.9296074456417,143.41291553167173,18.969464249021154,0.05007645610968342,Review,benchmark,1.0,0.1
rcsb_local_pose_ensemble,1u4d,1u4d,1u4d_pose_003,data/local_set/1u4d/poses/1u4d_pose_003.sdf,160.83461858853764,lower_better,0.8461538461538461,rcsb_local_pose_ensemble,uncalibrated,0.8461538461538461,complete,her2-pose-v1,8,,0.9272287827552096,143.41291553167173,18.969464249021154,0.05007645610968342,Fail,benchmark,1.0,0.1
rcsb_local_pose_ensemble,1u4d,1u4d,1u4d_pose_004,data/local_set/1u4d/poses/1u4d_pose_004.sdf,123.156238160072,lower_better,0.9230769230769231,rcsb_local_pose_ensemble,uncalibrated,0.9230769230769231,complete,her2-pose-v1,4,,0.8952710612896915,143.41291553167173,18.969464249021154,0.05007645610968342,Pass,benchmark,1.0,0.1
rcsb_local_pose_ensemble,1u4d,1u4d,1u4d_pose_005,data/local_set/1u4d/poses/1u4d_pose_005.sdf,160.83936315800204,lower_better,0.8461538461538461,rcsb_local_pose_ensemble,uncalibrated,0.8461538461538461,complete,her2-pose-v1,9,,0.9272129831536188,143.41291553167173,18.969464249021154,0.05007645610968342,Review,benchmark,1.0,0.1
rcsb_local_pose_ensemble,1u4d,1u4d,1u4d_pose_006,data/local_set/1u4d/poses/1u4d_pose_006.sdf,123.20997245529244,lower_better,0.9230769230769231,rcsb_local_pose_ensemble,uncalibrated,0.9230769230769231,complete,her2-pose-v1,4,,0.8950787486252801,143.41291553167173,18.969464249021154,0.05007645610968342,Review,benchmark,1.0,0.1
rcsb_local_pose_ensemble,1u4d,1u4d,1u4d_pose_007,data/local_set/1u4d/poses/1u4d_pose_007.sdf,160.81614872294182,lower_better,0.8461538461538461,rcsb_local_pose_ensemble,uncalibrated,0.8461538461538461,complete,her2-pose-v1,7,,0.9272139270965412,143.41291553167173,18.969464249021154,0.05007645610968342,Review,benchmark,1.0,0.1
rcsb_local_pose_ensemble,1u4d,1u4d,1u4d_pose_008,data/local_set/1u4d/poses/1u4d_pose_008.sdf,124.44544800662597,lower_better,0.9230769230769231,rcsb_local_pose_ensemble,uncalibrated,0.9230769230769231,complete,her2-pose-v1,2,,0.926996235129655,143.41291553167173,18.969464249021154,0.05007645610968342,Pass,benchmark,1.0,0.1
rcsb_local_pose_ensemble,1u4d,1u4d,1u4d_pose_009,data/local_set/1u4d/poses/1u4d_pose_009.sdf,160.8327763644379,lower_better,0.8461538461538461,rcsb_local_pose_ensemble,uncalibrated,0.8461538461538461,complete,her2-pose-v1,11,,0.9272042259180596,143.41291553167173,18.969464249021154,0.05007645610968342,Review,benchmark,1.0,0.1
rcsb_local_pose_ensemble,1u4d,1u4d,1u4d_pose_010,data/local_set/1u4d/poses/1u4d_pose_010.sdf,124.28575027267637,lower_better,0.8461538461538461,rcsb_local_pose_ensemble,uncalibrated,0.8461538461538461,complete,her2-pose-v1,14,,0.9271018314901396,143.41291553167173,18.969464249021154,0.05007645610968342,Review,benchmark,1.0,0.1
rcsb_local_pose_ensemble,1u4d,1u4d,1u4d_pose_011,data/local_set/1u4d/poses/1u4d_pose_011.sdf,160.8509942437913,lower_better,0.8461538461538461,rcsb_local_pose_ensemble,uncalibrated,0.8461538461538461,complete,her2-pose-v1,11,,0.9272038271865888,143.41291553167173,18.969464249021154,0.05007645610968342,Review,benchmark,1.0,0.1
rcsb_local_pose_ensemble,1u4d,1u4d,1u4d_pose_012,data/local_set/1u4d/poses/1u4d_pose_012.sdf,125.24634440207883,lower_better,0.8461538461538461,rcsb_local_pose_ensemble,uncalibrated,0.8461538461538461,complete,her2-pose-v1,15,,0.9296635940060184,143.41291553167173,18.969464249021154,0.05007645610968342,Fail,benchmark,1.0,0.1
rcsb_local_pose_ensemble,1u4d,1u4d,1u4d_pose_013,data/local_set/1u4d/poses/1u4d_pose_013.sdf,160.84329034070592,lower_better,0.8461538461538461,rcsb_local_pose_ensemble,uncalibrated,0.8461538461538461,complete,her2-pose-v1,19,,0.9272121696501628,143.41291553167173,18.969464249021154,0.05007645610968342,Fail,benchmark,1.0,0.1
rcsb_local_pose_ensemble,1u4d,1u4d,1u4d_pose_014,data/local_set/1u4d/poses/1u4d_pose_014.sdf,121.4104820933035,lower_better,0.8461538461538461,rcsb_local_pose_ensemble,uncalibrated,0.8461538461538461,complete,her2-pose-v1,3,,0.8971208196950663,143.41291553167173,18.969464249021154,0.05007645610968342,Fail,benchmark,1.0,0.1
rcsb_local_pose_ensemble,1u4d,1u4d,1u4d_pose_015,data/local_set/1u4d/poses/1u4d_pose_015.sdf,160.8259910667304,lower_better,0.9230769230769231,rcsb_local_pose_ensemble,uncalibrated,0.9230769230769231,complete,her2-pose-v1,4,,0.9272342775974344,143.41291553167173,18.969464249021154,0.05007645610968342,Pass,benchmark,1.0,0.1
rcsb_local_pose_ensemble,1u4d,1u4d,1u4d_pose_016,data/local_set/1u4d/poses/1u4d_pose_016.sdf,123.20093779587982,lower_better,0.8461538461538461,rcsb_local_pose_ensemble,uncalibrated,0.8461538461538461,complete,her2-pose-v1,23,,0.8950941053090037,143.41291553167173,18.969464249021154,0.05007645610968342,Fail,benchmark,1.0,0.1
rcsb_local_pose_ensemble,1u4d,1u4d,1u4d_pose_017,data/local_set/1u4d/poses/1u4d_pose_017.sdf,160.83672184461196,lower_better,0.8461538461538461,rcsb_local_pose_ensemble,uncalibrated,0.8461538461538461,complete,her2-pose-v1,16,,0.9272156754869756,143.41291553167173,18.969464249021154,0.05007645610968342,Review,benchmark,1.0,0.1
rcsb_local_pose_ensemble,1u4d,1u4d,1u4d_pose_018,data/local_set/1u4d/poses/1u4d_pose_018.sdf,121.42550576284168,lower_better,0.8461538461538461,rcsb_local_pose_ensemble,uncalibrated,0.8461538461538461,complete,her2-pose-v1,24,,0.8970793365660173,143.41291553167173,18.969464249021154,0.05007645610968342,Fail,benchmark,1.0,0.1
rcsb_local_pose_ensemble,1u4d,1u4d,1u4d_pose_019,data/local_set/1u4d/poses/1u4d_pose_019.sdf,160.82837319039794,lower_better,0.8461538461538461,rcsb_local_pose_ensemble,uncalibrated,0.8461538461538461,complete,her2-pose-v1,21,,0.9272106463352492,143.41291553167173,18.969464249021154,0.05007645610968342,Fail,benchmark,1.0,0.1
rcsb_local_pose_ensemble,1u4d,1u4d,1u4d_pose_020,data/local_set/1u4d/poses/1u4d_pose_020.sdf,124.44644340210192,lower_better,0.8461538461538461,rcsb_local_pose_ensemble,uncalibrated,0.8461538461538461,complete,her2-pose-v1,5,,0.9270352927704214,143.41291553167173,18.969464249021154,0.05007645610968342,Fail,benchmark,1.0,0.1
rcsb_local_pose_ensemble,1u4d,1u4d,1u4d_pose_021,data/local_set/1u4d/poses/1u4d_pose_021.sdf,160.84943001317566,lower_better,0.8461538461538461,rcsb_local_pose_ensemble,uncalibrated,0.8461538461538461,complete,her2-pose-v1,21,,0.9272162190550868,143.41291553167173,18.969464249021154,0.05007645610968342,Fail,benchmark,1.0,0.1
rcsb_local_pose_ensemble,1u4d,1u4d,1u4d_pose_022,data/local_set/1u4d/poses/1u4d_pose_022.sdf,125.3921637178174,lower_better,0.8461538461538461,rcsb_local_pose_ensemble,uncalibrated,0.8461538461538461,complete,her2-pose-v1,15,,0.9295888899012588,143.41291553167173,18.969464249021154,0.05007645610968342,Review,benchmark,1.0,0.1
rcsb_local_pose_ensemble,1u4d,1u4d,1u4d_pose_023,data/local_set/1u4d/poses/1u4d_pose_023.sdf,160.80815069778265,lower_better,0.8461538461538461,rcsb_local_pose_ensemble,uncalibrated,0.8461538461538461,complete,her2-pose-v1,11,,0.9272281523728452,143.41291553167173,18.969464249021154,0.05007645610968342,Review,benchmark,1.0,0.1
rcsb_local_pose_ensemble,1u4d,1u4d,1u4d_pose_024,data/local_set/1u4d/poses/1u4d_pose_024.sdf,124.4614693860083,lower_better,0.8461538461538461,rcsb_local_pose_ensemble,uncalibrated,0.8461538461538461,complete,her2-pose-v1,19,,0.9270192910460704,143.41291553167173,18.969464249021154,0.05007645610968342,Review,benchmark,1.0,0.1
rcsb_local_pose_ensemble,1u4d,1u4d,1u4d_pose_025,data/local_set/1u4d/poses/1u4d_pose_025.sdf,160.84925974438622,lower_better,0.9230769230769231,rcsb_local_pose_ensemble,uncalibrated,0.9230769230769231,complete,her2-pose-v1,2,,0.9272022446036444,143.41291553167173,18.969464249021154,0.05007645610968342,Pass,benchmark,1.0,0.1
rcsb_local_pose_ensemble,1u4d,1u4d,1u4d_pose_026,data/local_set/1u4d/poses/1u4d_pose_026.sdf,121.48651361557376,lower_better,0.9230769230769231,rcsb_local_pose_ensemble,uncalibrated,0.9230769230769231,complete,her2-pose-v1,1,,0.8972904838902384,143.41291553167173,18.969464249021154,0.05007645610968342,Review,benchmark,1.0,0.1
rcsb_local_pose_ensemble,1u4d,1u4d,1u4d_pose_027,data/local_set/1u4d/poses/1u4d_pose_027.sdf,160.83062158573512,lower_better,1.0,rcsb_local_pose_ensemble,uncalibrated,1.0,complete,her2-pose-v1,0,,0.9272162252273192,143.41291553167173,18.969464249021154,0.05007645610968342,Pass,benchmark,1.0,0.1
rcsb_local_pose_ensemble,1u4d,1u4d,1u4d_pose_028,data/local_set/1u4d/poses/1u4d_pose_028.sdf,121.49120225952676,lower_better,1.0,rcsb_local_pose_ensemble,uncalibrated,1.0,complete,her2-pose-v1,0,,0.8973014152813463,143.41291553167173,18.969464249021154,0.05007645610968342,Pass,benchmark,1.0,0.1
rcsb_local_pose_ensemble,1u4d,1u4d,1u4d_pose_029,data/local_set/1u4d/poses/1u4d_pose_029.sdf,160.84707701202407,lower_better,0.8461538461538461,rcsb_local_pose_ensemble,uncalibrated,0.8461538461538461,complete,her2-pose-v1,13,,0.9272326543304492,143.41291553167173,18.969464249021154,0.05007645610968342,Review,benchmark,1.0,0.1
rcsb_local_pose_ensemble,1uml,1uml,1uml_pose_000,data/local_set/1uml/poses/1uml_pose_000.sdf,187.452258535312,lower_better,1.0,rcsb_local_pose_ensemble,uncalibrated,1.0,complete,her2-pose-v1,0,,0.9549572561366924,169.52674052847317,19.737988157969724,0.04822068526525291,Pass,benchmark,1.0,0.1
rcsb_local_pose_ensemble,1uml,1uml,1uml_pose_001,data/local_set/1uml/poses/1uml_pose_001.sdf,187.61717754680956,lower_better,0.8461538461538461,rcsb_local_pose_ensemble,uncalibrated,0.8461538461538461,complete,her2-pose-v1,44,,0.9549556910569648,169.52674052847317,19.737988157969724,0.04822068526525291,Fail,benchmark,1.0,0.1
rcsb_local_pose_ensemble,1uml,1uml,1uml_pose_002,data/local_set/1uml/poses/1uml_pose_002.sdf,150.8012661568751,lower_better,0.8461538461538461,rcsb_local_pose_ensemble,uncalibrated,0.8461538461538461,complete,her2-pose-v1,81,,0.9333718563857848,169.52674052847317,19.737988157969724,0.04822068526525291,Fail,benchmark,1.0,0.1
rcsb_local_pose_ensemble,1uml,1uml,1uml_pose_003,data/local_set/1uml/poses/1uml_pose_003.sdf,187.61552893120376,lower_better,0.8461538461538461,rcsb_local_pose_ensemble,uncalibrated,0.8461538461538461,complete,her2-pose-v1,52,,0.954980549982062,169.52674052847317,19.737988157969724,0.04822068526525291,Fail,benchmark,1.0,0.1
rcsb_local_pose_ensemble,1uml,1uml,1uml_pose_004,data/local_set/1uml/poses/1uml_pose_004.sdf,149.5620586731876,lower_better,0.8461538461538461,rcsb_local_pose_ensemble,uncalibrated,0.8461538461538461,complete,her2-pose-v1,58,,0.9333415781266672,169.52674052847317,19.737988157969724,0.04822068526525291,Fail,benchmark,1.0,0.1
rcsb_local_pose_ensemble,1uml,1uml,1uml_pose_005,data/local_set/1uml/poses/1uml_pose_005.sdf,187.45006509430655,lower_better,0.8461538461538461,rcsb_local_pose_ensemble,uncalibrated,0.8461538461538461,complete,her2-pose-v1,16,,0.9549529133771192,169.52674052847317,19.737988157969724,0.04822068526525291,Review,benchmark,1.0,0.1
rcsb_local_pose_ensemble,1uml,1uml,1uml_pose_006,data/local_set/1uml/poses/1uml_pose_006.sdf,148.31056237675082,lower_better,0.8461538461538461,rcsb_local_pose_ensemble,uncalibrated,0.8461538461538461,complete,her2-pose-v1,84,,0.9849831397454384,169.52674052847317,19.737988157969724,0.04822068526525291,Fail,benchmark,1.0,0.1
rcsb_local_pose_ensemble,1uml,1uml,1uml_pose_007,data/local_set/1uml/poses/1uml_pose_007.sdf,187.4297014167095,lower_better,0.8461538461538461,rcsb_local_pose_ensemble,uncalibrated,0.8461538461538461,complete,her2-pose-v1,46,,0.9549624964439768,169.52674052847317,19.737988157969724,0.04822068526525291,Fail,benchmark,1.0,0.1
rcsb_local_pose_ensemble,1uml,1uml,1uml_pose_008,data/local_set/1uml/poses/1uml_pose_008.sdf,144.6562546305735,lower_better,0.8461538461538461,rcsb_local_pose_ensemble,uncalibrated,0.8461538461538461,complete,her2-pose-v1,61,,0.9848428986102702,169.52674052847317,19.737988157969724,0.04822068526525291,Fail,benchmark,1.0,0.1
rcsb_local_pose_ensemble,1uml,1uml,1uml_pose_009,data/local_set/1uml/poses/1uml_pose_009.sdf,187.43172746777464,lower_better,1.0,rcsb_local_pose_ensemble,uncalibrated,1.0,complete,her2-pose-v1,0,,0.9549706151433932,169.52674052847317,19.737988157969724,0.04822068526525291,Pass,benchmark,1.0,0.1
rcsb_local_pose_ensemble,1uml,1uml,1uml_pose_010,data/local_set/1uml/poses/1uml_pose_010.sdf,145.52058973993726,lower_better,0.8461538461538461,rcsb_local_pose_ensemble,uncalibrated,0.8461538461538461,complete,her2-pose-v1,51,,0.9847022515080118,169.52674052847317,19.737988157969724,0.04822068526525291,Fail,benchmark,1.0,0.1
rcsb_local_pose_ensemble,1uml,1uml,1uml_pose_011,data/local_set/1uml/poses/1uml_pose_011.sdf,187.46724909113817,lower_better,0.9230769230769231,rcsb_local_pose_ensemble,uncalibrated,0.9230769230769231,complete,her2-pose-v1,6,,0.9549553580946282,169.52674052847317,19.737988157969724,0.04822068526525291,Pass,benchmark,1.0,0.1
rcsb_local_pose_ensemble,1uml,1uml,1uml_pose_012,data/local_set/1uml/poses/1uml_pose_012.sdf,146.51978897591448,lower_better,0.8461538461538461,rcsb_local_pose_ensemble,uncalibrated,0.8461538461538461,complete,her2-pose-v1,61,,0.9840623280939784,169.52674052847317,19.737988157969724,0.04822068526525291,Fail,benchmark,1.0,0.1
rcsb_local_pose_ensemble,1uml,1uml,1uml_pose_013,data/local_set/1uml/poses/1uml_pose_013.sdf,187.43595036537417,lower_better,0.8461538461538461,rcsb_local_pose_ensemble,uncalibrated,0.8461538461538461,complete,her2-pose-v1,56,,0.954973145297213,169.52674052847317,19.737988157969724,0.04822068526525291,Fail,benchmark,1.0,0.1
rcsb_local_pose_ensemble,1uml,1uml,1uml_pose_014,data/local_set/1uml/poses/1uml_pose_014.sdf,146.31651542590524,lower_better,0.8461538461538461,rcsb_local_pose_ensemble,uncalibrated,0.8461538461538461,complete,her2-pose-v1,86,,0.9848741591673972,169.52674052847317,19.737988157969724,0.04822068526525291,Fail,benchmark,1.0,0.1
rcsb_local_pose_ensemble,1uml,1uml,1uml_pose_015,data/local_set/1uml/poses/1uml_pose_015.sdf,187.4563582324006,lower_better,0.8461538461538461,rcsb_local_pose_ensemble,uncalibrated,0.8461538461538461,complete,her2-pose-v1,58,,0.9549704589543248,169.52674052847317,19.737988157969724,0.04822068526525291,Fail,benchmark,1.0,0.1
rcsb_local_pose_ensemble,1uml,1uml,1uml_pose_016,data/local_set/1uml/poses/1uml_pose_016.sdf,150.53577314837673,lower_better,0.8461538461538461,rcsb_local_pose_ensemble,uncalibrated,0.8461538461538461,complete,her2-pose-v1,24,,0.989051416293312,169.52674052847317,19.737988157969724,0.04822068526525291,Fail,benchmark,1.0,0.1
rcsb_local_pose_ensemble,1uml,1uml,1uml_pose_017,data/local_set/1uml/poses/1uml_pose_017.sdf,187.46630330240663,lower_better,1.0,rcsb_local_pose_ensemble,uncalibrated,1.0,complete,her2-pose-v1,0,,0.9549672143317148,169.52674052847317,19.737988157969724,0.04822068526525291,Pass,benchmark,1.0,0.1
rcsb_local_pose_ensemble,1uml,1uml,1uml_pose_018,data/local_set/1uml/poses/1uml_pose_018.sdf,148.26996832600733,lower_better,0.8461538461538461,rcsb_local_pose_ensemble,uncalibrated,0.8461538461538461,complete,her2-pose-v1,36,,0.9834715340559812,169.52674052847317,19.737988157969724,0.04822068526525291,Fail,benchmark,1.0,0.1
rcsb_local_pose_ensemble,1uml,1uml,1uml_pose_019,data/local_set/1uml/poses/1uml_pose_019.sdf,187.48440861423217,lower_better,0.8461538461538461,rcsb_local_pose_ensemble,uncalibrated,0.8461538461538461,complete,her2-pose-v1,52,,0.954975634286618,169.52674052847317,19.737988157969724,0.04822068526525291,Fail,benchmark,1.0,0.1
rcsb_local_pose_ensemble,1uml,1uml,1uml_pose_020,data/local_set/1uml/poses/1uml_pose_020.sdf,156.06167170352057,lower_better,0.8461538461538461,rcsb_local_pose_ensemble,uncalibrated,0.8461538461538461,complete,her2-pose-v1,101,,0.9825836171880996,169.52674052847317,19.737988157969724,0.04822068526525291,Fail,benchmark,1.0,0.1
rcsb_local_pose_ensemble,1uml,1uml,1uml_pose_021,data/local_set/1uml/poses/1uml_pose_021.sdf,187.4600693021336,lower_better,0.8461538461538461,rcsb_local_pose_ensemble,uncalibrated,0.8461538461538461,complete,her2-pose-v1,43,,0.9549732687706568,169.52674052847317,19.737988157969724,0.04822068526525291,Fail,benchmark,1.0,0.1
rcsb_local_pose_ensemble,1uml,1uml,1uml_pose_022,data/local_set/1uml/poses/1uml_pose_022.sdf,159.19907521371863,lower_better,0.8461538461538461,rcsb_local_pose_ensemble,uncalibrated,0.8461538461538461,complete,her2-pose-v1,53,,0.89939364589759,169.52674052847317,19.737988157969724,0.04822068526525291,Fail,benchmark,1.0,0.1
rcsb_local_pose_ensemble,1uml,1uml,1uml_pose_023,data/local_set/1uml/poses/1uml_pose_023.sdf,187.3346004297785,lower_better,0.8461538461538461,rcsb_local_pose_ensemble,uncalibrated,0.8461538461538461,complete,her2-pose-v1,52,,0.9549679097973698,169.52674052847317,19.737988157969724,0.04822068526525291,Fail,benchmark,1.0,0.1
rcsb_local_pose_ensemble,1uml,1uml,1uml_pose_024,data/local_set/1uml/poses/1uml_pose_024.sdf,141.56162393122904,lower_better,0.8461538461538461,rcsb_local_pose_ensemble,uncalibrated,0.8461538461538461,complete,her2-pose-v1,34,,0.9795832150581606,169.52674052847317,19.737988157969724,0.04822068526525291,Review,benchmark,1.0,0.1
rcsb_local_pose_ensemble,1uml,1uml,1uml_pose_025,data/local_set/1uml/poses/1uml_pose_025.sdf,187.4518616038026,lower_better,0.8461538461538461,rcsb_local_pose_ensemble,uncalibrated,0.8461538461538461,complete,her2-pose-v1,69,,0.954948736288644,169.52674052847317,19.737988157969724,0.04822068526525291,Fail,benchmark,1.0,0.1
rcsb_local_pose_ensemble,1uml,1uml,1uml_pose_026,data/local_set/1uml/poses/1uml_pose_026.sdf,149.7747756582383,lower_better,0.8461538461538461,rcsb_local_pose_ensemble,uncalibrated,0.8461538461538461,complete,her2-pose-v1,47,,0.9337718236606286,169.52674052847317,19.737988157969724,0.04822068526525291,Fail,benchmark,1.0,0.1
rcsb_local_pose_ensemble,1uml,1uml,1uml_pose_027,data/local_set/1uml/poses/1uml_pose_027.sdf,187.31000095876064,lower_better,0.8461538461538461,rcsb_local_pose_ensemble,uncalibrated,0.8461538461538461,complete,her2-pose-v1,29,,0.9549622679627464,169.52674052847317,19.737988157969724,0.04822068526525291,Review,benchmark,1.0,0.1
rcsb_local_pose_ensemble,1uml,1uml,1uml_pose_028,data/local_set/1uml/poses/1uml_pose_028.sdf,149.2160024246404,lower_better,0.8461538461538461,rcsb_local_pose_ensemble,uncalibrated,0.8461538461538461,complete,her2-pose-v1,24,,0.9834165544384414,169.52674052847317,19.737988157969724,0.04822068526525291,Fail,benchmark,1.0,0.1
rcsb_local_pose_ensemble,1uml,1uml,1uml_pose_029,data/local_set/1uml/poses/1uml_pose_029.sdf,187.63302857717744,lower_better,0.8461538461538461,rcsb_local_pose_ensemble,uncalibrated,0.8461538461538461,complete,her2-pose-v1,32,,0.9549351389898167,169.52674052847317,19.737988157969724,0.04822068526525291,Review,benchmark,1.0,0.1
rcsb_local_pose_ensemble,1unl,1unl,1unl_pose_000,data/local_set/1unl/poses/1unl_pose_000.sdf,124.32092337601044,lower_better,1.0,rcsb_local_pose_ensemble,uncalibrated,1.0,complete,her2-pose-v1,0,,0.919253601565373,115.85071037027198,9.622901060381327,0.09413624341561017,Pass,benchmark,1.0,0.1
rcsb_local_pose_ensemble,1unl,1unl,1unl_pose_001,data/local_set/1unl/poses/1unl_pose_001.sdf,124.32139353532372,lower_better,0.8461538461538461,rcsb_local_pose_ensemble,uncalibrated,0.8461538461538461,complete,her2-pose-v1,17,,0.9192575448139226,115.85071037027198,9.622901060381327,0.09413624341561017,Review,benchmark,1.0,0.1
rcsb_local_pose_ensemble,1unl,1unl,1unl_pose_002,data/local_set/1unl/poses/1unl_pose_002.sdf,105.18375049813868,lower_better,0.8461538461538461,rcsb_local_pose_ensemble,uncalibrated,0.8461538461538461,complete,her2-pose-v1,23,,0.988386746199252,115.85071037027198,9.622901060381327,0.09413624341561017,Fail,benchmark,1.0,0.1
rcsb_local_pose_ensemble,1unl,1unl,1unl_pose_003,data/local_set/1unl/poses/1unl_pose_003.sdf,124.3157144888756,lower_better,0.8461538461538461,rcsb_local_pose_ensemble,uncalibrated,0.8461538461538461,complete,her2-pose-v1,53,,0.9192447735637038,115.85071037027198,9.622901060381327,0.09413624341561017,Fail,benchmark,1.0,0.1
rcsb_local_pose_ensemble,1unl,1unl,1unl_pose_004,data/local_set/1unl/poses/1unl_pose_004.sdf,106.10667887777004,lower_better,0.9230769230769231,rcsb_local_pose_ensemble,uncalibrated,0.9230769230769231,complete,her2-pose-v1,4,,0.975769485614906,115.85071037027198,9.622901060381327,0.09413624341561017,Pass,benchmark,1.0,0.1
rcsb_local_pose_ensemble,1unl,1unl,1unl_pose_005,data/local_set/1unl/poses/1unl_pose_005.sdf,124.99758650700636,lower_better,0.8461538461538461,rcsb_local_pose_ensemble,uncalibrated,0.8461538461538461,complete,her2-pose-v1,35,,0.9192611413239312,115.85071037027198,9.622901060381327,0.09413624341561017,Fail,benchmark,1.0,0.1
rcsb_local_pose_ensemble,1unl,1unl,1unl_pose_006,data/local_set/1unl/poses/1unl_pose_006.sdf,106.86163073567084,lower_better,0.8461538461538461,rcsb_local_pose_ensemble,uncalibrated,0.8461538461538461,complete,her2-pose-v1,49,,0.9770048894062392,115.85071037027198,9.622901060381327,0.09413624341561017,Fail,benchmark,1.0,0.1
rcsb_local_pose_ensemble,1unl,1unl,1unl_pose_007,data/local_set/1unl/poses/1unl_pose_007.sdf,124.31890604393077,lower_better,1.0,rcsb_local_pose_ensemble,uncalibrated,1.0,complete,her2-pose-v1,0,,0.9192689055063846,115.85071037027198,9.622901060381327,0.09413624341561017,Pass,benchmark,1.0,0.1
rcsb_local_pose_ensemble,1unl,1unl,1unl_pose_008,data/local_set/1unl/poses/1unl_pose_008.sdf,107.52639141230485,lower_better,0.8461538461538461,rcsb_local_pose_ensemble,uncalibrated,0.8461538461538461,complete,her2-pose-v1,32,,0.9775398978072616,115.85071037027198,9.622901060381327,0.09413624341561017,Fail,benchmark,1.0,0.1
rcsb_local_pose_ensemble,1unl,1unl,1unl_pose_009,data/local_set/1unl/poses/1unl_pose_009.sdf,124.98766574192858,lower_better,0.8461538461538461,rcsb_local_pose_ensemble,uncalibrated,0.8461538461538461,complete,her2-pose-v1,38,,0.9192751146895756,115.85071037027198,9.622901060381327,0.09413624341561017,Fail,benchmark,1.0,0.1
rcsb_local_pose_ensemble,1unl,1unl,1unl_pose_010,data/local_set/1unl/poses/1unl_pose_010.sdf,105.7297089254758,lower_better,0.8461538461538461,rcsb_local_pose_ensemble,uncalibrated,0.8461538461538461,complete,her2-pose-v1,25,,0.9870974960488512,115.85071037027198,9.622901060381327,0.09413624341561017,Fail,benchmark,1.0,0.1
rcsb_local_pose_ensemble,1unl,1unl,1unl_pose_011,data/local_set/1unl/poses/1unl_pose_011.sdf,124.3180210885519,lower_better,0.9230769230769231,rcsb_local_pose_ensemble,uncalibrated,0.9230769230769231,complete,her2-pose-v1,4,,0.919260246899063,115.85071037027198,9.622901060381327,0.09413624341561017,Pass,benchmark,1.0,0.1
rcsb_local_pose_ensemble,1unl,1unl,1unl_pose_012,data/local_set/1unl/poses/1unl_pose_012.sdf,110.63872097973756,lower_better,0.8461538461538461,rcsb_local_pose_ensemble,uncalibrated,0.8461538461538461,complete,her2-pose-v1,25,,0.9776888650370564,115.85071037027198,9.622901060381327,0.09413624341561017,Review,benchmark,1.0,0.1
rcsb_local_pose_ensemble,1unl,1unl,1unl_pose_013,data/local_set/1unl/poses/1unl_pose_013.sdf,124.3228128238906,lower_better,1.0,rcsb_local_pose_ensemble,uncalibrated,1.0,complete,her2-pose-v1,0,,0.9192544701393068,115.85071037027198,9.622901060381327,0.09413624341561017,Pass,benchmark,1.0,0.1
rcsb_local_pose_ensemble,1unl,1unl,1unl_pose_014,data/local_set/1unl/poses/1unl_pose_014.sdf,104.57576923411084,lower_better,0.8461538461538461,rcsb_local_pose_ensemble,uncalibrated,0.8461538461538461,complete,her2-pose-v1,55,,0.9889831857210422,115.85071037027198,9.622901060381327,0.09413624341561017,Fail,benchmark,1.0,0.1
rcsb_local_pose_ensemble,1unl,1unl,1unl_pose_015,data/local_set/1unl/poses/1unl_pose_015.sdf,124.91969482092922,lower_better,0.8461538461538461,rcsb_local_pose_ensemble,uncalibrated,0.8461538461538461,complete,her2-pose-v1,22,,0.9192366977073352,115.85071037027198,9.622901060381327,0.09413624341561017,Fail,benchmark,1.0,0.1
rcsb_local_pose_ensemble,1unl,1unl,1unl_pose_016,data/local_set/1unl/poses/1unl_pose_016.sdf,103.2743489854946,lower_better,0.8461538461538461,rcsb_local_pose_ensemble,uncalibrated,0.8461538461538461,complete,her2-pose-v1,44,,0.9871122683683458,115.85071037027198,9.622901060381327,0.09413624341561017,Review,benchmark,1.0,0.1
rcsb_local_pose_ensemble,1unl,1unl,1unl_pose_017,data/local_set/1unl/poses/1unl_pose_017.sdf,124.31690972998396,lower_better,0.8461538461538461,rcsb_local_pose_ensemble,uncalibrated,0.8461538461538461,complete,her2-pose-v1,42,,0.9192617548448216,115.85071037027198,9.622901060381327,0.09413624341561017,Fail,benchmark,1.0,0.1
rcsb_local_pose_ensemble,1unl,1unl,1unl_pose_018,data/local_set/1unl/poses/1unl_pose_018.sdf,104.250450232982,lower_better,0.9230769230769231,rcsb_local_pose_ensemble,uncalibrated,0.9230769230769231,complete,her2-pose-v1,4,,0.9872596217089136,115.85071037027198,9.622901060381327,0.09413624341561017,Review,benchmark,1.0,0.1
rcsb_local_pose_ensemble,1unl,1unl,1unl_pose_019,data/local_set/1unl/poses/1unl_pose_019.sdf,125.00504069420356,lower_better,0.8461538461538461,rcsb_local_pose_ensemble,uncalibrated,0.8461538461538461,complete,her2-pose-v1,21,,0.9192607017512396,115.85071037027198,9.622901060381327,0.09413624341561017,Review,benchmark,1.0,0.1
rcsb_local_pose_ensemble,1unl,1unl,1unl_pose_020,data/local_set/1unl/poses/1unl_pose_020.sdf,107.74656326477977,lower_better,0.8461538461538461,rcsb_local_pose_ensemble,uncalibrated,0.8461538461538461,complete,her2-pose-v1,44,,0.9763747864274288,115.85071037027198,9.622901060381327,0.09413624341561017,Fail,benchmark,1.0,0.1
rcsb_local_pose_ensemble,1unl,1unl,1unl_pose_021,data/local_set/1unl/poses/1unl_pose_021.sdf,124.97492926639724,lower_better,0.8461538461538461,rcsb_local_pose_ensemble,uncalibrated,0.8461538461538461,complete,her2-pose-v1,25,,0.919254920293001,115.85071037027198,9.622901060381327,0.09413624341561017,Fail,benchmark,1.0,0.1
rcsb_local_pose_ensemble,1unl,1unl,1unl_pose_022,data/local_set/1unl/poses/1unl_pose_022.sdf,105.1541288121017,lower_better,0.9230769230769231,rcsb_local_pose_ensemble,uncalibrated,0.9230769230769231,complete,her2-pose-v1,5,,0.9880740279556046,115.85071037027198,9.622901060381327,0.09413624341561017,Review,benchmark,1.0,0.1
rcsb_local_pose_ensemble,1unl,1unl,1unl_pose_023,data/local_set/1unl/poses/1unl_pose_023.sdf,124.91039651913576,lower_better,0.8461538461538461,rcsb_local_pose_ensemble,uncalibrated,0.8461538461538461,complete,her2-pose-v1,34,,0.9192566409828874,115.85071037027198,9.622901060381327,0.09413624341561017,Fail,benchmark,1.0,0.1
rcsb_local_pose_ensemble,1unl,1unl,1unl_pose_024,data/local_set/1unl/poses/1unl_pose_024.sdf,107.69353397250434,lower_better,0.8461538461538461,rcsb_local_pose_ensemble,uncalibrated,0.8461538461538461,complete,her2-pose-v1,16,,0.9880909780532232,115.85071037027198,9.622901060381327,0.09413624341561017,Fail,benchmark,1.0,0.1
rcsb_local_pose_ensemble,1unl,1unl,1unl_pose_025,data/local_set/1unl/poses/1unl_pose_025.sdf,124.32120594361332,lower_better,0.9230769230769231,rcsb_local_pose_ensemble,uncalibrated,0.9230769230769231,complete,her2-pose-v1,4,,0.9192528734435588,115.85071037027198,9.622901060381327,0.09413624341561017,Pass,benchmark,1.0,0.1
rcsb_local_pose_ensemble,1unl,1unl,1unl_pose_026,data/local_set/1unl/poses/1unl_pose_026.sdf,103.39751674378036,lower_better,0.8461538461538461,rcsb_local_pose_ensemble,uncalibrated,0.8461538461538461,complete,her2-pose-v1,32,,0.9774894817283308,115.85071037027198,9.622901060381327,0.09413624341561017,Fail,benchmark,1.0,0.1
rcsb_local_pose_ensemble,1unl,1unl,1unl_pose_027,data/local_set/1unl/poses/1unl_pose_027.sdf,124.9973977201411,lower_better,0.8461538461538461,rcsb_local_pose_ensemble,uncalibrated,0.8461538461538461,complete,her2-pose-v1,41,,0.9192549555530698,115.85071037027198,9.622901060381327,0.09413624341561017,Fail,benchmark,1.0,0.1
rcsb_local_pose_ensemble,1unl,1unl,1unl_pose_028,data/local_set/1unl/poses/1unl_pose_028.sdf,103.70339857086364,lower_better,0.8461538461538461,rcsb_local_pose_ensemble,uncalibrated,0.8461538461538461,complete,her2-pose-v1,48,,0.9742208813978516,115.85071037027198,9.622901060381327,0.09413624341561017,Fail,benchmark,1.0,0.1
rcsb_local_pose_ensemble,1unl,1unl,1unl_pose_029,data/local_set/1unl/poses/1unl_pose_029.sdf,124.3301215625222,lower_better,0.8461538461538461,rcsb_local_pose_ensemble,uncalibrated,0.8461538461538461,complete,her2-pose-v1,34,,0.9192661482065926,115.85071037027198,9.622901060381327,0.09413624341561017,Fail,benchmark,1.0,0.1
rcsb_local_pose_ensemble,1uou,1uou,1uou_pose_000,data/local_set/1uou/poses/1uou_pose_000.sdf,436.1017250362725,lower_better,0.9230769230769231,rcsb_local_pose_ensemble,uncalibrated,0.9230769230769231,complete,her2-pose-v1,0,,1.0,259.87145938862415,192.90242205542958,0.005157233155726837,Pass,benchmark,1.0,0.0
rcsb_local_pose_ensemble,1uou,1uou,1uou_pose_001,data/local_set/1uou/poses/1uou_pose_001.sdf,436.0863630799027,lower_better,0.7692307692307693,rcsb_local_pose_ensemble,uncalibrated,0.7692307692307693,complete,her2-pose-v1,12,,1.0,259.87145938862415,192.90242205542958,0.005157233155726837,Fail,benchmark,1.0,0.0
rcsb_local_pose_ensemble,1uou,1uou,1uou_pose_002,data/local_set/1uou/poses/1uou_pose_002.sdf,50.38833121137799,lower_better,0.8461538461538461,rcsb_local_pose_ensemble,uncalibrated,0.8461538461538461,complete,her2-pose-v1,6,,1.0,259.87145938862415,192.90242205542958,0.005157233155726837,Review,benchmark,1.0,0.0
rcsb_local_pose_ensemble,1uou,1uou,1uou_pose_003,data/local_set/1uou/poses/1uou_pose_003.sdf,436.0973959539192,lower_better,0.7692307692307693,rcsb_local_pose_ensemble,uncalibrated,0.7692307692307693,complete,her2-pose-v1,4,,1.0,259.87145938862415,192.90242205542958,0.005157233155726837,Pass,benchmark,1.0,0.0
rcsb_local_pose_ensemble,1uou,1uou,1uou_pose_004,data/local_set/1uou/poses/1uou_pose_004.sdf,63.126649000591925,lower_better,0.8461538461538461,rcsb_local_pose_ensemble,uncalibrated,0.8461538461538461,complete,her2-pose-v1,20,,1.0,259.87145938862415,192.90242205542958,0.005157233155726837,Fail,benchmark,1.0,0.0
rcsb_local_pose_ensemble,1uou,1uou,1uou_pose_005,data/local_set/1uou/poses/1uou_pose_005.sdf,436.0830724525272,lower_better,0.9230769230769231,rcsb_local_pose_ensemble,uncalibrated,0.9230769230769231,complete,her2-pose-v1,0,,1.0,259.87145938862415,192.90242205542958,0.005157233155726837,Pass,benchmark,1.0,0.0
rcsb_local_pose_ensemble,1uou,1uou,1uou_pose_006,data/local_set/1uou/poses/1uou_pose_006.sdf,54.45050864070045,lower_better,0.8461538461538461,rcsb_local_pose_ensemble,uncalibrated,0.8461538461538461,complete,her2-pose-v1,4,,1.0,259.87145938862415,192.90242205542958,0.005157233155726837,Review,benchmark,1.0,0.0
rcsb_local_pose_ensemble,1uou,1uou,1uou_pose_007,data/local_set/1uou/poses/1uou_pose_007.sdf,436.0641155341399,lower_better,0.9230769230769231,rcsb_local_pose_ensemble,uncalibrated,0.9230769230769231,complete,her2-pose-v1,0,,1.0,259.87145938862415,192.90242205542958,0.005157233155726837,Pass,benchmark,1.0,0.0
rcsb_local_pose_ensemble,1uou,1uou,1uou_pose_008,data/local_set/1uou/poses/1uou_pose_008.sdf,61.95440581662331,lower_better,0.8461538461538461,rcsb_local_pose_ensemble,uncalibrated,0.8461538461538461,complete,her2-pose-v1,20,,1.0,259.87145938862415,192.90242205542958,0.005157233155726837,Review,benchmark,1.0,0.0
rcsb_local_pose_ensemble,1uou,1uou,1uou_pose_009,data/local_set/1uou/poses/1uou_pose_009.sdf,436.1196021463357,lower_better,0.9230769230769231,rcsb_local_pose_ensemble,uncalibrated,0.9230769230769231,complete,her2-pose-v1,0,,1.0,259.87145938862415,192.90242205542958,0.005157233155726837,Pass,benchmark,1.0,0.0
rcsb_local_pose_ensemble,1uou,1uou,1uou_pose_010,data/local_set/1uou/poses/1uou_pose_010.sdf,60.64877857057518,lower_better,0.8461538461538461,rcsb_local_pose_ensemble,uncalibrated,0.8461538461538461,complete,her2-pose-v1,36,,1.0,259.87145938862415,192.90242205542958,0.005157233155726837,Fail,benchmark,1.0,0.0
rcsb_local_pose_ensemble,1uou,1uou,1uou_pose_011,data/local_set/1uou/poses/1uou_pose_011.sdf,436.0983450075297,lower_better,0.7692307692307693,rcsb_local_pose_ensemble,uncalibrated,0.7692307692307693,complete,her2-pose-v1,13,,1.0,259.87145938862415,192.90242205542958,0.005157233155726837,Review,benchmark,1.0,0.0
rcsb_local_pose_ensemble,1uou,1uou,1uou_pose_012,data/local_set/1uou/poses/1uou_pose_012.sdf,46.36680326236824,lower_better,0.8461538461538461,rcsb_local_pose_ensemble,uncalibrated,0.8461538461538461,complete,her2-pose-v1,10,,1.0,259.87145938862415,192.90242205542958,0.005157233155726837,Review,benchmark,1.0,0.0
rcsb_local_pose_ensemble,1uou,1uou,1uou_pose_013,data/local_set/1uou/poses/1uou_pose_013.sdf,436.1083094069158,lower_better,0.8461538461538461,rcsb_local_pose_ensemble,uncalibrated,0.8461538461538461,complete,her2-pose-v1,1,,1.0,259.87145938862415,192.90242205542958,0.005157233155726837,Pass,benchmark,1.0,0.0
rcsb_local_pose_ensemble,1uou,1uou,1uou_pose_014,data/local_set/1uou/poses/1uou_pose_014.sdf,60.85963300348526,lower_better,0.8461538461538461,rcsb_local_pose_ensemble,uncalibrated,0.8461538461538461,complete,her2-pose-v1,5,,1.0,259.87145938862415,192.90242205542958,0.005157233155726837,Pass,benchmark,1.0,0.0
rcsb_local_pose_ensemble,1uou,1uou,1uou_pose_015,data/local_set/1uou/poses/1uou_pose_015.sdf,450.3323068793909,lower_better,0.7692307692307693,rcsb_local_pose_ensemble,uncalibrated,0.7692307692307693,complete,her2-pose-v1,14,,1.0,259.87145938862415,192.90242205542958,0.005157233155726837,Fail,benchmark,1.0,0.0
rcsb_local_pose_ensemble,1uou,1uou,1uou_pose_016,data/local_set/1uou/poses/1uou_pose_016.sdf,49.21540839901483,lower_better,0.8461538461538461,rcsb_local_pose_ensemble,uncalibrated,0.8461538461538461,complete,her2-pose-v1,12,,1.0,259.87145938862415,192.90242205542958,0.005157233155726837,Review,benchmark,1.0,0.0
rcsb_local_pose_ensemble,1uou,1uou,1uou_pose_017,data/local_set/1uou/poses/1uou_pose_017.sdf,436.13010594712233,lower_better,0.7692307692307693,rcsb_local_pose_ensemble,uncalibrated,0.7692307692307693,complete,her2-pose-v1,7,,1.0,259.87145938862415,192.90242205542958,0.005157233155726837,Review,benchmark,1.0,0.0
rcsb_local_pose_ensemble,1uou,1uou,1uou_pose_018,data/local_set/1uou/poses/1uou_pose_018.sdf,58.00824803575865,lower_better,0.8461538461538461,rcsb_local_pose_ensemble,uncalibrated,0.8461538461538461,complete,her2-pose-v1,6,,1.0,259.87145938862415,192.90242205542958,0.005157233155726837,Pass,benchmark,1.0,0.0
rcsb_local_pose_ensemble,1uou,1uou,1uou_pose_019,data/local_set/1uou/poses/1uou_pose_019.sdf,439.79133235964343,lower_better,0.7692307692307693,rcsb_local_pose_ensemble,uncalibrated,0.7692307692307693,complete,her2-pose-v1,12,,1.0,259.87145938862415,192.90242205542958,0.005157233155726837,Review,benchmark,1.0,0.0
rcsb_local_pose_ensemble,1uou,1uou,1uou_pose_020,data/local_set/1uou/poses/1uou_pose_020.sdf,48.52889498430981,lower_better,0.8461538461538461,rcsb_local_pose_ensemble,uncalibrated,0.8461538461538461,complete,her2-pose-v1,7,,1.0,259.87145938862415,192.90242205542958,0.005157233155726837,Review,benchmark,1.0,0.0
rcsb_local_pose_ensemble,1uou,1uou,1uou_pose_021,data/local_set/1uou/poses/1uou_pose_021.sdf,436.08542190881457,lower_better,0.7692307692307693,rcsb_local_pose_ensemble,uncalibrated,0.7692307692307693,complete,her2-pose-v1,13,,1.0,259.87145938862415,192.90242205542958,0.005157233155726837,Review,benchmark,1.0,0.0
rcsb_local_pose_ensemble,1uou,1uou,1uou_pose_022,data/local_set/1uou/poses/1uou_pose_022.sdf,67.09673809345914,lower_better,0.8461538461538461,rcsb_local_pose_ensemble,uncalibrated,0.8461538461538461,complete,her2-pose-v1,8,,1.0,259.87145938862415,192.90242205542958,0.005157233155726837,Review,benchmark,1.0,0.0
rcsb_local_pose_ensemble,1uou,1uou,1uou_pose_023,data/local_set/1uou/poses/1uou_pose_023.sdf,436.1053238613784,lower_better,0.7692307692307693,rcsb_local_pose_ensemble,uncalibrated,0.7692307692307693,complete,her2-pose-v1,10,,1.0,259.87145938862415,192.90242205542958,0.005157233155726837,Review,benchmark,1.0,0.0
rcsb_local_pose_ensemble,1uou,1uou,1uou_pose_024,data/local_set/1uou/poses/1uou_pose_024.sdf,54.91571150592615,lower_better,0.8461538461538461,rcsb_local_pose_ensemble,uncalibrated,0.8461538461538461,complete,her2-pose-v1,32,,1.0,259.87145938862415,192.90242205542958,0.005157233155726837,Fail,benchmark,1.0,0.0
rcsb_local_pose_ensemble,1uou,1uou,1uou_pose_025,data/local_set/1uou/poses/1uou_pose_025.sdf,436.0869942541305,lower_better,0.7692307692307693,rcsb_local_pose_ensemble,uncalibrated,0.7692307692307693,complete,her2-pose-v1,9,,1.0,259.87145938862415,192.90242205542958,0.005157233155726837,Pass,benchmark,1.0,0.0
rcsb_local_pose_ensemble,1uou,1uou,1uou_pose_026,data/local_set/1uou/poses/1uou_pose_026.sdf,60.15366946546515,lower_better,0.8461538461538461,rcsb_local_pose_ensemble,uncalibrated,0.8461538461538461,complete,her2-pose-v1,16,,1.0,259.87145938862415,192.90242205542958,0.005157233155726837,Review,benchmark,1.0,0.0
rcsb_local_pose_ensemble,1uou,1uou,1uou_pose_027,data/local_set/1uou/poses/1uou_pose_027.sdf,436.1174096573623,lower_better,0.8461538461538461,rcsb_local_pose_ensemble,uncalibrated,0.8461538461538461,complete,her2-pose-v1,1,,1.0,259.87145938862415,192.90242205542958,0.005157233155726837,Pass,benchmark,1.0,0.0
rcsb_local_pose_ensemble,1uou,1uou,1uou_pose_028,data/local_set/1uou/poses/1uou_pose_028.sdf,64.9153808615154,lower_better,0.9230769230769231,rcsb_local_pose_ensemble,uncalibrated,0.9230769230769231,complete,her2-pose-v1,1,,1.0,259.87145938862415,192.90242205542958,0.005157233155726837,Review,benchmark,1.0,0.0
rcsb_local_pose_ensemble,1uou,1uou,1uou_pose_029,data/local_set/1uou/poses/1uou_pose_029.sdf,436.1067973221681,lower_better,0.8461538461538461,rcsb_local_pose_ensemble,uncalibrated,0.8461538461538461,complete,her2-pose-v1,4,,1.0,259.87145938862415,192.90242205542958,0.005157233155726837,Pass,benchmark,1.0,0.0
rcsb_local_pose_ensemble,1v0p,1v0p,1v0p_pose_000,data/local_set/1v0p/poses/1v0p_pose_000.sdf,194.9632151047304,lower_better,1.0,rcsb_local_pose_ensemble,uncalibrated,1.0,complete,her2-pose-v1,0,,0.9538281428992192,165.56036283688303,31.86987797838765,0.03042299094196554,Pass,benchmark,1.0,0.03333333333333333
rcsb_local_pose_ensemble,1v0p,1v0p,1v0p_pose_001,data/local_set/1v0p/poses/1v0p_pose_001.sdf,194.97424271196869,lower_better,0.9230769230769231,rcsb_local_pose_ensemble,uncalibrated,0.9230769230769231,complete,her2-pose-v1,6,,0.9538270562102236,165.56036283688303,31.86987797838765,0.03042299094196554,Pass,benchmark,1.0,0.03333333333333333
rcsb_local_pose_ensemble,1v0p,1v0p,1v0p_pose_002,data/local_set/1v0p/poses/1v0p_pose_002.sdf,133.58385383067716,lower_better,0.8461538461538461,rcsb_local_pose_ensemble,uncalibrated,0.8461538461538461,complete,her2-pose-v1,39,,0.9812837679504944,165.56036283688303,31.86987797838765,0.03042299094196554,Fail,benchmark,1.0,0.03333333333333333
rcsb_local_pose_ensemble,1v0p,1v0p,1v0p_pose_003,data/local_set/1v0p/poses/1v0p_pose_003.sdf,194.96885046705975,lower_better,0.8461538461538461,rcsb_local_pose_ensemble,uncalibrated,0.8461538461538461,complete,her2-pose-v1,10,,0.9538437673742988,165.56036283688303,31.86987797838765,0.03042299094196554,Review,benchmark,1.0,0.03333333333333333
rcsb_local_pose_ensemble,1v0p,1v0p,1v0p_pose_004,data/local_set/1v0p/poses/1v0p_pose_004.sdf,130.8772111099885,lower_better,0.8461538461538461,rcsb_local_pose_ensemble,uncalibrated,0.8461538461538461,complete,her2-pose-v1,31,,0.9880412336436288,165.56036283688303,31.86987797838765,0.03042299094196554,Fail,benchmark,1.0,0.03333333333333333
rcsb_local_pose_ensemble,1v0p,1v0p,1v0p_pose_005,data/local_set/1v0p/poses/1v0p_pose_005.sdf,194.15082420207267,lower_better,0.8461538461538461,rcsb_local_pose_ensemble,uncalibrated,0.8461538461538461,complete,her2-pose-v1,41,,0.953837297381607,165.56036283688303,31.86987797838765,0.03042299094196554,Fail,benchmark,1.0,0.03333333333333333
rcsb_local_pose_ensemble,1v0p,1v0p,1v0p_pose_006,data/local_set/1v0p/poses/1v0p_pose_006.sdf,127.63725666649384,lower_better,0.8461538461538461,rcsb_local_pose_ensemble,uncalibrated,0.8461538461538461,complete,her2-pose-v1,25,,0.964456952683444,165.56036283688303,31.86987797838765,0.03042299094196554,Fail,benchmark,1.0,0.03333333333333333
rcsb_local_pose_ensemble,1v0p,1v0p,1v0p_pose_007,data/local_set/1v0p/poses/1v0p_pose_007.sdf,194.9647190779774,lower_better,0.9230769230769231,rcsb_local_pose_ensemble,uncalibrated,0.9230769230769231,complete,her2-pose-v1,2,,0.9538168972547302,165.56036283688303,31.86987797838765,0.03042299094196554,Pass,benchmark,1.0,0.03333333333333333
rcsb_local_pose_ensemble,1v0p,1v0p,1v0p_pose_008,data/local_set/1v0p/poses/1v0p_pose_008.sdf,127.84959268168949,lower_better,0.9230769230769231,rcsb_local_pose_ensemble,uncalibrated,0.9230769230769231,complete,her2-pose-v1,2,,0.9874911667338824,165.56036283688303,31.86987797838765,0.03042299094196554,Review,benchmark,1.0,0.03333333333333333
rcsb_local_pose_ensemble,1v0p,1v0p,1v0p_pose_009,data/local_set/1v0p/poses/1v0p_pose_009.sdf,194.9154121834373,lower_better,0.9230769230769231,rcsb_local_pose_ensemble,uncalibrated,0.9230769230769231,complete,her2-pose-v1,5,,0.9538534274975063,165.56036283688303,31.86987797838765,0.03042299094196554,Pass,benchmark,1.0,0.03333333333333333
rcsb_local_pose_ensemble,1v0p,1v0p,1v0p_pose_010,data/local_set/1v0p/poses/1v0p_pose_010.sdf,128.13191028748452,lower_better,0.8461538461538461,rcsb_local_pose_ensemble,uncalibrated,0.8461538461538461,complete,her2-pose-v1,45,,0.986442535387824,165.56036283688303,31.86987797838765,0.03042299094196554,Fail,benchmark,1.0,0.03333333333333333
rcsb_local_pose_ensemble,1v0p,1v0p,1v0p_pose_011,data/local_set/1v0p/poses/1v0p_pose_011.sdf,194.06189853316505,lower_better,0.8461538461538461,rcsb_local_pose_ensemble,uncalibrated,0.8461538461538461,complete,her2-pose-v1,32,,0.9538306640129202,165.56036283688303,31.86987797838765,0.03042299094196554,Review,benchmark,1.0,0.03333333333333333
rcsb_local_pose_ensemble,1v0p,1v0p,1v0p_pose_012,data/local_set/1v0p/poses/1v0p_pose_012.sdf,130.0651201476593,lower_better,0.8461538461538461,rcsb_local_pose_ensemble,uncalibrated,0.8461538461538461,complete,her2-pose-v1,7,,0.97062465451834,165.56036283688303,31.86987797838765,0.03042299094196554,Review,benchmark,1.0,0.03333333333333333
rcsb_local_pose_ensemble,1v0p,1v0p,1v0p_pose_013,data/local_set/1v0p/poses/1v0p_pose_013.sdf,194.99595176240769,lower_better,0.8461538461538461,rcsb_local_pose_ensemble,uncalibrated,0.8461538461538461,complete,her2-pose-v1,37,,0.9538528729716722,165.56036283688303,31.86987797838765,0.03042299094196554,Fail,benchmark,1.0,0.03333333333333333
rcsb_local_pose_ensemble,1v0p,1v0p,1v0p_pose_014,data/local_set/1v0p/poses/1v0p_pose_014.sdf,129.61642309508724,lower_better,0.8461538461538461,rcsb_local_pose_ensemble,uncalibrated,0.8461538461538461,complete,her2-pose-v1,43,,0.9866439424922304,165.56036283688303,31.86987797838765,0.03042299094196554,Review,benchmark,1.0,0.03333333333333333
rcsb_local_pose_ensemble,1v0p,1v0p,1v0p_pose_015,data/local_set/1v0p/poses/1v0p_pose_015.sdf,194.99196350568135,lower_better,0.8461538461538461,rcsb_local_pose_ensemble,uncalibrated,0.8461538461538461,complete,her2-pose-v1,6,,0.9538441934807868,165.56036283688303,31.86987797838765,0.03042299094196554,Review,benchmark,1.0,0.03333333333333333
rcsb_local_pose_ensemble,1v0p,1v0p,1v0p_pose_016,data/local_set/1v0p/poses/1v0p_pose_016.sdf,135.4118468237123,lower_better,0.8461538461538461,rcsb_local_pose_ensemble,uncalibrated,0.8461538461538461,complete,her2-pose-v1,52,,0.975384647770672,165.56036283688303,31.86987797838765,0.03042299094196554,Fail,benchmark,1.0,0.03333333333333333
rcsb_local_pose_ensemble,1v0p,1v0p,1v0p_pose_017,data/local_set/1v0p/poses/1v0p_pose_017.sdf,194.9743657457758,lower_better,0.8461538461538461,rcsb_local_pose_ensemble,uncalibrated,0.8461538461538461,complete,her2-pose-v1,28,,0.9538258983911309,165.56036283688303,31.86987797838765,0.03042299094196554,Fail,benchmark,1.0,0.03333333333333333
rcsb_local_pose_ensemble,1v0p,1v0p,1v0p_pose_018,data/local_set/1v0p/poses/1v0p_pose_018.sdf,133.0188923894291,lower_better,0.8461538461538461,rcsb_local_pose_ensemble,uncalibrated,0.8461538461538461,complete,her2-pose-v1,61,,0.9670172840718904,165.56036283688303,31.86987797838765,0.03042299094196554,Fail,benchmark,1.0,0.03333333333333333
rcsb_local_pose_ensemble,1v0p,1v0p,1v0p_pose_019,data/local_set/1v0p/poses/1v0p_pose_019.sdf,194.95432944935115,lower_better,0.8461538461538461,rcsb_local_pose_ensemble,uncalibrated,0.8461538461538461,complete,her2-pose-v1,58,,0.9538435243552104,165.56036283688303,31.86987797838765,0.03042299094196554,Review,benchmark,1.0,0.03333333333333333
rcsb_local_pose_ensemble,1v0p,1v0p,1v0p_pose_020,data/local_set/1v0p/poses/1v0p_pose_020.sdf,134.14747434516434,lower_better,0.8461538461538461,rcsb_local_pose_ensemble,uncalibrated,0.8461538461538461,complete,her2-pose-v1,39,,0.9765211655832752,165.56036283688303,31.86987797838765,0.03042299094196554,Fail,benchmark,1.0,0.03333333333333333
rcsb_local_pose_ensemble,1v0p,1v0p,1v0p_pose_021,data/local_set/1v0p/poses/1v0p_pose_021.sdf,194.9506288918377,lower_better,0.8461538461538461,rcsb_local_pose_ensemble,uncalibrated,0.8461538461538461,complete,her2-pose-v1,31,,0.9538203226624448,165.56036283688303,31.86987797838765,0.03042299094196554,Review,benchmark,1.0,0.03333333333333333
rcsb_local_pose_ensemble,1v0p,1v0p,1v0p_pose_022,data/local_set/1v0p/poses/1v0p_pose_022.sdf,136.06045845561442,lower_better,0.8461538461538461,rcsb_local_pose_ensemble,uncalibrated,0.8461538461538461,complete,her2-pose-v1,13,,0.9661880329192802,165.56036283688303,31.86987797838765,0.03042299094196554,Review,benchmark,1.0,0.03333333333333333
rcsb_local_pose_ensemble,1v0p,1v0p,1v0p_pose_023,data/local_set/1v0p/poses/1v0p_pose_023.sdf,194.15544129525713,lower_better,0.8461538461538461,rcsb_local_pose_ensemble,uncalibrated,0.8461538461538461,complete,her2-pose-v1,19,,0.9538097520030008,165.56036283688303,31.86987797838765,0.03042299094196554,Fail,benchmark,1.0,0.03333333333333333
rcsb_local_pose_ensemble,1v0p,1v0p,1v0p_pose_024,data/local_set/1v0p/poses/1v0p_pose_024.sdf,132.85269943294588,lower_better,0.8461538461538461,rcsb_local_pose_ensemble,uncalibrated,0.8461538461538461,complete,her2-pose-v1,31,,0.9672878809609436,165.56036283688303,31.86987797838765,0.03042299094196554,Fail,benchmark,1.0,0.03333333333333333
rcsb_local_pose_ensemble,1v0p,1v0p,1v0p_pose_025,data/local_set/1v0p/poses/1v0p_pose_025.sdf,194.9780813205636,lower_better,0.8461538461538461,rcsb_local_pose_ensemble,uncalibrated,0.8461538461538461,complete,her2-pose-v1,57,,0.9538325462820746,165.56036283688303,31.86987797838765,0.03042299094196554,Fail,benchmark,1.0,0.03333333333333333
rcsb_local_pose_ensemble,1v0p,1v0p,1v0p_pose_026,data/local_set/1v0p/poses/1v0p_pose_026.sdf,135.57420126249315,lower_better,0.8461538461538461,rcsb_local_pose_ensemble,uncalibrated,0.8461538461538461,complete,her2-pose-v1,74,,0.9822560678133762,165.56036283688303,31.86987797838765,0.03042299094196554,Fail,benchmark,1.0,0.03333333333333333
rcsb_local_pose_ensemble,1v0p,1v0p,1v0p_pose_027,data/local_set/1v0p/poses/1v0p_pose_027.sdf,194.99720061029245,lower_better,0.8461538461538461,rcsb_local_pose_ensemble,uncalibrated,0.8461538461538461,complete,her2-pose-v1,37,,0.9538088971246124,165.56036283688303,31.86987797838765,0.03042299094196554,Fail,benchmark,1.0,0.03333333333333333
rcsb_local_pose_ensemble,1v0p,1v0p,1v0p_pose_028,data/local_set/1v0p/poses/1v0p_pose_028.sdf,135.02571019354485,lower_better,0.8461538461538461,rcsb_local_pose_ensemble,uncalibrated,0.8461538461538461,complete,her2-pose-v1,36,,0.967598522041208,165.56036283688303,31.86987797838765,0.03042299094196554,Fail,benchmark,1.0,0.03333333333333333
rcsb_local_pose_ensemble,1v0p,1v0p,1v0p_pose_029,data/local_set/1v0p/poses/1v0p_pose_029.sdf,194.96110952292824,lower_better,0.9230769230769231,rcsb_local_pose_ensemble,uncalibrated,0.9230769230769231,complete,her2-pose-v1,4,,0.953823009764676,165.56036283688303,31.86987797838765,0.03042299094196554,Review,benchmark,1.0,0.03333333333333333
rcsb_local_pose_ensemble,1v48,1v48,1v48_pose_000,data/local_set/1v48/poses/1v48_pose_000.sdf,160.92660517917676,lower_better,1.0,rcsb_local_pose_ensemble,uncalibrated,1.0,complete,her2-pose-v1,0,,0.9546970402449568,134.7040404337796,27.93027994467127,0.034565859781256356,Pass,benchmark,1.0,0.06666666666666667
rcsb_local_pose_ensemble,1v48,1v48,1v48_pose_001,data/local_set/1v48/poses/1v48_pose_001.sdf,160.91083561806818,lower_better,0.8461538461538461,rcsb_local_pose_ensemble,uncalibrated,0.8461538461538461,complete,her2-pose-v1,5,,0.9546751120907604,134.7040404337796,27.93027994467127,0.034565859781256356,Pass,benchmark,1.0,0.06666666666666667
rcsb_local_pose_ensemble,1v48,1v48,1v48_pose_002,data/local_set/1v48/poses/1v48_pose_002.sdf,107.12266787195442,lower_better,0.8461538461538461,rcsb_local_pose_ensemble,uncalibrated,0.8461538461538461,complete,her2-pose-v1,8,,0.9494757866979616,134.7040404337796,27.93027994467127,0.034565859781256356,Pass,benchmark,1.0,0.06666666666666667
rcsb_local_pose_ensemble,1v48,1v48,1v48_pose_003,data/local_set/1v48/poses/1v48_pose_003.sdf,160.95519436219087,lower_better,0.9230769230769231,rcsb_local_pose_ensemble,uncalibrated,0.9230769230769231,complete,her2-pose-v1,1,,0.954701244943616,134.7040404337796,27.93027994467127,0.034565859781256356,Pass,benchmark,1.0,0.06666666666666667
rcsb_local_pose_ensemble,1v48,1v48,1v48_pose_004,data/local_set/1v48/poses/1v48_pose_004.sdf,103.6822591174233,lower_better,0.8461538461538461,rcsb_local_pose_ensemble,uncalibrated,0.8461538461538461,complete,her2-pose-v1,14,,0.9338724042137244,134.7040404337796,27.93027994467127,0.034565859781256356,Review,benchmark,1.0,0.06666666666666667
rcsb_local_pose_ensemble,1v48,1v48,1v48_pose_005,data/local_set/1v48/poses/1v48_pose_005.sdf,159.6396398002222,lower_better,0.8461538461538461,rcsb_local_pose_ensemble,uncalibrated,0.8461538461538461,complete,her2-pose-v1,16,,0.9546713691191606,134.7040404337796,27.93027994467127,0.034565859781256356,Fail,benchmark,1.0,0.06666666666666667
rcsb_local_pose_ensemble,1v48,1v48,1v48_pose_006,data/local_set/1v48/poses/1v48_pose_006.sdf,105.18254919205243,lower_better,1.0,rcsb_local_pose_ensemble,uncalibrated,1.0,complete,her2-pose-v1,0,,0.9563066974619278,134.7040404337796,27.93027994467127,0.034565859781256356,Pass,benchmark,1.0,0.06666666666666667
rcsb_local_pose_ensemble,1v48,1v48,1v48_pose_007,data/local_set/1v48/poses/1v48_pose_007.sdf,160.9044444039661,lower_better,0.8461538461538461,rcsb_local_pose_ensemble,uncalibrated,0.8461538461538461,complete,her2-pose-v1,17,,0.9547051981281932,134.7040404337796,27.93027994467127,0.034565859781256356,Review,benchmark,1.0,0.06666666666666667
rcsb_local_pose_ensemble,1v48,1v48,1v48_pose_008,data/local_set/1v48/poses/1v48_pose_008.sdf,105.7181524919068,lower_better,0.8461538461538461,rcsb_local_pose_ensemble,uncalibrated,0.8461538461538461,complete,her2-pose-v1,18,,0.938498999018566,134.7040404337796,27.93027994467127,0.034565859781256356,Review,benchmark,1.0,0.06666666666666667
rcsb_local_pose_ensemble,1v48,1v48,1v48_pose_009,data/local_set/1v48/poses/1v48_pose_009.sdf,159.61753823427418,lower_better,0.8461538461538461,rcsb_local_pose_ensemble,uncalibrated,0.8461538461538461,complete,her2-pose-v1,41,,0.9546830025793068,134.7040404337796,27.93027994467127,0.034565859781256356,Fail,benchmark,1.0,0.06666666666666667
rcsb_local_pose_ensemble,1v48,1v48,1v48_pose_010,data/local_set/1v48/poses/1v48_pose_010.sdf,106.48059412435867,lower_better,0.8461538461538461,rcsb_local_pose_ensemble,uncalibrated,0.8461538461538461,complete,her2-pose-v1,17,,0.9736959024447168,134.7040404337796,27.93027994467127,0.034565859781256356,Review,benchmark,1.0,0.06666666666666667
rcsb_local_pose_ensemble,1v48,1v48,1v48_pose_011,data/local_set/1v48/poses/1v48_pose_011.sdf,160.2831735255699,lower_better,0.8461538461538461,rcsb_local_pose_ensemble,uncalibrated,0.8461538461538461,complete,her2-pose-v1,42,,0.9547057236316492,134.7040404337796,27.93027994467127,0.034565859781256356,Fail,benchmark,1.0,0.06666666666666667
rcsb_local_pose_ensemble,1v48,1v48,1v48_pose_012,data/local_set/1v48/poses/1v48_pose_012.sdf,106.37783788200792,lower_better,0.8461538461538461,rcsb_local_pose_ensemble,uncalibrated,0.8461538461538461,complete,her2-pose-v1,17,,0.9737574024781706,134.7040404337796,27.93027994467127,0.034565859781256356,Fail,benchmark,1.0,0.06666666666666667
rcsb_local_pose_ensemble,1v48,1v48,1v48_pose_013,data/local_set/1v48/poses/1v48_pose_013.sdf,159.87700344937437,lower_better,0.8461538461538461,rcsb_local_pose_ensemble,uncalibrated,0.8461538461538461,complete,her2-pose-v1,63,,0.9547244312374992,134.7040404337796,27.93027994467127,0.034565859781256356,Fail,benchmark,1.0,0.06666666666666667
rcsb_local_pose_ensemble,1v48,1v48,1v48_pose_014,data/local_set/1v48/poses/1v48_pose_014.sdf,105.91050276265526,lower_better,0.8461538461538461,rcsb_local_pose_ensemble,uncalibrated,0.8461538461538461,complete,her2-pose-v1,41,,0.9736236654362116,134.7040404337796,27.93027994467127,0.034565859781256356,Fail,benchmark,1.0,0.06666666666666667
rcsb_local_pose_ensemble,1v48,1v48,1v48_pose_015,data/local_set/1v48/poses/1v48_pose_015.sdf,159.71425131350318,lower_better,0.8461538461538461,rcsb_local_pose_ensemble,uncalibrated,0.8461538461538461,complete,her2-pose-v1,30,,0.9546859376160016,134.7040404337796,27.93027994467127,0.034565859781256356,Fail,benchmark,1.0,0.06666666666666667
rcsb_local_pose_ensemble,1v48,1v48,1v48_pose_016,data/local_set/1v48/poses/1v48_pose_016.sdf,102.9405684106171,lower_better,0.8461538461538461,rcsb_local_pose_ensemble,uncalibrated,0.8461538461538461,complete,her2-pose-v1,17,,0.9374466360639442,134.7040404337796,27.93027994467127,0.034565859781256356,Review,benchmark,1.0,0.06666666666666667
rcsb_local_pose_ensemble,1v48,1v48,1v48_pose_017,data/local_set/1v48/poses/1v48_pose_017.sdf,160.91249602849922,lower_better,0.8461538461538461,rcsb_local_pose_ensemble,uncalibrated,0.8461538461538461,complete,her2-pose-v1,45,,0.9547084309025048,134.7040404337796,27.93027994467127,0.034565859781256356,Review,benchmark,1.0,0.06666666666666667
rcsb_local_pose_ensemble,1v48,1v48,1v48_pose_018,data/local_set/1v48/poses/1v48_pose_018.sdf,107.5807093324523,lower_better,0.8461538461538461,rcsb_local_pose_ensemble,uncalibrated,0.8461538461538461,complete,her2-pose-v1,15,,0.9738080033445315,134.7040404337796,27.93027994467127,0.034565859781256356,Review,benchmark,1.0,0.06666666666666667
rcsb_local_pose_ensemble,1v48,1v48,1v48_pose_019,data/local_set/1v48/poses/1v48_pose_019.sdf,160.2017254278267,lower_better,0.8461538461538461,rcsb_local_pose_ensemble,uncalibrated,0.8461538461538461,complete,her2-pose-v1,37,,0.9547111201558792,134.7040404337796,27.93027994467127,0.034565859781256356,Review,benchmark,1.0,0.06666666666666667
rcsb_local_pose_ensemble,1v48,1v48,1v48_pose_020,data/local_set/1v48/poses/1v48_pose_020.sdf,104.38643516857724,lower_better,0.8461538461538461,rcsb_local_pose_ensemble,uncalibrated,0.8461538461538461,complete,her2-pose-v1,38,,0.9737872699101958,134.7040404337796,27.93027994467127,0.034565859781256356,Fail,benchmark,1.0,0.06666666666666667
rcsb_local_pose_ensemble,1v48,1v48,1v48_pose_021,data/local_set/1v48/poses/1v48_pose_021.sdf,159.74929594345514,lower_better,0.8461538461538461,rcsb_local_pose_ensemble,uncalibrated,0.8461538461538461,complete,her2-pose-v1,24,,0.9546678210335424,134.7040404337796,27.93027994467127,0.034565859781256356,Fail,benchmark,1.0,0.06666666666666667
rcsb_local_pose_ensemble,1v48,1v48,1v48_pose_022,data/local_set/1v48/poses/1v48_pose_022.sdf,107.6537020796098,lower_better,0.8461538461538461,rcsb_local_pose_ensemble,uncalibrated,0.8461538461538461,complete,her2-pose-v1,40,,0.9410688577491886,134.7040404337796,27.93027994467127,0.034565859781256356,Fail,benchmark,1.0,0.06666666666666667
rcsb_local_pose_ensemble,1v48,1v48,1v48_pose_023,data/local_set/1v48/poses/1v48_pose_023.sdf,160.75656017848078,lower_better,0.8461538461538461,rcsb_local_pose_ensemble,uncalibrated,0.8461538461538461,complete,her2-pose-v1,55,,0.9547201552456204,134.7040404337796,27.93027994467127,0.034565859781256356,Fail,benchmark,1.0,0.06666666666666667
rcsb_local_pose_ensemble,1v48,1v48,1v48_pose_024,data/local_set/1v48/poses/1v48_pose_024.sdf,104.96065883919088,lower_better,0.8461538461538461,rcsb_local_pose_ensemble,uncalibrated,0.8461538461538461,complete,her2-pose-v1,44,,0.9737179124822132,134.7040404337796,27.93027994467127,0.034565859781256356,Fail,benchmark,1.0,0.06666666666666667
rcsb_local_pose_ensemble,1v48,1v48,1v48_pose_025,data/local_set/1v48/poses/1v48_pose_025.sdf,160.91799689600256,lower_better,0.8461538461538461,rcsb_local_pose_ensemble,uncalibrated,0.8461538461538461,complete,her2-pose-v1,55,,0.9546954714380034,134.7040404337796,27.93027994467127,0.034565859781256356,Fail,benchmark,1.0,0.06666666666666667
rcsb_local_pose_ensemble,1v48,1v48,1v48_pose_026,data/local_set/1v48/poses/1v48_pose_026.sdf,104.68607853930584,lower_better,0.8461538461538461,rcsb_local_pose_ensemble,uncalibrated,0.8461538461538461,complete,her2-pose-v1,31,,0.9743859748142754,134.7040404337796,27.93027994467127,0.034565859781256356,Fail,benchmark,1.0,0.06666666666666667
rcsb_local_pose_ensemble,1v48,1v48,1v48_pose_027,data/local_set/1v48/poses/1v48_pose_027.sdf,159.61449227848084,lower_better,0.8461538461538461,rcsb_local_pose_ensemble,uncalibrated,0.8461538461538461,complete,her2-pose-v1,8,,0.9547028356103195,134.7040404337796,27.93027994467127,0.034565859781256356,Review,benchmark,1.0,0.06666666666666667
rcsb_local_pose_ensemble,1v48,1v48,1v48_pose_028,data/local_set/1v48/poses/1v48_pose_028.sdf,102.53499514888304,lower_better,0.8461538461538461,rcsb_local_pose_ensemble,uncalibrated,0.8461538461538461,complete,her2-pose-v1,26,,0.973703804035441,134.7040404337796,27.93027994467127,0.034565859781256356,Fail,benchmark,1.0,0.06666666666666667
rcsb_local_pose_ensemble,1v48,1v48,1v48_pose_029,data/local_set/1v48/poses/1v48_pose_029.sdf,160.9222494133015,lower_better,0.9230769230769231,rcsb_local_pose_ensemble,uncalibrated,0.9230769230769231,complete,her2-pose-v1,1,,0.9546718039452788,134.7040404337796,27.93027994467127,0.034565859781256356,Pass,benchmark,1.0,0.06666666666666667
rcsb_local_pose_ensemble,1v4s,1v4s,1v4s_pose_000,data/local_set/1v4s/poses/1v4s_pose_000.sdf,152.38298558558444,lower_better,1.0,rcsb_local_pose_ensemble,uncalibrated,1.0,complete,her2-pose-v1,0,,0.9319300363897156,142.6322908762114,10.848486340553153,0.08439896635381651,Pass,benchmark,1.0,0.03333333333333333
rcsb_local_pose_ensemble,1v4s,1v4s,1v4s_pose_001,data/local_set/1v4s/poses/1v4s_pose_001.sdf,152.39172620704358,lower_better,0.8461538461538461,rcsb_local_pose_ensemble,uncalibrated,0.8461538461538461,complete,her2-pose-v1,53,,0.931934474789666,142.6322908762114,10.848486340553153,0.08439896635381651,Fail,benchmark,1.0,0.03333333333333333
rcsb_local_pose_ensemble,1v4s,1v4s,1v4s_pose_002,data/local_set/1v4s/poses/1v4s_pose_002.sdf,131.11017810024384,lower_better,0.8461538461538461,rcsb_local_pose_ensemble,uncalibrated,0.8461538461538461,complete,her2-pose-v1,11,,0.9201479343686932,142.6322908762114,10.848486340553153,0.08439896635381651,Review,benchmark,1.0,0.03333333333333333
rcsb_local_pose_ensemble,1v4s,1v4s,1v4s_pose_003,data/local_set/1v4s/poses/1v4s_pose_003.sdf,152.37934348037223,lower_better,0.8461538461538461,rcsb_local_pose_ensemble,uncalibrated,0.8461538461538461,complete,her2-pose-v1,50,,0.9319400950258612,142.6322908762114,10.848486340553153,0.08439896635381651,Fail,benchmark,1.0,0.03333333333333333
rcsb_local_pose_ensemble,1v4s,1v4s,1v4s_pose_004,data/local_set/1v4s/poses/1v4s_pose_004.sdf,125.72980467791554,lower_better,0.8461538461538461,rcsb_local_pose_ensemble,uncalibrated,0.8461538461538461,complete,her2-pose-v1,37,,0.9254640723572504,142.6322908762114,10.848486340553153,0.08439896635381651,Review,benchmark,1.0,0.03333333333333333
rcsb_local_pose_ensemble,1v4s,1v4s,1v4s_pose_005,data/local_set/1v4s/poses/1v4s_pose_005.sdf,152.3858783444949,lower_better,0.9230769230769231,rcsb_local_pose_ensemble,uncalibrated,0.9230769230769231,complete,her2-pose-v1,1,,0.9319280699540092,142.6322908762114,10.848486340553153,0.08439896635381651,Pass,benchmark,1.0,0.03333333333333333
rcsb_local_pose_ensemble,1v4s,1v4s,1v4s_pose_006,data/local_set/1v4s/poses/1v4s_pose_006.sdf,128.23503176986645,lower_better,0.8461538461538461,rcsb_local_pose_ensemble,uncalibrated,0.8461538461538461,complete,her2-pose-v1,36,,0.9216837729419428,142.6322908762114,10.848486340553153,0.08439896635381651,Fail,benchmark,1.0,0.03333333333333333
rcsb_local_pose_ensemble,1v4s,1v4s,1v4s_pose_007,data/local_set/1v4s/poses/1v4s_pose_007.sdf,152.37340285172493,lower_better,0.8461538461538461,rcsb_local_pose_ensemble,uncalibrated,0.8461538461538461,complete,her2-pose-v1,22,,0.9319147095532916,142.6322908762114,10.848486340553153,0.08439896635381651,Review,benchmark,1.0,0.03333333333333333
rcsb_local_pose_ensemble,1v4s,1v4s,1v4s_pose_008,data/local_set/1v4s/poses/1v4s_pose_008.sdf,127.84860548812082,lower_better,0.8461538461538461,rcsb_local_pose_ensemble,uncalibrated,0.8461538461538461,complete,her2-pose-v1,43,,0.925831731209242,142.6322908762114,10.848486340553153,0.08439896635381651,Fail,benchmark,1.0,0.03333333333333333
rcsb_local_pose_ensemble,1v4s,1v4s,1v4s_pose_009,data/local_set/1v4s/poses/1v4s_pose_009.sdf,152.38708522082345,lower_better,0.8461538461538461,rcsb_local_pose_ensemble,uncalibrated,0.8461538461538461,complete,her2-pose-v1,60,,0.931935754844137,142.6322908762114,10.848486340553153,0.08439896635381651,Fail,benchmark,1.0,0.03333333333333333
rcsb_local_pose_ensemble,1v4s,1v4s,1v4s_pose_010,data/local_set/1v4s/poses/1v4s_pose_010.sdf,131.6832194326668,lower_better,0.8461538461538461,rcsb_local_pose_ensemble,uncalibrated,0.8461538461538461,complete,her2-pose-v1,34,,0.9135174207352094,142.6322908762114,10.848486340553153,0.08439896635381651,Review,benchmark,1.0,0.03333333333333333
rcsb_local_pose_ensemble,1v4s,1v4s,1v4s_pose_011,data/local_set/1v4s/poses/1v4s_pose_011.sdf,152.3834908723902,lower_better,0.8461538461538461,rcsb_local_pose_ensemble,uncalibrated,0.8461538461538461,complete,her2-pose-v1,63,,0.9319150170971104,142.6322908762114,10.848486340553153,0.08439896635381651,Fail,benchmark,1.0,0.03333333333333333
rcsb_local_pose_ensemble,1v4s,1v4s,1v4s_pose_012,data/local_set/1v4s/poses/1v4s_pose_012.sdf,135.07692069812583,lower_better,0.8461538461538461,rcsb_local_pose_ensemble,uncalibrated,0.8461538461538461,complete,her2-pose-v1,30,,0.912464323470018,142.6322908762114,10.848486340553153,0.08439896635381651,Review,benchmark,1.0,0.03333333333333333
rcsb_local_pose_ensemble,1v4s,1v4s,1v4s_pose_013,data/local_set/1v4s/poses/1v4s_pose_013.sdf,152.3735398422497,lower_better,0.8461538461538461,rcsb_local_pose_ensemble,uncalibrated,0.8461538461538461,complete,her2-pose-v1,44,,0.931914211779306,142.6322908762114,10.848486340553153,0.08439896635381651,Fail,benchmark,1.0,0.03333333333333333
rcsb_local_pose_ensemble,1v4s,1v4s,1v4s_pose_014,data/local_set/1v4s/poses/1v4s_pose_014.sdf,131.73971986820743,lower_better,0.8461538461538461,rcsb_local_pose_ensemble,uncalibrated,0.8461538461538461,complete,her2-pose-v1,62,,0.9179199671774338,142.6322908762114,10.848486340553153,0.08439896635381651,Fail,benchmark,1.0,0.03333333333333333
rcsb_local_pose_ensemble,1v4s,1v4s,1v4s_pose_015,data/local_set/1v4s/poses/1v4s_pose_015.sdf,152.36731918541616,lower_better,0.8461538461538461,rcsb_local_pose_ensemble,uncalibrated,0.8461538461538461,complete,her2-pose-v1,37,,0.9319146243224768,142.6322908762114,10.848486340553153,0.08439896635381651,Fail,benchmark,1.0,0.03333333333333333
rcsb_local_pose_ensemble,1v4s,1v4s,1v4s_pose_016,data/local_set/1v4s/poses/1v4s_pose_016.sdf,133.58299431140506,lower_better,0.8461538461538461,rcsb_local_pose_ensemble,uncalibrated,0.8461538461538461,complete,her2-pose-v1,56,,0.9178103939352742,142.6322908762114,10.848486340553153,0.08439896635381651,Fail,benchmark,1.0,0.03333333333333333
rcsb_local_pose_ensemble,1v4s,1v4s,1v4s_pose_017,data/local_set/1v4s/poses/1v4s_pose_017.sdf,152.37808774059584,lower_better,0.8461538461538461,rcsb_local_pose_ensemble,uncalibrated,0.8461538461538461,complete,her2-pose-v1,23,,0.9319189172883866,142.6322908762114,10.848486340553153,0.08439896635381651,Review,benchmark,1.0,0.03333333333333333
rcsb_local_pose_ensemble,1v4s,1v4s,1v4s_pose_018,data/local_set/1v4s/poses/1v4s_pose_018.sdf,133.56825030012405,lower_better,0.8461538461538461,rcsb_local_pose_ensemble,uncalibrated,0.8461538461538461,complete,her2-pose-v1,16,,0.9177698337450744,142.6322908762114,10.848486340553153,0.08439896635381651,Review,benchmark,1.0,0.03333333333333333
rcsb_local_pose_ensemble,1v4s,1v4s,1v4s_pose_019,data/local_set/1v4s/poses/1v4s_pose_019.sdf,152.37940090024338,lower_better,0.8461538461538461,rcsb_local_pose_ensemble,uncalibrated,0.8461538461538461,complete,her2-pose-v1,44,,0.9319307558163776,142.6322908762114,10.848486340553153,0.08439896635381651,Fail,benchmark,1.0,0.03333333333333333
rcsb_local_pose_ensemble,1v4s,1v4s,1v4s_pose_020,data/local_set/1v4s/poses/1v4s_pose_020.sdf,131.7815394515995,lower_better,0.8461538461538461,rcsb_local_pose_ensemble,uncalibrated,0.8461538461538461,complete,her2-pose-v1,49,,0.9182029547523296,142.6322908762114,10.848486340553153,0.08439896635381651,Fail,benchmark,1.0,0.03333333333333333
rcsb_local_pose_ensemble,1v4s,1v4s,1v4s_pose_021,data/local_set/1v4s/poses/1v4s_pose_021.sdf,152.39000971950998,lower_better,0.8461538461538461,rcsb_local_pose_ensemble,uncalibrated,0.8461538461538461,complete,her2-pose-v1,35,,0.931934179890792,142.6322908762114,10.848486340553153,0.08439896635381651,Fail,benchmark,1.0,0.03333333333333333
rcsb_local_pose_ensemble,1v4s,1v4s,1v4s_pose_022,data/local_set/1v4s/poses/1v4s_pose_022.sdf,133.28244589950882,lower_better,0.8461538461538461,rcsb_local_pose_ensemble,uncalibrated,0.8461538461538461,complete,her2-pose-v1,23,,0.9180756297356653,142.6322908762114,10.848486340553153,0.08439896635381651,Review,benchmark,1.0,0.03333333333333333
rcsb_local_pose_ensemble,1v4s,1v4s,1v4s_pose_023,data/local_set/1v4s/poses/1v4s_pose_023.sdf,152.37745932869012,lower_better,0.8461538461538461,rcsb_local_pose_ensemble,uncalibrated,0.8461538461538461,complete,her2-pose-v1,50,,0.9319439562248228,142.6322908762114,10.848486340553153,0.08439896635381651,Fail,benchmark,1.0,0.03333333333333333
rcsb_local_pose_ensemble,1v4s,1v4s,1v4s_pose_024,data/local_set/1v4s/poses/1v4s_pose_024.sdf,129.977550381645,lower_better,0.8461538461538461,rcsb_local_pose_ensemble,uncalibrated,0.8461538461538461,complete,her2-pose-v1,42,,0.8991813077527685,142.6322908762114,10.848486340553153,0.08439896635381651,Fail,benchmark,1.0,0.03333333333333333
rcsb_local_pose_ensemble,1v4s,1v4s,1v4s_pose_025,data/local_set/1v4s/poses/1v4s_pose_025.sdf,152.3780945100162,lower_better,0.8461538461538461,rcsb_local_pose_ensemble,uncalibrated,0.8461538461538461,complete,her2-pose-v1,47,,0.9319496843156116,142.6322908762114,10.848486340553153,0.08439896635381651,Fail,benchmark,1.0,0.03333333333333333
rcsb_local_pose_ensemble,1v4s,1v4s,1v4s_pose_026,data/local_set/1v4s/poses/1v4s_pose_026.sdf,139.16901441664947,lower_better,0.8461538461538461,rcsb_local_pose_ensemble,uncalibrated,0.8461538461538461,complete,her2-pose-v1,37,,0.913386429084702,142.6322908762114,10.848486340553153,0.08439896635381651,Review,benchmark,1.0,0.03333333333333333
rcsb_local_pose_ensemble,1v4s,1v4s,1v4s_pose_027,data/local_set/1v4s/poses/1v4s_pose_027.sdf,152.38048862049502,lower_better,0.8461538461538461,rcsb_local_pose_ensemble,uncalibrated,0.8461538461538461,complete,her2-pose-v1,67,,0.931930005927494,142.6322908762114,10.848486340553153,0.08439896635381651,Fail,benchmark,1.0,0.03333333333333333
rcsb_local_pose_ensemble,1v4s,1v4s,1v4s_pose_028,data/local_set/1v4s/poses/1v4s_pose_028.sdf,128.09564478146794,lower_better,0.8461538461538461,rcsb_local_pose_ensemble,uncalibrated,0.8461538461538461,complete,her2-pose-v1,64,,0.920486524336008,142.6322908762114,10.848486340553153,0.08439896635381651,Fail,benchmark,1.0,0.03333333333333333
rcsb_local_pose_ensemble,1v4s,1v4s,1v4s_pose_029,data/local_set/1v4s/poses/1v4s_pose_029.sdf,152.37949429914582,lower_better,0.8461538461538461,rcsb_local_pose_ensemble,uncalibrated,0.8461538461538461,complete,her2-pose-v1,45,,0.9319305983203175,142.6322908762114,10.848486340553153,0.08439896635381651,Fail,benchmark,1.0,0.03333333333333333
rcsb_local_pose_ensemble,1vcj,1vcj,1vcj_pose_000,data/local_set/1vcj/poses/1vcj_pose_000.sdf,100.1300392392585,lower_better,1.0,rcsb_local_pose_ensemble,uncalibrated,1.0,complete,her2-pose-v1,0,,0.965828728153523,96.14539280680214,5.489934066680536,0.1540847703113075,Pass,benchmark,1.0,0.03333333333333333
rcsb_local_pose_ensemble,1vcj,1vcj,1vcj_pose_001,data/local_set/1vcj/poses/1vcj_pose_001.sdf,101.06986532066648,lower_better,0.8461538461538461,rcsb_local_pose_ensemble,uncalibrated,0.8461538461538461,complete,her2-pose-v1,16,,0.9658626539650276,96.14539280680214,5.489934066680536,0.1540847703113075,Fail,benchmark,1.0,0.03333333333333333
rcsb_local_pose_ensemble,1vcj,1vcj,1vcj_pose_002,data/local_set/1vcj/poses/1vcj_pose_002.sdf,87.10973495763723,lower_better,0.8461538461538461,rcsb_local_pose_ensemble,uncalibrated,0.8461538461538461,complete,her2-pose-v1,28,,0.9664292799155352,96.14539280680214,5.489934066680536,0.1540847703113075,Fail,benchmark,1.0,0.03333333333333333
rcsb_local_pose_ensemble,1vcj,1vcj,1vcj_pose_003,data/local_set/1vcj/poses/1vcj_pose_003.sdf,95.1368570566422,lower_better,0.8461538461538461,rcsb_local_pose_ensemble,uncalibrated,0.8461538461538461,complete,her2-pose-v1,15,,0.9658471191519122,96.14539280680214,5.489934066680536,0.1540847703113075,Fail,benchmark,1.0,0.03333333333333333
rcsb_local_pose_ensemble,1vcj,1vcj,1vcj_pose_004,data/local_set/1vcj/poses/1vcj_pose_004.sdf,92.8032340316898,lower_better,0.8461538461538461,rcsb_local_pose_ensemble,uncalibrated,0.8461538461538461,complete,her2-pose-v1,10,,0.9658647584550482,96.14539280680214,5.489934066680536,0.1540847703113075,Review,benchmark,1.0,0.03333333333333333
rcsb_local_pose_ensemble,1vcj,1vcj,1vcj_pose_005,data/local_set/1vcj/poses/1vcj_pose_005.sdf,95.1292324483462,lower_better,0.8461538461538461,rcsb_local_pose_ensemble,uncalibrated,0.8461538461538461,complete,her2-pose-v1,13,,0.965847076642926,96.14539280680214,5.489934066680536,0.1540847703113075,Fail,benchmark,1.0,0.03333333333333333
rcsb_local_pose_ensemble,1vcj,1vcj,1vcj_pose_006,data/local_set/1vcj/poses/1vcj_pose_006.sdf,91.1932548100205,lower_better,0.8461538461538461,rcsb_local_pose_ensemble,uncalibrated,0.8461538461538461,complete,her2-pose-v1,18,,0.959788852389446,96.14539280680214,5.489934066680536,0.1540847703113075,Fail,benchmark,1.0,0.03333333333333333
rcsb_local_pose_ensemble,1vcj,1vcj,1vcj_pose_007,data/local_set/1vcj/poses/1vcj_pose_007.sdf,101.09069014037324,lower_better,0.8461538461538461,rcsb_local_pose_ensemble,uncalibrated,0.8461538461538461,complete,her2-pose-v1,21,,0.9658322265235488,96.14539280680214,5.489934066680536,0.1540847703113075,Fail,benchmark,1.0,0.03333333333333333
rcsb_local_pose_ensemble,1vcj,1vcj,1vcj_pose_008,data/local_set/1vcj/poses/1vcj_pose_008.sdf,83.21931333456226,lower_better,0.8461538461538461,rcsb_local_pose_ensemble,uncalibrated,0.8461538461538461,complete,her2-pose-v1,16,,0.9661494534964828,96.14539280680214,5.489934066680536,0.1540847703113075,Fail,benchmark,1.0,0.03333333333333333
rcsb_local_pose_ensemble,1vcj,1vcj,1vcj_pose_009,data/local_set/1vcj/poses/1vcj_pose_009.sdf,100.14183995117789,lower_better,0.8461538461538461,rcsb_local_pose_ensemble,uncalibrated,0.8461538461538461,complete,her2-pose-v1,14,,0.9658356117218432,96.14539280680214,5.489934066680536,0.1540847703113075,Review,benchmark,1.0,0.03333333333333333
rcsb_local_pose_ensemble,1vcj,1vcj,1vcj_pose_010,data/local_set/1vcj/poses/1vcj_pose_010.sdf,100.14826006807348,lower_better,0.8461538461538461,rcsb_local_pose_ensemble,uncalibrated,0.8461538461538461,complete,her2-pose-v1,23,,0.874970397944359,96.14539280680214,5.489934066680536,0.1540847703113075,Fail,benchmark,1.0,0.03333333333333333
rcsb_local_pose_ensemble,1vcj,1vcj,1vcj_pose_011,data/local_set/1vcj/poses/1vcj_pose_011.sdf,95.42031019001408,lower_better,0.8461538461538461,rcsb_local_pose_ensemble,uncalibrated,0.8461538461538461,complete,her2-pose-v1,18,,0.9658095003635574,96.14539280680214,5.489934066680536,0.1540847703113075,Fail,benchmark,1.0,0.03333333333333333
rcsb_local_pose_ensemble,1vcj,1vcj,1vcj_pose_012,data/local_set/1vcj/poses/1vcj_pose_012.sdf,83.75020919701487,lower_better,0.8461538461538461,rcsb_local_pose_ensemble,uncalibrated,0.8461538461538461,complete,her2-pose-v1,41,,0.9653753669218632,96.14539280680214,5.489934066680536,0.1540847703113075,Fail,benchmark,1.0,0.03333333333333333
rcsb_local_pose_ensemble,1vcj,1vcj,1vcj_pose_013,data/local_set/1vcj/poses/1vcj_pose_013.sdf,101.0854771701036,lower_better,0.8461538461538461,rcsb_local_pose_ensemble,uncalibrated,0.8461538461538461,complete,her2-pose-v1,6,,0.9658265170430173,96.14539280680214,5.489934066680536,0.1540847703113075,Fail,benchmark,1.0,0.03333333333333333
rcsb_local_pose_ensemble,1vcj,1vcj,1vcj_pose_014,data/local_set/1vcj/poses/1vcj_pose_014.sdf,99.46715375926914,lower_better,0.8461538461538461,rcsb_local_pose_ensemble,uncalibrated,0.8461538461538461,complete,her2-pose-v1,7,,0.9094822323525492,96.14539280680214,5.489934066680536,0.1540847703113075,Fail,benchmark,1.0,0.03333333333333333
rcsb_local_pose_ensemble,1vcj,1vcj,1vcj_pose_015,data/local_set/1vcj/poses/1vcj_pose_015.sdf,95.43238905830329,lower_better,0.9230769230769231,rcsb_local_pose_ensemble,uncalibrated,0.9230769230769231,complete,her2-pose-v1,2,,0.9658254830342804,96.14539280680214,5.489934066680536,0.1540847703113075,Fail,benchmark,1.0,0.03333333333333333
rcsb_local_pose_ensemble,1vcj,1vcj,1vcj_pose_016,data/local_set/1vcj/poses/1vcj_pose_016.sdf,90.3722110188694,lower_better,0.8461538461538461,rcsb_local_pose_ensemble,uncalibrated,0.8461538461538461,complete,her2-pose-v1,37,,0.9647021370858976,96.14539280680214,5.489934066680536,0.1540847703113075,Fail,benchmark,1.0,0.03333333333333333
rcsb_local_pose_ensemble,1vcj,1vcj,1vcj_pose_017,data/local_set/1vcj/poses/1vcj_pose_017.sdf,100.41231530150908,lower_better,0.8461538461538461,rcsb_local_pose_ensemble,uncalibrated,0.8461538461538461,complete,her2-pose-v1,31,,0.96583414065287,96.14539280680214,5.489934066680536,0.1540847703113075,Review,benchmark,1.0,0.03333333333333333
rcsb_local_pose_ensemble,1vcj,1vcj,1vcj_pose_018,data/local_set/1vcj/poses/1vcj_pose_018.sdf,89.53128150030837,lower_better,0.8461538461538461,rcsb_local_pose_ensemble,uncalibrated,0.8461538461538461,complete,her2-pose-v1,28,,0.9663550010354944,96.14539280680214,5.489934066680536,0.1540847703113075,Fail,benchmark,1.0,0.03333333333333333
rcsb_local_pose_ensemble,1vcj,1vcj,1vcj_pose_019,data/local_set/1vcj/poses/1vcj_pose_019.sdf,95.12611454818212,lower_better,0.8461538461538461,rcsb_local_pose_ensemble,uncalibrated,0.8461538461538461,complete,her2-pose-v1,14,,0.9658547976807802,96.14539280680214,5.489934066680536,0.1540847703113075,Fail,benchmark,1.0,0.03333333333333333
rcsb_local_pose_ensemble,1vcj,1vcj,1vcj_pose_020,data/local_set/1vcj/poses/1vcj_pose_020.sdf,99.2023144289966,lower_better,0.8461538461538461,rcsb_local_pose_ensemble,uncalibrated,0.8461538461538461,complete,her2-pose-v1,13,,0.8701783901385183,96.14539280680214,5.489934066680536,0.1540847703113075,Fail,benchmark,1.0,0.03333333333333333
rcsb_local_pose_ensemble,1vcj,1vcj,1vcj_pose_021,data/local_set/1vcj/poses/1vcj_pose_021.sdf,101.08361911399564,lower_better,0.8461538461538461,rcsb_local_pose_ensemble,uncalibrated,0.8461538461538461,complete,her2-pose-v1,14,,0.9658432717818614,96.14539280680214,5.489934066680536,0.1540847703113075,Review,benchmark,1.0,0.03333333333333333
rcsb_local_pose_ensemble,1vcj,1vcj,1vcj_pose_022,data/local_set/1vcj/poses/1vcj_pose_022.sdf,102.61513667463228,lower_better,0.8461538461538461,rcsb_local_pose_ensemble,uncalibrated,0.8461538461538461,complete,her2-pose-v1,16,,0.9653296563131034,96.14539280680214,5.489934066680536,0.1540847703113075,Review,benchmark,1.0,0.03333333333333333
rcsb_local_pose_ensemble,1vcj,1vcj,1vcj_pose_023,data/local_set/1vcj/poses/1vcj_pose_023.sdf,101.07736157279186,lower_better,0.9230769230769231,rcsb_local_pose_ensemble,uncalibrated,0.9230769230769231,complete,her2-pose-v1,5,,0.9658455738593084,96.14539280680214,5.489934066680536,0.1540847703113075,Pass,benchmark,1.0,0.03333333333333333
rcsb_local_pose_ensemble,1vcj,1vcj,1vcj_pose_024,data/local_set/1vcj/poses/1vcj_pose_024.sdf,91.69293726846516,lower_better,0.8461538461538461,rcsb_local_pose_ensemble,uncalibrated,0.8461538461538461,complete,her2-pose-v1,6,,0.9659870631111976,96.14539280680214,5.489934066680536,0.1540847703113075,Review,benchmark,1.0,0.03333333333333333
rcsb_local_pose_ensemble,1vcj,1vcj,1vcj_pose_025,data/local_set/1vcj/poses/1vcj_pose_025.sdf,101.08190857982642,lower_better,0.8461538461538461,rcsb_local_pose_ensemble,uncalibrated,0.8461538461538461,complete,her2-pose-v1,28,,0.9658226294757688,96.14539280680214,5.489934066680536,0.1540847703113075,Fail,benchmark,1.0,0.03333333333333333
rcsb_local_pose_ensemble,1vcj,1vcj,1vcj_pose_026,data/local_set/1vcj/poses/1vcj_pose_026.sdf,100.94871676001442,lower_better,0.8461538461538461,rcsb_local_pose_ensemble,uncalibrated,0.8461538461538461,complete,her2-pose-v1,22,,0.9657308499435772,96.14539280680214,5.489934066680536,0.1540847703113075,Review,benchmark,1.0,0.03333333333333333
rcsb_local_pose_ensemble,1vcj,1vcj,1vcj_pose_027,data/local_set/1vcj/poses/1vcj_pose_027.sdf,101.07707206567646,lower_better,0.8461538461538461,rcsb_local_pose_ensemble,uncalibrated,0.8461538461538461,complete,her2-pose-v1,11,,0.965836629554172,96.14539280680214,5.489934066680536,0.1540847703113075,Review,benchmark,1.0,0.03333333333333333
rcsb_local_pose_ensemble,1vcj,1vcj,1vcj_pose_028,data/local_set/1vcj/poses/1vcj_pose_028.sdf,92.6749944042612,lower_better,0.8461538461538461,rcsb_local_pose_ensemble,uncalibrated,0.8461538461538461,complete,her2-pose-v1,16,,0.9658462401217484,96.14539280680214,5.489934066680536,0.1540847703113075,Fail,benchmark,1.0,0.03333333333333333
rcsb_local_pose_ensemble,1vcj,1vcj,1vcj_pose_029,data/local_set/1vcj/poses/1vcj_pose_029.sdf,95.1379402333821,lower_better,0.8461538461538461,rcsb_local_pose_ensemble,uncalibrated,0.8461538461538461,complete,her2-pose-v1,40,,0.9658276157135058,96.14539280680214,5.489934066680536,0.1540847703113075,Fail,benchmark,1.0,0.03333333333333333
rcsb_local_pose_ensemble,1w1p,1w1p,1w1p_pose_000,data/local_set/1w1p/poses/1w1p_pose_000.sdf,35.20482365687986,lower_better,1.0,rcsb_local_pose_ensemble,uncalibrated,1.0,complete,her2-pose-v1,0,,0.9939426808084156,35.790513459823664,1.1795020740071134,0.4588203938532871,Pass,benchmark,1.0,0.1
rcsb_local_pose_ensemble,1w1p,1w1p,1w1p_pose_001,data/local_set/1w1p/poses/1w1p_pose_001.sdf,35.211058435958606,lower_better,0.8461538461538461,rcsb_local_pose_ensemble,uncalibrated,0.8461538461538461,complete,her2-pose-v1,3,,0.9939483517280086,35.790513459823664,1.1795020740071134,0.4588203938532871,Review,benchmark,1.0,0.1
rcsb_local_pose_ensemble,1w1p,1w1p,1w1p_pose_002,data/local_set/1w1p/poses/1w1p_pose_002.sdf,35.710560965906836,lower_better,0.8461538461538461,rcsb_local_pose_ensemble,uncalibrated,0.8461538461538461,complete,her2-pose-v1,16,,0.978722980560219,35.790513459823664,1.1795020740071134,0.4588203938532871,Review,benchmark,1.0,0.1
rcsb_local_pose_ensemble,1w1p,1w1p,1w1p_pose_003,data/local_set/1w1p/poses/1w1p_pose_003.sdf,35.21288568735034,lower_better,0.8461538461538461,rcsb_local_pose_ensemble,uncalibrated,0.8461538461538461,complete,her2-pose-v1,4,,0.9939204923864596,35.790513459823664,1.1795020740071134,0.4588203938532871,Review,benchmark,1.0,0.1
rcsb_local_pose_ensemble,1w1p,1w1p,1w1p_pose_004,data/local_set/1w1p/poses/1w1p_pose_004.sdf,35.701923463997346,lower_better,0.8461538461538461,rcsb_local_pose_ensemble,uncalibrated,0.8461538461538461,complete,her2-pose-v1,27,,0.978733488472414,35.790513459823664,1.1795020740071134,0.4588203938532871,Review,benchmark,1.0,0.1
rcsb_local_pose_ensemble,1w1p,1w1p,1w1p_pose_005,data/local_set/1w1p/poses/1w1p_pose_005.sdf,35.206528134593384,lower_better,1.0,rcsb_local_pose_ensemble,uncalibrated,1.0,complete,her2-pose-v1,0,,0.9939564499538692,35.790513459823664,1.1795020740071134,0.4588203938532871,Pass,benchmark,1.0,0.1
rcsb_local_pose_ensemble,1w1p,1w1p,1w1p_pose_006,data/local_set/1w1p/poses/1w1p_pose_006.sdf,35.708099797546865,lower_better,0.8461538461538461,rcsb_local_pose_ensemble,uncalibrated,0.8461538461538461,complete,her2-pose-v1,14,,0.9787537030366013,35.790513459823664,1.1795020740071134,0.4588203938532871,Fail,benchmark,1.0,0.1
rcsb_local_pose_ensemble,1w1p,1w1p,1w1p_pose_007,data/local_set/1w1p/poses/1w1p_pose_007.sdf,35.2046923570692,lower_better,0.8461538461538461,rcsb_local_pose_ensemble,uncalibrated,0.8461538461538461,complete,her2-pose-v1,15,,0.9939816177564385,35.790513459823664,1.1795020740071134,0.4588203938532871,Review,benchmark,1.0,0.1
rcsb_local_pose_ensemble,1w1p,1w1p,1w1p_pose_008,data/local_set/1w1p/poses/1w1p_pose_008.sdf,35.71536964203952,lower_better,0.9230769230769231,rcsb_local_pose_ensemble,uncalibrated,0.9230769230769231,complete,her2-pose-v1,1,,0.9787600185675256,35.790513459823664,1.1795020740071134,0.4588203938532871,Pass,benchmark,1.0,0.1
rcsb_local_pose_ensemble,1w1p,1w1p,1w1p_pose_009,data/local_set/1w1p/poses/1w1p_pose_009.sdf,35.21011760701917,lower_better,0.8461538461538461,rcsb_local_pose_ensemble,uncalibrated,0.8461538461538461,complete,her2-pose-v1,20,,0.9939235358385548,35.790513459823664,1.1795020740071134,0.4588203938532871,Fail,benchmark,1.0,0.1
rcsb_local_pose_ensemble,1w1p,1w1p,1w1p_pose_010,data/local_set/1w1p/poses/1w1p_pose_010.sdf,39.203960224880525,lower_better,0.8461538461538461,rcsb_local_pose_ensemble,uncalibrated,0.8461538461538461,complete,her2-pose-v1,5,,0.9761229951956704,35.790513459823664,1.1795020740071134,0.4588203938532871,Review,benchmark,1.0,0.1
rcsb_local_pose_ensemble,1w1p,1w1p,1w1p_pose_011,data/local_set/1w1p/poses/1w1p_pose_011.sdf,35.20805259793435,lower_better,0.8461538461538461,rcsb_local_pose_ensemble,uncalibrated,0.8461538461538461,complete,her2-pose-v1,7,,0.9939200495765964,35.790513459823664,1.1795020740071134,0.4588203938532871,Review,benchmark,1.0,0.1
rcsb_local_pose_ensemble,1w1p,1w1p,1w1p_pose_012,data/local_set/1w1p/poses/1w1p_pose_012.sdf,39.1886615897246,lower_better,0.8461538461538461,rcsb_local_pose_ensemble,uncalibrated,0.8461538461538461,complete,her2-pose-v1,4,,0.9761578486562752,35.790513459823664,1.1795020740071134,0.4588203938532871,Review,benchmark,1.0,0.1
rcsb_local_pose_ensemble,1w1p,1w1p,1w1p_pose_013,data/local_set/1w1p/poses/1w1p_pose_013.sdf,35.20051348811155,lower_better,0.8461538461538461,rcsb_local_pose_ensemble,uncalibrated,0.8461538461538461,complete,her2-pose-v1,6,,0.9939449229104608,35.790513459823664,1.1795020740071134,0.4588203938532871,Review,benchmark,1.0,0.1
rcsb_local_pose_ensemble,1w1p,1w1p,1w1p_pose_014,data/local_set/1w1p/poses/1w1p_pose_014.sdf,35.7114875796128,lower_better,0.8461538461538461,rcsb_local_pose_ensemble,uncalibrated,0.8461538461538461,complete,her2-pose-v1,12,,0.9787458519280092,35.790513459823664,1.1795020740071134,0.4588203938532871,Pass,benchmark,1.0,0.1
rcsb_local_pose_ensemble,1w1p,1w1p,1w1p_pose_015,data/local_set/1w1p/poses/1w1p_pose_015.sdf,35.210950979709615,lower_better,0.8461538461538461,rcsb_local_pose_ensemble,uncalibrated,0.8461538461538461,complete,her2-pose-v1,7,,0.9939283051948876,35.790513459823664,1.1795020740071134,0.4588203938532871,Review,benchmark,1.0,0.1
rcsb_local_pose_ensemble,1w1p,1w1p,1w1p_pose_016,data/local_set/1w1p/poses/1w1p_pose_016.sdf,39.19946405333753,lower_better,0.9230769230769231,rcsb_local_pose_ensemble,uncalibrated,0.9230769230769231,complete,her2-pose-v1,1,,0.9761214574485148,35.790513459823664,1.1795020740071134,0.4588203938532871,Pass,benchmark,1.0,0.1
rcsb_local_pose_ensemble,1w1p,1w1p,1w1p_pose_017,data/local_set/1w1p/poses/1w1p_pose_017.sdf,35.21021112996083,lower_better,0.8461538461538461,rcsb_local_pose_ensemble,uncalibrated,0.8461538461538461,complete,her2-pose-v1,3,,0.9939422552156943,35.790513459823664,1.1795020740071134,0.4588203938532871,Review,benchmark,1.0,0.1
rcsb_local_pose_ensemble,1w1p,1w1p,1w1p_pose_018,data/local_set/1w1p/poses/1w1p_pose_018.sdf,35.70874471388575,lower_better,0.8461538461538461,rcsb_local_pose_ensemble,uncalibrated,0.8461538461538461,complete,her2-pose-v1,8,,0.9787411356209984,35.790513459823664,1.1795020740071134,0.4588203938532871,Review,benchmark,1.0,0.1
rcsb_local_pose_ensemble,1w1p,1w1p,1w1p_pose_019,data/local_set/1w1p/poses/1w1p_pose_019.sdf,35.200324136216686,lower_better,0.8461538461538461,rcsb_local_pose_ensemble,uncalibrated,0.8461538461538461,complete,her2-pose-v1,5,,0.9939458979852402,35.790513459823664,1.1795020740071134,0.4588203938532871,Review,benchmark,1.0,0.1
rcsb_local_pose_ensemble,1w1p,1w1p,1w1p_pose_020,data/local_set/1w1p/poses/1w1p_pose_020.sdf,35.70551283625955,lower_better,0.8461538461538461,rcsb_local_pose_ensemble,uncalibrated,0.8461538461538461,complete,her2-pose-v1,2,,0.9787204967278588,35.790513459823664,1.1795020740071134,0.4588203938532871,Review,benchmark,1.0,0.1
rcsb_local_pose_ensemble,1w1p,1w1p,1w1p_pose_021,data/local_set/1w1p/poses/1w1p_pose_021.sdf,35.19979499988042,lower_better,0.8461538461538461,rcsb_local_pose_ensemble,uncalibrated,0.8461538461538461,complete,her2-pose-v1,4,,0.9939066854591428,35.790513459823664,1.1795020740071134,0.4588203938532871,Pass,benchmark,1.0,0.1
rcsb_local_pose_ensemble,1w1p,1w1p,1w1p_pose_022,data/local_set/1w1p/poses/1w1p_pose_022.sdf,35.71545518734072,lower_better,0.8461538461538461,rcsb_local_pose_ensemble,uncalibrated,0.8461538461538461,complete,her2-pose-v1,12,,0.9787252137720204,35.790513459823664,1.1795020740071134,0.4588203938532871,Review,benchmark,1.0,0.1
rcsb_local_pose_ensemble,1w1p,1w1p,1w1p_pose_023,data/local_set/1w1p/poses/1w1p_pose_023.sdf,35.20985489692607,lower_better,0.8461538461538461,rcsb_local_pose_ensemble,uncalibrated,0.8461538461538461,complete,her2-pose-v1,15,,0.9939461446216502,35.790513459823664,1.1795020740071134,0.4588203938532871,Review,benchmark,1.0,0.1
rcsb_local_pose_ensemble,1w1p,1w1p,1w1p_pose_024,data/local_set/1w1p/poses/1w1p_pose_024.sdf,35.72132266995869,lower_better,0.8461538461538461,rcsb_local_pose_ensemble,uncalibrated,0.8461538461538461,complete,her2-pose-v1,3,,0.9787515700052878,35.790513459823664,1.1795020740071134,0.4588203938532871,Review,benchmark,1.0,0.1
rcsb_local_pose_ensemble,1w1p,1w1p,1w1p_pose_025,data/local_set/1w1p/poses/1w1p_pose_025.sdf,35.20891079826432,lower_better,0.8461538461538461,rcsb_local_pose_ensemble,uncalibrated,0.8461538461538461,complete,her2-pose-v1,6,,0.9939443906339428,35.790513459823664,1.1795020740071134,0.4588203938532871,Review,benchmark,1.0,0.1
rcsb_local_pose_ensemble,1w1p,1w1p,1w1p_pose_026,data/local_set/1w1p/poses/1w1p_pose_026.sdf,35.711230411046294,lower_better,0.8461538461538461,rcsb_local_pose_ensemble,uncalibrated,0.8461538461538461,complete,her2-pose-v1,18,,0.978729644469558,35.790513459823664,1.1795020740071134,0.4588203938532871,Fail,benchmark,1.0,0.1
rcsb_local_pose_ensemble,1w1p,1w1p,1w1p_pose_027,data/local_set/1w1p/poses/1w1p_pose_027.sdf,35.20467238297559,lower_better,1.0,rcsb_local_pose_ensemble,uncalibrated,1.0,complete,her2-pose-v1,0,,0.9939443413065774,35.790513459823664,1.1795020740071134,0.4588203938532871,Review,benchmark,1.0,0.1
rcsb_local_pose_ensemble,1w1p,1w1p,1w1p_pose_028,data/local_set/1w1p/poses/1w1p_pose_028.sdf,35.707599819864356,lower_better,0.8461538461538461,rcsb_local_pose_ensemble,uncalibrated,0.8461538461538461,complete,her2-pose-v1,11,,0.9787515808458176,35.790513459823664,1.1795020740071134,0.4588203938532871,Pass,benchmark,1.0,0.1
rcsb_local_pose_ensemble,1w1p,1w1p,1w1p_pose_029,data/local_set/1w1p/poses/1w1p_pose_029.sdf,35.20261955045877,lower_better,0.8461538461538461,rcsb_local_pose_ensemble,uncalibrated,0.8461538461538461,complete,her2-pose-v1,4,,0.9939321074711068,35.790513459823664,1.1795020740071134,0.4588203938532871,Review,benchmark,1.0,0.1
rcsb_local_pose_ensemble,1w2g,1w2g,1w2g_pose_000,data/local_set/1w2g/poses/1w2g_pose_000.sdf,88.9864156597683,lower_better,1.0,rcsb_local_pose_ensemble,uncalibrated,1.0,complete,her2-pose-v1,0,,1.0,71.82794726733837,18.64643446435035,0.050899821126045075,Pass,benchmark,1.0,0.06666666666666667
rcsb_local_pose_ensemble,1w2g,1w2g,1w2g_pose_001,data/local_set/1w2g/poses/1w2g_pose_001.sdf,88.59602307491585,lower_better,0.8461538461538461,rcsb_local_pose_ensemble,uncalibrated,0.8461538461538461,complete,her2-pose-v1,12,,1.0,71.82794726733837,18.64643446435035,0.050899821126045075,Review,benchmark,1.0,0.06666666666666667
rcsb_local_pose_ensemble,1w2g,1w2g,1w2g_pose_002,data/local_set/1w2g/poses/1w2g_pose_002.sdf,53.01664595643002,lower_better,0.8461538461538461,rcsb_local_pose_ensemble,uncalibrated,0.8461538461538461,complete,her2-pose-v1,29,,1.0,71.82794726733837,18.64643446435035,0.050899821126045075,Review,benchmark,1.0,0.06666666666666667
rcsb_local_pose_ensemble,1w2g,1w2g,1w2g_pose_003,data/local_set/1w2g/poses/1w2g_pose_003.sdf,88.80952549358301,lower_better,0.8461538461538461,rcsb_local_pose_ensemble,uncalibrated,0.8461538461538461,complete,her2-pose-v1,21,,1.0,71.82794726733837,18.64643446435035,0.050899821126045075,Review,benchmark,1.0,0.06666666666666667
rcsb_local_pose_ensemble,1w2g,1w2g,1w2g_pose_004,data/local_set/1w2g/poses/1w2g_pose_004.sdf,50.981656229468214,lower_better,0.8461538461538461,rcsb_local_pose_ensemble,uncalibrated,0.8461538461538461,complete,her2-pose-v1,8,,1.0,71.82794726733837,18.64643446435035,0.050899821126045075,Review,benchmark,1.0,0.06666666666666667
rcsb_local_pose_ensemble,1w2g,1w2g,1w2g_pose_005,data/local_set/1w2g/poses/1w2g_pose_005.sdf,88.60168699335026,lower_better,0.8461538461538461,rcsb_local_pose_ensemble,uncalibrated,0.8461538461538461,complete,her2-pose-v1,17,,1.0,71.82794726733837,18.64643446435035,0.050899821126045075,Review,benchmark,1.0,0.06666666666666667
rcsb_local_pose_ensemble,1w2g,1w2g,1w2g_pose_006,data/local_set/1w2g/poses/1w2g_pose_006.sdf,53.81810453749251,lower_better,0.8461538461538461,rcsb_local_pose_ensemble,uncalibrated,0.8461538461538461,complete,her2-pose-v1,18,,1.0,71.82794726733837,18.64643446435035,0.050899821126045075,Fail,benchmark,1.0,0.06666666666666667
rcsb_local_pose_ensemble,1w2g,1w2g,1w2g_pose_007,data/local_set/1w2g/poses/1w2g_pose_007.sdf,88.96506145629311,lower_better,0.8461538461538461,rcsb_local_pose_ensemble,uncalibrated,0.8461538461538461,complete,her2-pose-v1,24,,1.0,71.82794726733837,18.64643446435035,0.050899821126045075,Fail,benchmark,1.0,0.06666666666666667
rcsb_local_pose_ensemble,1w2g,1w2g,1w2g_pose_008,data/local_set/1w2g/poses/1w2g_pose_008.sdf,53.935014129973496,lower_better,0.8461538461538461,rcsb_local_pose_ensemble,uncalibrated,0.8461538461538461,complete,her2-pose-v1,19,,1.0,71.82794726733837,18.64643446435035,0.050899821126045075,Fail,benchmark,1.0,0.06666666666666667
rcsb_local_pose_ensemble,1w2g,1w2g,1w2g_pose_009,data/local_set/1w2g/poses/1w2g_pose_009.sdf,88.97740900815828,lower_better,0.8461538461538461,rcsb_local_pose_ensemble,uncalibrated,0.8461538461538461,complete,her2-pose-v1,20,,1.0,71.82794726733837,18.64643446435035,0.050899821126045075,Review,benchmark,1.0,0.06666666666666667
rcsb_local_pose_ensemble,1w2g,1w2g,1w2g_pose_010,data/local_set/1w2g/poses/1w2g_pose_010.sdf,51.671719062583215,lower_better,0.8461538461538461,rcsb_local_pose_ensemble,uncalibrated,0.8461538461538461,complete,her2-pose-v1,36,,1.0,71.82794726733837,18.64643446435035,0.050899821126045075,Fail,benchmark,1.0,0.06666666666666667
rcsb_local_pose_ensemble,1w2g,1w2g,1w2g_pose_011,data/local_set/1w2g/poses/1w2g_pose_011.sdf,89.19382645459662,lower_better,0.8461538461538461,rcsb_local_pose_ensemble,uncalibrated,0.8461538461538461,complete,her2-pose-v1,26,,1.0,71.82794726733837,18.64643446435035,0.050899821126045075,Fail,benchmark,1.0,0.06666666666666667
rcsb_local_pose_ensemble,1w2g,1w2g,1w2g_pose_012,data/local_set/1w2g/poses/1w2g_pose_012.sdf,51.34692899010173,lower_better,0.8461538461538461,rcsb_local_pose_ensemble,uncalibrated,0.8461538461538461,complete,her2-pose-v1,30,,1.0,71.82794726733837,18.64643446435035,0.050899821126045075,Fail,benchmark,1.0,0.06666666666666667
rcsb_local_pose_ensemble,1w2g,1w2g,1w2g_pose_013,data/local_set/1w2g/poses/1w2g_pose_013.sdf,88.82455820855199,lower_better,0.8461538461538461,rcsb_local_pose_ensemble,uncalibrated,0.8461538461538461,complete,her2-pose-v1,20,,1.0,71.82794726733837,18.64643446435035,0.050899821126045075,Pass,benchmark,1.0,0.06666666666666667
rcsb_local_pose_ensemble,1w2g,1w2g,1w2g_pose_014,data/local_set/1w2g/poses/1w2g_pose_014.sdf,51.91294121423695,lower_better,0.8461538461538461,rcsb_local_pose_ensemble,uncalibrated,0.8461538461538461,complete,her2-pose-v1,27,,1.0,71.82794726733837,18.64643446435035,0.050899821126045075,Fail,benchmark,1.0,0.06666666666666667
rcsb_local_pose_ensemble,1w2g,1w2g,1w2g_pose_015,data/local_set/1w2g/poses/1w2g_pose_015.sdf,89.1730796429111,lower_better,0.8461538461538461,rcsb_local_pose_ensemble,uncalibrated,0.8461538461538461,complete,her2-pose-v1,35,,1.0,71.82794726733837,18.64643446435035,0.050899821126045075,Fail,benchmark,1.0,0.06666666666666667
rcsb_local_pose_ensemble,1w2g,1w2g,1w2g_pose_016,data/local_set/1w2g/poses/1w2g_pose_016.sdf,51.11561930893835,lower_better,0.8461538461538461,rcsb_local_pose_ensemble,uncalibrated,0.8461538461538461,complete,her2-pose-v1,17,,1.0,71.82794726733837,18.64643446435035,0.050899821126045075,Review,benchmark,1.0,0.06666666666666667
rcsb_local_pose_ensemble,1w2g,1w2g,1w2g_pose_017,data/local_set/1w2g/poses/1w2g_pose_017.sdf,89.00057217968636,lower_better,0.8461538461538461,rcsb_local_pose_ensemble,uncalibrated,0.8461538461538461,complete,her2-pose-v1,9,,1.0,71.82794726733837,18.64643446435035,0.050899821126045075,Fail,benchmark,1.0,0.06666666666666667
rcsb_local_pose_ensemble,1w2g,1w2g,1w2g_pose_018,data/local_set/1w2g/poses/1w2g_pose_018.sdf,50.61078301884539,lower_better,0.8461538461538461,rcsb_local_pose_ensemble,uncalibrated,0.8461538461538461,complete,her2-pose-v1,13,,1.0,71.82794726733837,18.64643446435035,0.050899821126045075,Review,benchmark,1.0,0.06666666666666667
rcsb_local_pose_ensemble,1w2g,1w2g,1w2g_pose_019,data/local_set/1w2g/poses/1w2g_pose_019.sdf,88.97432613222993,lower_better,1.0,rcsb_local_pose_ensemble,uncalibrated,1.0,complete,her2-pose-v1,0,,1.0,71.82794726733837,18.64643446435035,0.050899821126045075,Pass,benchmark,1.0,0.06666666666666667
rcsb_local_pose_ensemble,1w2g,1w2g,1w2g_pose_020,data/local_set/1w2g/poses/1w2g_pose_020.sdf,52.087621035752896,lower_better,0.9230769230769231,rcsb_local_pose_ensemble,uncalibrated,0.9230769230769231,complete,her2-pose-v1,1,,1.0,71.82794726733837,18.64643446435035,0.050899821126045075,Pass,benchmark,1.0,0.06666666666666667
rcsb_local_pose_ensemble,1w2g,1w2g,1w2g_pose_021,data/local_set/1w2g/poses/1w2g_pose_021.sdf,89.17157702054445,lower_better,0.9230769230769231,rcsb_local_pose_ensemble,uncalibrated,0.9230769230769231,complete,her2-pose-v1,3,,1.0,71.82794726733837,18.64643446435035,0.050899821126045075,Pass,benchmark,1.0,0.06666666666666667
rcsb_local_pose_ensemble,1w2g,1w2g,1w2g_pose_022,data/local_set/1w2g/poses/1w2g_pose_022.sdf,53.20298065293633,lower_better,0.8461538461538461,rcsb_local_pose_ensemble,uncalibrated,0.8461538461538461,complete,her2-pose-v1,8,,0.8902055989066022,71.82794726733837,18.64643446435035,0.050899821126045075,Fail,benchmark,1.0,0.06666666666666667
rcsb_local_pose_ensemble,1w2g,1w2g,1w2g_pose_023,data/local_set/1w2g/poses/1w2g_pose_023.sdf,89.35133353077178,lower_better,0.8461538461538461,rcsb_local_pose_ensemble,uncalibrated,0.8461538461538461,complete,her2-pose-v1,44,,1.0,71.82794726733837,18.64643446435035,0.050899821126045075,Fail,benchmark,1.0,0.06666666666666667
rcsb_local_pose_ensemble,1w2g,1w2g,1w2g_pose_024,data/local_set/1w2g/poses/1w2g_pose_024.sdf,53.18213841702847,lower_better,0.8461538461538461,rcsb_local_pose_ensemble,uncalibrated,0.8461538461538461,complete,her2-pose-v1,20,,1.0,71.82794726733837,18.64643446435035,0.050899821126045075,Fail,benchmark,1.0,0.06666666666666667
rcsb_local_pose_ensemble,1w2g,1w2g,1w2g_pose_025,data/local_set/1w2g/poses/1w2g_pose_025.sdf,89.18963599871539,lower_better,0.8461538461538461,rcsb_local_pose_ensemble,uncalibrated,0.8461538461538461,complete,her2-pose-v1,8,,1.0,71.82794726733837,18.64643446435035,0.050899821126045075,Pass,benchmark,1.0,0.06666666666666667
rcsb_local_pose_ensemble,1w2g,1w2g,1w2g_pose_026,data/local_set/1w2g/poses/1w2g_pose_026.sdf,52.90552641442157,lower_better,0.8461538461538461,rcsb_local_pose_ensemble,uncalibrated,0.8461538461538461,complete,her2-pose-v1,22,,1.0,71.82794726733837,18.64643446435035,0.050899821126045075,Review,benchmark,1.0,0.06666666666666667
rcsb_local_pose_ensemble,1w2g,1w2g,1w2g_pose_027,data/local_set/1w2g/poses/1w2g_pose_027.sdf,88.7983608645179,lower_better,0.8461538461538461,rcsb_local_pose_ensemble,uncalibrated,0.8461538461538461,complete,her2-pose-v1,13,,1.0,71.82794726733837,18.64643446435035,0.050899821126045075,Review,benchmark,1.0,0.06666666666666667
rcsb_local_pose_ensemble,1w2g,1w2g,1w2g_pose_028,data/local_set/1w2g/poses/1w2g_pose_028.sdf,51.63839445658396,lower_better,0.8461538461538461,rcsb_local_pose_ensemble,uncalibrated,0.8461538461538461,complete,her2-pose-v1,8,,1.0,71.82794726733837,18.64643446435035,0.050899821126045075,Fail,benchmark,1.0,0.06666666666666667
rcsb_local_pose_ensemble,1w2g,1w2g,1w2g_pose_029,data/local_set/1w2g/poses/1w2g_pose_029.sdf,88.79895287676338,lower_better,0.8461538461538461,rcsb_local_pose_ensemble,uncalibrated,0.8461538461538461,complete,her2-pose-v1,15,,1.0,71.82794726733837,18.64643446435035,0.050899821126045075,Fail,benchmark,1.0,0.06666666666666667
rcsb_local_pose_ensemble,1x8x,1x8x,1x8x_pose_000,data/local_set/1x8x/poses/1x8x_pose_000.sdf,34.79327954732554,lower_better,1.0,rcsb_local_pose_ensemble,uncalibrated,1.0,complete,her2-pose-v1,0,,0.9855451847042946,31.511695699940276,4.00198928340896,0.1999204603090391,Pass,benchmark,1.0,0.03333333333333333
rcsb_local_pose_ensemble,1x8x,1x8x,1x8x_pose_001,data/local_set/1x8x/poses/1x8x_pose_001.sdf,35.36542153903485,lower_better,0.8461538461538461,rcsb_local_pose_ensemble,uncalibrated,0.8461538461538461,complete,her2-pose-v1,8,,0.9855491549543144,31.511695699940276,4.00198928340896,0.1999204603090391,Review,benchmark,1.0,0.03333333333333333
rcsb_local_pose_ensemble,1x8x,1x8x,1x8x_pose_002,data/local_set/1x8x/poses/1x8x_pose_002.sdf,29.528118342938075,lower_better,0.8461538461538461,rcsb_local_pose_ensemble,uncalibrated,0.8461538461538461,complete,her2-pose-v1,10,,0.9872266463669964,31.511695699940276,4.00198928340896,0.1999204603090391,Review,benchmark,1.0,0.03333333333333333
rcsb_local_pose_ensemble,1x8x,1x8x,1x8x_pose_003,data/local_set/1x8x/poses/1x8x_pose_003.sdf,35.373004175610795,lower_better,0.8461538461538461,rcsb_local_pose_ensemble,uncalibrated,0.8461538461538461,complete,her2-pose-v1,32,,0.9855414550609194,31.511695699940276,4.00198928340896,0.1999204603090391,Review,benchmark,1.0,0.03333333333333333
rcsb_local_pose_ensemble,1x8x,1x8x,1x8x_pose_004,data/local_set/1x8x/poses/1x8x_pose_004.sdf,28.2777156610448,lower_better,0.8461538461538461,rcsb_local_pose_ensemble,uncalibrated,0.8461538461538461,complete,her2-pose-v1,14,,1.0,31.511695699940276,4.00198928340896,0.1999204603090391,Review,benchmark,1.0,0.03333333333333333
rcsb_local_pose_ensemble,1x8x,1x8x,1x8x_pose_005,data/local_set/1x8x/poses/1x8x_pose_005.sdf,34.91062476079588,lower_better,0.8461538461538461,rcsb_local_pose_ensemble,uncalibrated,0.8461538461538461,complete,her2-pose-v1,23,,0.9855499124109912,31.511695699940276,4.00198928340896,0.1999204603090391,Review,benchmark,1.0,0.03333333333333333
rcsb_local_pose_ensemble,1x8x,1x8x,1x8x_pose_006,data/local_set/1x8x/poses/1x8x_pose_006.sdf,28.366787872485297,lower_better,0.8461538461538461,rcsb_local_pose_ensemble,uncalibrated,0.8461538461538461,complete,her2-pose-v1,4,,1.0,31.511695699940276,4.00198928340896,0.1999204603090391,Review,benchmark,1.0,0.03333333333333333
rcsb_local_pose_ensemble,1x8x,1x8x,1x8x_pose_007,data/local_set/1x8x/poses/1x8x_pose_007.sdf,34.788271546734855,lower_better,0.8461538461538461,rcsb_local_pose_ensemble,uncalibrated,0.8461538461538461,complete,her2-pose-v1,14,,0.9855653703799594,31.511695699940276,4.00198928340896,0.1999204603090391,Fail,benchmark,1.0,0.03333333333333333
rcsb_local_pose_ensemble,1x8x,1x8x,1x8x_pose_008,data/local_set/1x8x/poses/1x8x_pose_008.sdf,28.59664135682032,lower_better,0.8461538461538461,rcsb_local_pose_ensemble,uncalibrated,0.8461538461538461,complete,her2-pose-v1,10,,0.9904605901911112,31.511695699940276,4.00198928340896,0.1999204603090391,Review,benchmark,1.0,0.03333333333333333
rcsb_local_pose_ensemble,1x8x,1x8x,1x8x_pose_009,data/local_set/1x8x/poses/1x8x_pose_009.sdf,34.91924786954503,lower_better,0.8461538461538461,rcsb_local_pose_ensemble,uncalibrated,0.8461538461538461,complete,her2-pose-v1,21,,0.9855244319321972,31.511695699940276,4.00198928340896,0.1999204603090391,Fail,benchmark,1.0,0.03333333333333333
rcsb_local_pose_ensemble,1x8x,1x8x,1x8x_pose_010,data/local_set/1x8x/poses/1x8x_pose_010.sdf,27.128383940197537,lower_better,0.8461538461538461,rcsb_local_pose_ensemble,uncalibrated,0.8461538461538461,complete,her2-pose-v1,7,,1.0,31.511695699940276,4.00198928340896,0.1999204603090391,Fail,benchmark,1.0,0.03333333333333333
rcsb_local_pose_ensemble,1x8x,1x8x,1x8x_pose_011,data/local_set/1x8x/poses/1x8x_pose_011.sdf,34.90029025350167,lower_better,0.8461538461538461,rcsb_local_pose_ensemble,uncalibrated,0.8461538461538461,complete,her2-pose-v1,21,,0.985550620034466,31.511695699940276,4.00198928340896,0.1999204603090391,Fail,benchmark,1.0,0.03333333333333333
rcsb_local_pose_ensemble,1x8x,1x8x,1x8x_pose_012,data/local_set/1x8x/poses/1x8x_pose_012.sdf,30.259337777491204,lower_better,0.8461538461538461,rcsb_local_pose_ensemble,uncalibrated,0.8461538461538461,complete,her2-pose-v1,30,,1.0,31.511695699940276,4.00198928340896,0.1999204603090391,Review,benchmark,1.0,0.03333333333333333
rcsb_local_pose_ensemble,1x8x,1x8x,1x8x_pose_013,data/local_set/1x8x/poses/1x8x_pose_013.sdf,34.91493858274944,lower_better,0.8461538461538461,rcsb_local_pose_ensemble,uncalibrated,0.8461538461538461,complete,her2-pose-v1,29,,0.9855711209616016,31.511695699940276,4.00198928340896,0.1999204603090391,Review,benchmark,1.0,0.03333333333333333
rcsb_local_pose_ensemble,1x8x,1x8x,1x8x_pose_014,data/local_set/1x8x/poses/1x8x_pose_014.sdf,27.072925388876975,lower_better,0.8461538461538461,rcsb_local_pose_ensemble,uncalibrated,0.8461538461538461,complete,her2-pose-v1,20,,1.0,31.511695699940276,4.00198928340896,0.1999204603090391,Fail,benchmark,1.0,0.03333333333333333
rcsb_local_pose_ensemble,1x8x,1x8x,1x8x_pose_015,data/local_set/1x8x/poses/1x8x_pose_015.sdf,35.37784367590185,lower_better,0.8461538461538461,rcsb_local_pose_ensemble,uncalibrated,0.8461538461538461,complete,her2-pose-v1,16,,0.9855430838895394,31.511695699940276,4.00198928340896,0.1999204603090391,Fail,benchmark,1.0,0.03333333333333333
rcsb_local_pose_ensemble,1x8x,1x8x,1x8x_pose_016,data/local_set/1x8x/poses/1x8x_pose_016.sdf,24.557444400108324,lower_better,0.8461538461538461,rcsb_local_pose_ensemble,uncalibrated,0.8461538461538461,complete,her2-pose-v1,26,,1.0,31.511695699940276,4.00198928340896,0.1999204603090391,Review,benchmark,1.0,0.03333333333333333
rcsb_local_pose_ensemble,1x8x,1x8x,1x8x_pose_017,data/local_set/1x8x/poses/1x8x_pose_017.sdf,35.3603692303251,lower_better,0.8461538461538461,rcsb_local_pose_ensemble,uncalibrated,0.8461538461538461,complete,her2-pose-v1,14,,0.9855531849873306,31.511695699940276,4.00198928340896,0.1999204603090391,Pass,benchmark,1.0,0.03333333333333333
rcsb_local_pose_ensemble,1x8x,1x8x,1x8x_pose_018,data/local_set/1x8x/poses/1x8x_pose_018.sdf,26.454841172093506,lower_better,0.8461538461538461,rcsb_local_pose_ensemble,uncalibrated,0.8461538461538461,complete,her2-pose-v1,19,,1.0,31.511695699940276,4.00198928340896,0.1999204603090391,Review,benchmark,1.0,0.03333333333333333
rcsb_local_pose_ensemble,1x8x,1x8x,1x8x_pose_019,data/local_set/1x8x/poses/1x8x_pose_019.sdf,34.793626508898605,lower_better,0.8461538461538461,rcsb_local_pose_ensemble,uncalibrated,0.8461538461538461,complete,her2-pose-v1,28,,0.9855248448419436,31.511695699940276,4.00198928340896,0.1999204603090391,Review,benchmark,1.0,0.03333333333333333
rcsb_local_pose_ensemble,1x8x,1x8x,1x8x_pose_020,data/local_set/1x8x/poses/1x8x_pose_020.sdf,29.092809206873223,lower_better,0.8461538461538461,rcsb_local_pose_ensemble,uncalibrated,0.8461538461538461,complete,her2-pose-v1,21,,0.9876789441418128,31.511695699940276,4.00198928340896,0.1999204603090391,Fail,benchmark,1.0,0.03333333333333333
rcsb_local_pose_ensemble,1x8x,1x8x,1x8x_pose_021,data/local_set/1x8x/poses/1x8x_pose_021.sdf,34.79529605001042,lower_better,0.8461538461538461,rcsb_local_pose_ensemble,uncalibrated,0.8461538461538461,complete,her2-pose-v1,3,,0.9855406064743134,31.511695699940276,4.00198928340896,0.1999204603090391,Fail,benchmark,1.0,0.03333333333333333
rcsb_local_pose_ensemble,1x8x,1x8x,1x8x_pose_022,data/local_set/1x8x/poses/1x8x_pose_022.sdf,27.06526260029457,lower_better,0.8461538461538461,rcsb_local_pose_ensemble,uncalibrated,0.8461538461538461,complete,her2-pose-v1,21,,1.0,31.511695699940276,4.00198928340896,0.1999204603090391,Review,benchmark,1.0,0.03333333333333333
rcsb_local_pose_ensemble,1x8x,1x8x,1x8x_pose_023,data/local_set/1x8x/poses/1x8x_pose_023.sdf,34.90219598366433,lower_better,0.8461538461538461,rcsb_local_pose_ensemble,uncalibrated,0.8461538461538461,complete,her2-pose-v1,18,,0.9855700930066632,31.511695699940276,4.00198928340896,0.1999204603090391,Review,benchmark,1.0,0.03333333333333333
rcsb_local_pose_ensemble,1x8x,1x8x,1x8x_pose_024,data/local_set/1x8x/poses/1x8x_pose_024.sdf,25.41723539602877,lower_better,0.9230769230769231,rcsb_local_pose_ensemble,uncalibrated,0.9230769230769231,complete,her2-pose-v1,2,,1.0,31.511695699940276,4.00198928340896,0.1999204603090391,Pass,benchmark,1.0,0.03333333333333333
rcsb_local_pose_ensemble,1x8x,1x8x,1x8x_pose_025,data/local_set/1x8x/poses/1x8x_pose_025.sdf,34.90529943620099,lower_better,0.8461538461538461,rcsb_local_pose_ensemble,uncalibrated,0.8461538461538461,complete,her2-pose-v1,15,,0.98554862530381,31.511695699940276,4.00198928340896,0.1999204603090391,Fail,benchmark,1.0,0.03333333333333333
rcsb_local_pose_ensemble,1x8x,1x8x,1x8x_pose_026,data/local_set/1x8x/poses/1x8x_pose_026.sdf,28.496180664776695,lower_better,0.8461538461538461,rcsb_local_pose_ensemble,uncalibrated,0.8461538461538461,complete,her2-pose-v1,28,,0.9999744029136612,31.511695699940276,4.00198928340896,0.1999204603090391,Review,benchmark,1.0,0.03333333333333333
rcsb_local_pose_ensemble,1x8x,1x8x,1x8x_pose_027,data/local_set/1x8x/poses/1x8x_pose_027.sdf,35.374251987037034,lower_better,0.8461538461538461,rcsb_local_pose_ensemble,uncalibrated,0.8461538461538461,complete,her2-pose-v1,31,,0.9855410457176402,31.511695699940276,4.00198928340896,0.1999204603090391,Review,benchmark,1.0,0.03333333333333333
rcsb_local_pose_ensemble,1x8x,1x8x,1x8x_pose_028,data/local_set/1x8x/poses/1x8x_pose_028.sdf,24.64935722682496,lower_better,0.8461538461538461,rcsb_local_pose_ensemble,uncalibrated,0.8461538461538461,complete,her2-pose-v1,9,,1.0,31.511695699940276,4.00198928340896,0.1999204603090391,Review,benchmark,1.0,0.03333333333333333
rcsb_local_pose_ensemble,1x8x,1x8x,1x8x_pose_029,data/local_set/1x8x/poses/1x8x_pose_029.sdf,34.91386884401766,lower_better,0.8461538461538461,rcsb_local_pose_ensemble,uncalibrated,0.8461538461538461,complete,her2-pose-v1,7,,0.9855697000485364,31.511695699940276,4.00198928340896,0.1999204603090391,Review,benchmark,1.0,0.03333333333333333
rcsb_local_pose_ensemble,1xm6,1xm6,1xm6_pose_000,data/local_set/1xm6/poses/1xm6_pose_000.sdf,63.31147125378184,lower_better,1.0,rcsb_local_pose_ensemble,uncalibrated,1.0,complete,her2-pose-v1,0,,1.0,65.09784658684208,3.7673233563782436,0.20976131158841813,Pass,benchmark,1.0,0.06666666666666667
rcsb_local_pose_ensemble,1xm6,1xm6,1xm6_pose_001,data/local_set/1xm6/poses/1xm6_pose_001.sdf,63.30199254480816,lower_better,0.8461538461538461,rcsb_local_pose_ensemble,uncalibrated,0.8461538461538461,complete,her2-pose-v1,28,,1.0,65.09784658684208,3.7673233563782436,0.20976131158841813,Fail,benchmark,1.0,0.06666666666666667
rcsb_local_pose_ensemble,1xm6,1xm6,1xm6_pose_002,data/local_set/1xm6/poses/1xm6_pose_002.sdf,70.22249211546294,lower_better,0.8461538461538461,rcsb_local_pose_ensemble,uncalibrated,0.8461538461538461,complete,her2-pose-v1,29,,0.9874795592126464,65.09784658684208,3.7673233563782436,0.20976131158841813,Fail,benchmark,1.0,0.06666666666666667
rcsb_local_pose_ensemble,1xm6,1xm6,1xm6_pose_003,data/local_set/1xm6/poses/1xm6_pose_003.sdf,63.31075511551607,lower_better,0.8461538461538461,rcsb_local_pose_ensemble,uncalibrated,0.8461538461538461,complete,her2-pose-v1,28,,1.0,65.09784658684208,3.7673233563782436,0.20976131158841813,Fail,benchmark,1.0,0.06666666666666667
rcsb_local_pose_ensemble,1xm6,1xm6,1xm6_pose_004,data/local_set/1xm6/poses/1xm6_pose_004.sdf,68.37287564036082,lower_better,0.8461538461538461,rcsb_local_pose_ensemble,uncalibrated,0.8461538461538461,complete,her2-pose-v1,13,,0.987205698137664,65.09784658684208,3.7673233563782436,0.20976131158841813,Review,benchmark,1.0,0.06666666666666667
rcsb_local_pose_ensemble,1xm6,1xm6,1xm6_pose_005,data/local_set/1xm6/poses/1xm6_pose_005.sdf,63.30112679226887,lower_better,1.0,rcsb_local_pose_ensemble,uncalibrated,1.0,complete,her2-pose-v1,0,,1.0,65.09784658684208,3.7673233563782436,0.20976131158841813,Pass,benchmark,1.0,0.06666666666666667
rcsb_local_pose_ensemble,1xm6,1xm6,1xm6_pose_006,data/local_set/1xm6/poses/1xm6_pose_006.sdf,71.07631892616283,lower_better,0.9230769230769231,rcsb_local_pose_ensemble,uncalibrated,0.9230769230769231,complete,her2-pose-v1,1,,0.9872010706130124,65.09784658684208,3.7673233563782436,0.20976131158841813,Pass,benchmark,1.0,0.06666666666666667
rcsb_local_pose_ensemble,1xm6,1xm6,1xm6_pose_007,data/local_set/1xm6/poses/1xm6_pose_007.sdf,63.307962230764,lower_better,0.8461538461538461,rcsb_local_pose_ensemble,uncalibrated,0.8461538461538461,complete,her2-pose-v1,16,,1.0,65.09784658684208,3.7673233563782436,0.20976131158841813,Review,benchmark,1.0,0.06666666666666667
rcsb_local_pose_ensemble,1xm6,1xm6,1xm6_pose_008,data/local_set/1xm6/poses/1xm6_pose_008.sdf,61.531848843007296,lower_better,0.8461538461538461,rcsb_local_pose_ensemble,uncalibrated,0.8461538461538461,complete,her2-pose-v1,22,,0.9653321073824233,65.09784658684208,3.7673233563782436,0.20976131158841813,Fail,benchmark,1.0,0.06666666666666667
rcsb_local_pose_ensemble,1xm6,1xm6,1xm6_pose_009,data/local_set/1xm6/poses/1xm6_pose_009.sdf,63.31530564845718,lower_better,0.8461538461538461,rcsb_local_pose_ensemble,uncalibrated,0.8461538461538461,complete,her2-pose-v1,48,,1.0,65.09784658684208,3.7673233563782436,0.20976131158841813,Fail,benchmark,1.0,0.06666666666666667
rcsb_local_pose_ensemble,1xm6,1xm6,1xm6_pose_010,data/local_set/1xm6/poses/1xm6_pose_010.sdf,63.38673387686082,lower_better,0.8461538461538461,rcsb_local_pose_ensemble,uncalibrated,0.8461538461538461,complete,her2-pose-v1,27,,0.9649448626857622,65.09784658684208,3.7673233563782436,0.20976131158841813,Fail,benchmark,1.0,0.06666666666666667
rcsb_local_pose_ensemble,1xm6,1xm6,1xm6_pose_011,data/local_set/1xm6/poses/1xm6_pose_011.sdf,63.319038097593314,lower_better,0.8461538461538461,rcsb_local_pose_ensemble,uncalibrated,0.8461538461538461,complete,her2-pose-v1,8,,1.0,65.09784658684208,3.7673233563782436,0.20976131158841813,Fail,benchmark,1.0,0.06666666666666667
rcsb_local_pose_ensemble,1xm6,1xm6,1xm6_pose_012,data/local_set/1xm6/poses/1xm6_pose_012.sdf,71.5636620548485,lower_better,0.8461538461538461,rcsb_local_pose_ensemble,uncalibrated,0.8461538461538461,complete,her2-pose-v1,23,,0.9902363171696436,65.09784658684208,3.7673233563782436,0.20976131158841813,Fail,benchmark,1.0,0.06666666666666667
rcsb_local_pose_ensemble,1xm6,1xm6,1xm6_pose_013,data/local_set/1xm6/poses/1xm6_pose_013.sdf,63.31420719034582,lower_better,0.8461538461538461,rcsb_local_pose_ensemble,uncalibrated,0.8461538461538461,complete,her2-pose-v1,38,,1.0,65.09784658684208,3.7673233563782436,0.20976131158841813,Fail,benchmark,1.0,0.06666666666666667
rcsb_local_pose_ensemble,1xm6,1xm6,1xm6_pose_014,data/local_set/1xm6/poses/1xm6_pose_014.sdf,70.90855641078078,lower_better,0.8461538461538461,rcsb_local_pose_ensemble,uncalibrated,0.8461538461538461,complete,her2-pose-v1,29,,0.9898704669246962,65.09784658684208,3.7673233563782436,0.20976131158841813,Fail,benchmark,1.0,0.06666666666666667
rcsb_local_pose_ensemble,1xm6,1xm6,1xm6_pose_015,data/local_set/1xm6/poses/1xm6_pose_015.sdf,63.30595529556062,lower_better,0.8461538461538461,rcsb_local_pose_ensemble,uncalibrated,0.8461538461538461,complete,her2-pose-v1,23,,1.0,65.09784658684208,3.7673233563782436,0.20976131158841813,Fail,benchmark,1.0,0.06666666666666667
rcsb_local_pose_ensemble,1xm6,1xm6,1xm6_pose_016,data/local_set/1xm6/poses/1xm6_pose_016.sdf,61.5260783682954,lower_better,0.8461538461538461,rcsb_local_pose_ensemble,uncalibrated,0.8461538461538461,complete,her2-pose-v1,30,,0.965344129337367,65.09784658684208,3.7673233563782436,0.20976131158841813,Fail,benchmark,1.0,0.06666666666666667
rcsb_local_pose_ensemble,1xm6,1xm6,1xm6_pose_017,data/local_set/1xm6/poses/1xm6_pose_017.sdf,63.31618179793798,lower_better,0.8461538461538461,rcsb_local_pose_ensemble,uncalibrated,0.8461538461538461,complete,her2-pose-v1,14,,1.0,65.09784658684208,3.7673233563782436,0.20976131158841813,Review,benchmark,1.0,0.06666666666666667
rcsb_local_pose_ensemble,1xm6,1xm6,1xm6_pose_018,data/local_set/1xm6/poses/1xm6_pose_018.sdf,61.5278919615733,lower_better,0.8461538461538461,rcsb_local_pose_ensemble,uncalibrated,0.8461538461538461,complete,her2-pose-v1,27,,0.965364321531642,65.09784658684208,3.7673233563782436,0.20976131158841813,Review,benchmark,1.0,0.06666666666666667
rcsb_local_pose_ensemble,1xm6,1xm6,1xm6_pose_019,data/local_set/1xm6/poses/1xm6_pose_019.sdf,63.32540133516221,lower_better,0.8461538461538461,rcsb_local_pose_ensemble,uncalibrated,0.8461538461538461,complete,her2-pose-v1,29,,1.0,65.09784658684208,3.7673233563782436,0.20976131158841813,Review,benchmark,1.0,0.06666666666666667
rcsb_local_pose_ensemble,1xm6,1xm6,1xm6_pose_020,data/local_set/1xm6/poses/1xm6_pose_020.sdf,70.41059030116259,lower_better,0.9230769230769231,rcsb_local_pose_ensemble,uncalibrated,0.9230769230769231,complete,her2-pose-v1,3,,0.98740366249732,65.09784658684208,3.7673233563782436,0.20976131158841813,Review,benchmark,1.0,0.06666666666666667
rcsb_local_pose_ensemble,1xm6,1xm6,1xm6_pose_021,data/local_set/1xm6/poses/1xm6_pose_021.sdf,63.31165833936848,lower_better,0.8461538461538461,rcsb_local_pose_ensemble,uncalibrated,0.8461538461538461,complete,her2-pose-v1,9,,1.0,65.09784658684208,3.7673233563782436,0.20976131158841813,Review,benchmark,1.0,0.06666666666666667
rcsb_local_pose_ensemble,1xm6,1xm6,1xm6_pose_022,data/local_set/1xm6/poses/1xm6_pose_022.sdf,74.46100550493975,lower_better,0.8461538461538461,rcsb_local_pose_ensemble,uncalibrated,0.8461538461538461,complete,her2-pose-v1,21,,0.9854700401563614,65.09784658684208,3.7673233563782436,0.20976131158841813,Review,benchmark,1.0,0.06666666666666667
rcsb_local_pose_ensemble,1xm6,1xm6,1xm6_pose_023,data/local_set/1xm6/poses/1xm6_pose_023.sdf,63.30894437690969,lower_better,0.8461538461538461,rcsb_local_pose_ensemble,uncalibrated,0.8461538461538461,complete,her2-pose-v1,21,,1.0,65.09784658684208,3.7673233563782436,0.20976131158841813,Fail,benchmark,1.0,0.06666666666666667
rcsb_local_pose_ensemble,1xm6,1xm6,1xm6_pose_024,data/local_set/1xm6/poses/1xm6_pose_024.sdf,62.18867405959954,lower_better,0.8461538461538461,rcsb_local_pose_ensemble,uncalibrated,0.8461538461538461,complete,her2-pose-v1,23,,0.9655513057497176,65.09784658684208,3.7673233563782436,0.20976131158841813,Fail,benchmark,1.0,0.06666666666666667
rcsb_local_pose_ensemble,1xm6,1xm6,1xm6_pose_025,data/local_set/1xm6/poses/1xm6_pose_025.sdf,63.31539860924987,lower_better,0.8461538461538461,rcsb_local_pose_ensemble,uncalibrated,0.8461538461538461,complete,her2-pose-v1,21,,1.0,65.09784658684208,3.7673233563782436,0.20976131158841813,Fail,benchmark,1.0,0.06666666666666667
rcsb_local_pose_ensemble,1xm6,1xm6,1xm6_pose_026,data/local_set/1xm6/poses/1xm6_pose_026.sdf,61.722105872850435,lower_better,0.8461538461538461,rcsb_local_pose_ensemble,uncalibrated,0.8461538461538461,complete,her2-pose-v1,18,,0.964802201147658,65.09784658684208,3.7673233563782436,0.20976131158841813,Review,benchmark,1.0,0.06666666666666667
rcsb_local_pose_ensemble,1xm6,1xm6,1xm6_pose_027,data/local_set/1xm6/poses/1xm6_pose_027.sdf,63.309770581846394,lower_better,0.8461538461538461,rcsb_local_pose_ensemble,uncalibrated,0.8461538461538461,complete,her2-pose-v1,36,,1.0,65.09784658684208,3.7673233563782436,0.20976131158841813,Fail,benchmark,1.0,0.06666666666666667
rcsb_local_pose_ensemble,1xm6,1xm6,1xm6_pose_028,data/local_set/1xm6/poses/1xm6_pose_028.sdf,71.0443377481924,lower_better,0.9230769230769231,rcsb_local_pose_ensemble,uncalibrated,0.9230769230769231,complete,her2-pose-v1,5,,0.9867278545119048,65.09784658684208,3.7673233563782436,0.20976131158841813,Pass,benchmark,1.0,0.06666666666666667
rcsb_local_pose_ensemble,1xm6,1xm6,1xm6_pose_029,data/local_set/1xm6/poses/1xm6_pose_029.sdf,63.31705671159434,lower_better,0.8461538461538461,rcsb_local_pose_ensemble,uncalibrated,0.8461538461538461,complete,her2-pose-v1,17,,1.0,65.09784658684208,3.7673233563782436,0.20976131158841813,Fail,benchmark,1.0,0.06666666666666667
rcsb_local_pose_ensemble,1xoq,1xoq,1xoq_pose_000,data/local_set/1xoq/poses/1xoq_pose_000.sdf,388.6982314029852,lower_better,1.0,rcsb_local_pose_ensemble,uncalibrated,1.0,complete,her2-pose-v1,0,,0.9739239967840836,371.62155077847643,18.84836242240333,0.05038199014701967,Pass,benchmark,1.0,0.13333333333333333
rcsb_local_pose_ensemble,1xoq,1xoq,1xoq_pose_001,data/local_set/1xoq/poses/1xoq_pose_001.sdf,388.7059262250764,lower_better,0.8461538461538461,rcsb_local_pose_ensemble,uncalibrated,0.8461538461538461,complete,her2-pose-v1,40,,0.9739178245954284,371.62155077847643,18.84836242240333,0.05038199014701967,Fail,benchmark,1.0,0.13333333333333333
rcsb_local_pose_ensemble,1xoq,1xoq,1xoq_pose_002,data/local_set/1xoq/poses/1xoq_pose_002.sdf,356.4747548646496,lower_better,0.8461538461538461,rcsb_local_pose_ensemble,uncalibrated,0.8461538461538461,complete,her2-pose-v1,19,,1.0,371.62155077847643,18.84836242240333,0.05038199014701967,Review,benchmark,1.0,0.13333333333333333
rcsb_local_pose_ensemble,1xoq,1xoq,1xoq_pose_003,data/local_set/1xoq/poses/1xoq_pose_003.sdf,388.680782954512,lower_better,0.9230769230769231,rcsb_local_pose_ensemble,uncalibrated,0.9230769230769231,complete,her2-pose-v1,2,,0.9739186039344856,371.62155077847643,18.84836242240333,0.05038199014701967,Fail,benchmark,1.0,0.13333333333333333
rcsb_local_pose_ensemble,1xoq,1xoq,1xoq_pose_004,data/local_set/1xoq/poses/1xoq_pose_004.sdf,345.2907998286562,lower_better,0.9230769230769231,rcsb_local_pose_ensemble,uncalibrated,0.9230769230769231,complete,her2-pose-v1,5,,1.0,371.62155077847643,18.84836242240333,0.05038199014701967,Fail,benchmark,1.0,0.13333333333333333
rcsb_local_pose_ensemble,1xoq,1xoq,1xoq_pose_005,data/local_set/1xoq/poses/1xoq_pose_005.sdf,388.7025822053896,lower_better,0.8461538461538461,rcsb_local_pose_ensemble,uncalibrated,0.8461538461538461,complete,her2-pose-v1,15,,0.9739343914008036,371.62155077847643,18.84836242240333,0.05038199014701967,Fail,benchmark,1.0,0.13333333333333333
rcsb_local_pose_ensemble,1xoq,1xoq,1xoq_pose_006,data/local_set/1xoq/poses/1xoq_pose_006.sdf,356.51635976348456,lower_better,0.8461538461538461,rcsb_local_pose_ensemble,uncalibrated,0.8461538461538461,complete,her2-pose-v1,33,,1.0,371.62155077847643,18.84836242240333,0.05038199014701967,Review,benchmark,1.0,0.13333333333333333
rcsb_local_pose_ensemble,1xoq,1xoq,1xoq_pose_007,data/local_set/1xoq/poses/1xoq_pose_007.sdf,388.69871986681744,lower_better,1.0,rcsb_local_pose_ensemble,uncalibrated,1.0,complete,her2-pose-v1,0,,0.97392768930617,371.62155077847643,18.84836242240333,0.05038199014701967,Pass,benchmark,1.0,0.13333333333333333
rcsb_local_pose_ensemble,1xoq,1xoq,1xoq_pose_008,data/local_set/1xoq/poses/1xoq_pose_008.sdf,358.296809944124,lower_better,0.8461538461538461,rcsb_local_pose_ensemble,uncalibrated,0.8461538461538461,complete,her2-pose-v1,42,,1.0,371.62155077847643,18.84836242240333,0.05038199014701967,Fail,benchmark,1.0,0.13333333333333333
rcsb_local_pose_ensemble,1xoq,1xoq,1xoq_pose_009,data/local_set/1xoq/poses/1xoq_pose_009.sdf,388.69499526855174,lower_better,0.8461538461538461,rcsb_local_pose_ensemble,uncalibrated,0.8461538461538461,complete,her2-pose-v1,28,,0.9739266892079256,371.62155077847643,18.84836242240333,0.05038199014701967,Fail,benchmark,1.0,0.13333333333333333
rcsb_local_pose_ensemble,1xoq,1xoq,1xoq_pose_010,data/local_set/1xoq/poses/1xoq_pose_010.sdf,345.9838103227272,lower_better,0.8461538461538461,rcsb_local_pose_ensemble,uncalibrated,0.8461538461538461,complete,her2-pose-v1,50,,1.0,371.62155077847643,18.84836242240333,0.05038199014701967,Fail,benchmark,1.0,0.13333333333333333
rcsb_local_pose_ensemble,1xoq,1xoq,1xoq_pose_011,data/local_set/1xoq/poses/1xoq_pose_011.sdf,388.69077285582136,lower_better,0.9230769230769231,rcsb_local_pose_ensemble,uncalibrated,0.9230769230769231,complete,her2-pose-v1,6,,0.9739109661188448,371.62155077847643,18.84836242240333,0.05038199014701967,Pass,benchmark,1.0,0.13333333333333333
rcsb_local_pose_ensemble,1xoq,1xoq,1xoq_pose_012,data/local_set/1xoq/poses/1xoq_pose_012.sdf,355.7956683009473,lower_better,0.8461538461538461,rcsb_local_pose_ensemble,uncalibrated,0.8461538461538461,complete,her2-pose-v1,66,,1.0,371.62155077847643,18.84836242240333,0.05038199014701967,Fail,benchmark,1.0,0.13333333333333333
rcsb_local_pose_ensemble,1xoq,1xoq,1xoq_pose_013,data/local_set/1xoq/poses/1xoq_pose_013.sdf,388.69227847850374,lower_better,0.8461538461538461,rcsb_local_pose_ensemble,uncalibrated,0.8461538461538461,complete,her2-pose-v1,34,,0.9739194151912048,371.62155077847643,18.84836242240333,0.05038199014701967,Fail,benchmark,1.0,0.13333333333333333
rcsb_local_pose_ensemble,1xoq,1xoq,1xoq_pose_014,data/local_set/1xoq/poses/1xoq_pose_014.sdf,356.99124747860753,lower_better,0.8461538461538461,rcsb_local_pose_ensemble,uncalibrated,0.8461538461538461,complete,her2-pose-v1,31,,1.0,371.62155077847643,18.84836242240333,0.05038199014701967,Fail,benchmark,1.0,0.13333333333333333
rcsb_local_pose_ensemble,1xoq,1xoq,1xoq_pose_015,data/local_set/1xoq/poses/1xoq_pose_015.sdf,388.6886534721256,lower_better,1.0,rcsb_local_pose_ensemble,uncalibrated,1.0,complete,her2-pose-v1,0,,0.9739578387272384,371.62155077847643,18.84836242240333,0.05038199014701967,Pass,benchmark,1.0,0.13333333333333333
rcsb_local_pose_ensemble,1xoq,1xoq,1xoq_pose_016,data/local_set/1xoq/poses/1xoq_pose_016.sdf,355.59813289947044,lower_better,0.8461538461538461,rcsb_local_pose_ensemble,uncalibrated,0.8461538461538461,complete,her2-pose-v1,47,,1.0,371.62155077847643,18.84836242240333,0.05038199014701967,Fail,benchmark,1.0,0.13333333333333333
rcsb_local_pose_ensemble,1xoq,1xoq,1xoq_pose_017,data/local_set/1xoq/poses/1xoq_pose_017.sdf,388.693747133012,lower_better,0.8461538461538461,rcsb_local_pose_ensemble,uncalibrated,0.8461538461538461,complete,her2-pose-v1,55,,0.9739142896333076,371.62155077847643,18.84836242240333,0.05038199014701967,Fail,benchmark,1.0,0.13333333333333333
rcsb_local_pose_ensemble,1xoq,1xoq,1xoq_pose_018,data/local_set/1xoq/poses/1xoq_pose_018.sdf,352.3137702965068,lower_better,0.8461538461538461,rcsb_local_pose_ensemble,uncalibrated,0.8461538461538461,complete,her2-pose-v1,48,,1.0,371.62155077847643,18.84836242240333,0.05038199014701967,Fail,benchmark,1.0,0.13333333333333333
rcsb_local_pose_ensemble,1xoq,1xoq,1xoq_pose_019,data/local_set/1xoq/poses/1xoq_pose_019.sdf,388.6860566412439,lower_better,0.8461538461538461,rcsb_local_pose_ensemble,uncalibrated,0.8461538461538461,complete,her2-pose-v1,34,,0.9739101156218252,371.62155077847643,18.84836242240333,0.05038199014701967,Fail,benchmark,1.0,0.13333333333333333
rcsb_local_pose_ensemble,1xoq,1xoq,1xoq_pose_020,data/local_set/1xoq/poses/1xoq_pose_020.sdf,345.56549196910726,lower_better,0.8461538461538461,rcsb_local_pose_ensemble,uncalibrated,0.8461538461538461,complete,her2-pose-v1,61,,1.0,371.62155077847643,18.84836242240333,0.05038199014701967,Fail,benchmark,1.0,0.13333333333333333
rcsb_local_pose_ensemble,1xoq,1xoq,1xoq_pose_021,data/local_set/1xoq/poses/1xoq_pose_021.sdf,388.6917571611903,lower_better,0.8461538461538461,rcsb_local_pose_ensemble,uncalibrated,0.8461538461538461,complete,her2-pose-v1,38,,0.9739338707416668,371.62155077847643,18.84836242240333,0.05038199014701967,Fail,benchmark,1.0,0.13333333333333333
rcsb_local_pose_ensemble,1xoq,1xoq,1xoq_pose_022,data/local_set/1xoq/poses/1xoq_pose_022.sdf,348.7138631210064,lower_better,0.9230769230769231,rcsb_local_pose_ensemble,uncalibrated,0.9230769230769231,complete,her2-pose-v1,8,,1.0,371.62155077847643,18.84836242240333,0.05038199014701967,Pass,benchmark,1.0,0.13333333333333333
rcsb_local_pose_ensemble,1xoq,1xoq,1xoq_pose_023,data/local_set/1xoq/poses/1xoq_pose_023.sdf,388.7106911745568,lower_better,0.9230769230769231,rcsb_local_pose_ensemble,uncalibrated,0.9230769230769231,complete,her2-pose-v1,2,,0.9739048716495904,371.62155077847643,18.84836242240333,0.05038199014701967,Pass,benchmark,1.0,0.13333333333333333
rcsb_local_pose_ensemble,1xoq,1xoq,1xoq_pose_024,data/local_set/1xoq/poses/1xoq_pose_024.sdf,348.23666438743606,lower_better,0.8461538461538461,rcsb_local_pose_ensemble,uncalibrated,0.8461538461538461,complete,her2-pose-v1,20,,1.0,371.62155077847643,18.84836242240333,0.05038199014701967,Review,benchmark,1.0,0.13333333333333333
rcsb_local_pose_ensemble,1xoq,1xoq,1xoq_pose_025,data/local_set/1xoq/poses/1xoq_pose_025.sdf,388.6923428958849,lower_better,1.0,rcsb_local_pose_ensemble,uncalibrated,1.0,complete,her2-pose-v1,0,,0.9739317209417944,371.62155077847643,18.84836242240333,0.05038199014701967,Pass,benchmark,1.0,0.13333333333333333
rcsb_local_pose_ensemble,1xoq,1xoq,1xoq_pose_026,data/local_set/1xoq/poses/1xoq_pose_026.sdf,355.7338428430156,lower_better,0.8461538461538461,rcsb_local_pose_ensemble,uncalibrated,0.8461538461538461,complete,her2-pose-v1,20,,1.0,371.62155077847643,18.84836242240333,0.05038199014701967,Fail,benchmark,1.0,0.13333333333333333
rcsb_local_pose_ensemble,1xoq,1xoq,1xoq_pose_027,data/local_set/1xoq/poses/1xoq_pose_027.sdf,388.6864278391774,lower_better,0.8461538461538461,rcsb_local_pose_ensemble,uncalibrated,0.8461538461538461,complete,her2-pose-v1,33,,0.9739256738145764,371.62155077847643,18.84836242240333,0.05038199014701967,Fail,benchmark,1.0,0.13333333333333333
rcsb_local_pose_ensemble,1xoq,1xoq,1xoq_pose_028,data/local_set/1xoq/poses/1xoq_pose_028.sdf,348.03347192231024,lower_better,0.8461538461538461,rcsb_local_pose_ensemble,uncalibrated,0.8461538461538461,complete,her2-pose-v1,40,,1.0,371.62155077847643,18.84836242240333,0.05038199014701967,Fail,benchmark,1.0,0.13333333333333333
rcsb_local_pose_ensemble,1xoq,1xoq,1xoq_pose_029,data/local_set/1xoq/poses/1xoq_pose_029.sdf,388.6878698373952,lower_better,0.8461538461538461,rcsb_local_pose_ensemble,uncalibrated,0.8461538461538461,complete,her2-pose-v1,27,,0.973908974531614,371.62155077847643,18.84836242240333,0.05038199014701967,Fail,benchmark,1.0,0.13333333333333333
rcsb_local_pose_ensemble,1xoz,1xoz,1xoz_pose_000,data/local_set/1xoz/poses/1xoz_pose_000.sdf,178.97805616671243,lower_better,1.0,rcsb_local_pose_ensemble,uncalibrated,1.0,complete,her2-pose-v1,0,,0.9774177802588526,170.54519864859583,10.383369509185227,0.08784745142403584,Pass,benchmark,1.0,0.03333333333333333
rcsb_local_pose_ensemble,1xoz,1xoz,1xoz_pose_001,data/local_set/1xoz/poses/1xoz_pose_001.sdf,178.9692671373824,lower_better,0.8461538461538461,rcsb_local_pose_ensemble,uncalibrated,0.8461538461538461,complete,her2-pose-v1,24,,0.9774215694631412,170.54519864859583,10.383369509185227,0.08784745142403584,Fail,benchmark,1.0,0.03333333333333333
rcsb_local_pose_ensemble,1xoz,1xoz,1xoz_pose_002,data/local_set/1xoz/poses/1xoz_pose_002.sdf,152.51388669301176,lower_better,0.8461538461538461,rcsb_local_pose_ensemble,uncalibrated,0.8461538461538461,complete,her2-pose-v1,10,,0.973751627268922,170.54519864859583,10.383369509185227,0.08784745142403584,Review,benchmark,1.0,0.03333333333333333
rcsb_local_pose_ensemble,1xoz,1xoz,1xoz_pose_003,data/local_set/1xoz/poses/1xoz_pose_003.sdf,178.96888311111402,lower_better,0.8461538461538461,rcsb_local_pose_ensemble,uncalibrated,0.8461538461538461,complete,her2-pose-v1,25,,0.9774039842533148,170.54519864859583,10.383369509185227,0.08784745142403584,Fail,benchmark,1.0,0.03333333333333333
rcsb_local_pose_ensemble,1xoz,1xoz,1xoz_pose_004,data/local_set/1xoz/poses/1xoz_pose_004.sdf,156.52019889620382,lower_better,0.8461538461538461,rcsb_local_pose_ensemble,uncalibrated,0.8461538461538461,complete,her2-pose-v1,31,,0.984450771723578,170.54519864859583,10.383369509185227,0.08784745142403584,Review,benchmark,1.0,0.03333333333333333
rcsb_local_pose_ensemble,1xoz,1xoz,1xoz_pose_005,data/local_set/1xoz/poses/1xoz_pose_005.sdf,178.9635059354314,lower_better,0.8461538461538461,rcsb_local_pose_ensemble,uncalibrated,0.8461538461538461,complete,her2-pose-v1,43,,0.977413849418824,170.54519864859583,10.383369509185227,0.08784745142403584,Fail,benchmark,1.0,0.03333333333333333
rcsb_local_pose_ensemble,1xoz,1xoz,1xoz_pose_006,data/local_set/1xoz/poses/1xoz_pose_006.sdf,165.05609675280155,lower_better,0.8461538461538461,rcsb_local_pose_ensemble,uncalibrated,0.8461538461538461,complete,her2-pose-v1,35,,0.9841411483750084,170.54519864859583,10.383369509185227,0.08784745142403584,Fail,benchmark,1.0,0.03333333333333333
rcsb_local_pose_ensemble,1xoz,1xoz,1xoz_pose_007,data/local_set/1xoz/poses/1xoz_pose_007.sdf,178.98681498285583,lower_better,0.8461538461538461,rcsb_local_pose_ensemble,uncalibrated,0.8461538461538461,complete,her2-pose-v1,34,,0.9774286504345152,170.54519864859583,10.383369509185227,0.08784745142403584,Review,benchmark,1.0,0.03333333333333333
rcsb_local_pose_ensemble,1xoz,1xoz,1xoz_pose_008,data/local_set/1xoz/poses/1xoz_pose_008.sdf,152.58878174085396,lower_better,0.8461538461538461,rcsb_local_pose_ensemble,uncalibrated,0.8461538461538461,complete,her2-pose-v1,39,,0.9736202192904632,170.54519864859583,10.383369509185227,0.08784745142403584,Fail,benchmark,1.0,0.03333333333333333
rcsb_local_pose_ensemble,1xoz,1xoz,1xoz_pose_009,data/local_set/1xoz/poses/1xoz_pose_009.sdf,178.98655799580686,lower_better,0.8461538461538461,rcsb_local_pose_ensemble,uncalibrated,0.8461538461538461,complete,her2-pose-v1,40,,0.9774141526950914,170.54519864859583,10.383369509185227,0.08784745142403584,Fail,benchmark,1.0,0.03333333333333333
rcsb_local_pose_ensemble,1xoz,1xoz,1xoz_pose_010,data/local_set/1xoz/poses/1xoz_pose_010.sdf,173.99862550614256,lower_better,0.8461538461538461,rcsb_local_pose_ensemble,uncalibrated,0.8461538461538461,complete,her2-pose-v1,35,,0.98357410682485,170.54519864859583,10.383369509185227,0.08784745142403584,Fail,benchmark,1.0,0.03333333333333333
rcsb_local_pose_ensemble,1xoz,1xoz,1xoz_pose_011,data/local_set/1xoz/poses/1xoz_pose_011.sdf,178.98432001589677,lower_better,0.8461538461538461,rcsb_local_pose_ensemble,uncalibrated,0.8461538461538461,complete,her2-pose-v1,29,,0.9773951145002392,170.54519864859583,10.383369509185227,0.08784745142403584,Fail,benchmark,1.0,0.03333333333333333
rcsb_local_pose_ensemble,1xoz,1xoz,1xoz_pose_012,data/local_set/1xoz/poses/1xoz_pose_012.sdf,156.52796500774735,lower_better,0.8461538461538461,rcsb_local_pose_ensemble,uncalibrated,0.8461538461538461,complete,her2-pose-v1,7,,0.9845722074133172,170.54519864859583,10.383369509185227,0.08784745142403584,Fail,benchmark,1.0,0.03333333333333333
rcsb_local_pose_ensemble,1xoz,1xoz,1xoz_pose_013,data/local_set/1xoz/poses/1xoz_pose_013.sdf,178.96981453008698,lower_better,0.8461538461538461,rcsb_local_pose_ensemble,uncalibrated,0.8461538461538461,complete,her2-pose-v1,45,,0.9774295174182192,170.54519864859583,10.383369509185227,0.08784745142403584,Review,benchmark,1.0,0.03333333333333333
rcsb_local_pose_ensemble,1xoz,1xoz,1xoz_pose_014,data/local_set/1xoz/poses/1xoz_pose_014.sdf,156.53752573815603,lower_better,0.8461538461538461,rcsb_local_pose_ensemble,uncalibrated,0.8461538461538461,complete,her2-pose-v1,25,,0.9844504182322495,170.54519864859583,10.383369509185227,0.08784745142403584,Review,benchmark,1.0,0.03333333333333333
rcsb_local_pose_ensemble,1xoz,1xoz,1xoz_pose_015,data/local_set/1xoz/poses/1xoz_pose_015.sdf,178.96115868479995,lower_better,0.8461538461538461,rcsb_local_pose_ensemble,uncalibrated,0.8461538461538461,complete,her2-pose-v1,41,,0.977406830515768,170.54519864859583,10.383369509185227,0.08784745142403584,Review,benchmark,1.0,0.03333333333333333
rcsb_local_pose_ensemble,1xoz,1xoz,1xoz_pose_016,data/local_set/1xoz/poses/1xoz_pose_016.sdf,165.0470878031719,lower_better,0.8461538461538461,rcsb_local_pose_ensemble,uncalibrated,0.8461538461538461,complete,her2-pose-v1,46,,0.9841318366661508,170.54519864859583,10.383369509185227,0.08784745142403584,Fail,benchmark,1.0,0.03333333333333333
rcsb_local_pose_ensemble,1xoz,1xoz,1xoz_pose_017,data/local_set/1xoz/poses/1xoz_pose_017.sdf,179.0018883249651,lower_better,0.8461538461538461,rcsb_local_pose_ensemble,uncalibrated,0.8461538461538461,complete,her2-pose-v1,18,,0.977391886854567,170.54519864859583,10.383369509185227,0.08784745142403584,Fail,benchmark,1.0,0.03333333333333333
rcsb_local_pose_ensemble,1xoz,1xoz,1xoz_pose_018,data/local_set/1xoz/poses/1xoz_pose_018.sdf,156.5400552362362,lower_better,0.8461538461538461,rcsb_local_pose_ensemble,uncalibrated,0.8461538461538461,complete,her2-pose-v1,46,,0.984542732146394,170.54519864859583,10.383369509185227,0.08784745142403584,Fail,benchmark,1.0,0.03333333333333333
rcsb_local_pose_ensemble,1xoz,1xoz,1xoz_pose_019,data/local_set/1xoz/poses/1xoz_pose_019.sdf,178.973407684159,lower_better,0.8461538461538461,rcsb_local_pose_ensemble,uncalibrated,0.8461538461538461,complete,her2-pose-v1,56,,0.9774452701363684,170.54519864859583,10.383369509185227,0.08784745142403584,Fail,benchmark,1.0,0.03333333333333333
rcsb_local_pose_ensemble,1xoz,1xoz,1xoz_pose_020,data/local_set/1xoz/poses/1xoz_pose_020.sdf,165.05150342564357,lower_better,0.9230769230769231,rcsb_local_pose_ensemble,uncalibrated,0.9230769230769231,complete,her2-pose-v1,7,,0.9841294088621778,170.54519864859583,10.383369509185227,0.08784745142403584,Review,benchmark,1.0,0.03333333333333333
rcsb_local_pose_ensemble,1xoz,1xoz,1xoz_pose_021,data/local_set/1xoz/poses/1xoz_pose_021.sdf,178.98611541561786,lower_better,0.8461538461538461,rcsb_local_pose_ensemble,uncalibrated,0.8461538461538461,complete,her2-pose-v1,60,,0.977402571481616,170.54519864859583,10.383369509185227,0.08784745142403584,Fail,benchmark,1.0,0.03333333333333333
rcsb_local_pose_ensemble,1xoz,1xoz,1xoz_pose_022,data/local_set/1xoz/poses/1xoz_pose_022.sdf,174.01039320455024,lower_better,0.8461538461538461,rcsb_local_pose_ensemble,uncalibrated,0.8461538461538461,complete,her2-pose-v1,46,,0.9835625360531454,170.54519864859583,10.383369509185227,0.08784745142403584,Fail,benchmark,1.0,0.03333333333333333
rcsb_local_pose_ensemble,1xoz,1xoz,1xoz_pose_023,data/local_set/1xoz/poses/1xoz_pose_023.sdf,178.96160053772002,lower_better,0.8461538461538461,rcsb_local_pose_ensemble,uncalibrated,0.8461538461538461,complete,her2-pose-v1,33,,0.9774074792137456,170.54519864859583,10.383369509185227,0.08784745142403584,Review,benchmark,1.0,0.03333333333333333
rcsb_local_pose_ensemble,1xoz,1xoz,1xoz_pose_024,data/local_set/1xoz/poses/1xoz_pose_024.sdf,162.85538470849878,lower_better,0.8461538461538461,rcsb_local_pose_ensemble,uncalibrated,0.8461538461538461,complete,her2-pose-v1,20,,0.9776348666267152,170.54519864859583,10.383369509185227,0.08784745142403584,Review,benchmark,1.0,0.03333333333333333
rcsb_local_pose_ensemble,1xoz,1xoz,1xoz_pose_025,data/local_set/1xoz/poses/1xoz_pose_025.sdf,179.0072734804708,lower_better,0.8461538461538461,rcsb_local_pose_ensemble,uncalibrated,0.8461538461538461,complete,her2-pose-v1,54,,0.977420508349254,170.54519864859583,10.383369509185227,0.08784745142403584,Fail,benchmark,1.0,0.03333333333333333
rcsb_local_pose_ensemble,1xoz,1xoz,1xoz_pose_026,data/local_set/1xoz/poses/1xoz_pose_026.sdf,162.84884947459793,lower_better,0.8461538461538461,rcsb_local_pose_ensemble,uncalibrated,0.8461538461538461,complete,her2-pose-v1,49,,0.9776496903157048,170.54519864859583,10.383369509185227,0.08784745142403584,Fail,benchmark,1.0,0.03333333333333333
rcsb_local_pose_ensemble,1xoz,1xoz,1xoz_pose_027,data/local_set/1xoz/poses/1xoz_pose_027.sdf,178.9759731058235,lower_better,0.8461538461538461,rcsb_local_pose_ensemble,uncalibrated,0.8461538461538461,complete,her2-pose-v1,27,,0.9774067227448152,170.54519864859583,10.383369509185227,0.08784745142403584,Review,benchmark,1.0,0.03333333333333333
rcsb_local_pose_ensemble,1xoz,1xoz,1xoz_pose_028,data/local_set/1xoz/poses/1xoz_pose_028.sdf,152.5877140781625,lower_better,0.8461538461538461,rcsb_local_pose_ensemble,uncalibrated,0.8461538461538461,complete,her2-pose-v1,28,,0.9736011154990474,170.54519864859583,10.383369509185227,0.08784745142403584,Fail,benchmark,1.0,0.03333333333333333
rcsb_local_pose_ensemble,1xoz,1xoz,1xoz_pose_029,data/local_set/1xoz/poses/1xoz_pose_029.sdf,178.99725408325318,lower_better,0.8461538461538461,rcsb_local_pose_ensemble,uncalibrated,0.8461538461538461,complete,her2-pose-v1,40,,0.9774460756230956,170.54519864859583,10.383369509185227,0.08784745142403584,Fail,benchmark,1.0,0.03333333333333333
rcsb_local_pose_ensemble,1y6b,1y6b,1y6b_pose_000,data/local_set/1y6b/poses/1y6b_pose_000.sdf,408.5849521241739,lower_better,1.0,rcsb_local_pose_ensemble,uncalibrated,1.0,complete,her2-pose-v1,0,,0.9576078511561332,416.65605239915413,10.631338106372928,0.08597463085112193,Pass,benchmark,1.0,0.03333333333333333
rcsb_local_pose_ensemble,1y6b,1y6b,1y6b_pose_001,data/local_set/1y6b/poses/1y6b_pose_001.sdf,408.6028543246444,lower_better,0.8461538461538461,rcsb_local_pose_ensemble,uncalibrated,0.8461538461538461,complete,her2-pose-v1,15,,0.9576152284819,416.65605239915413,10.631338106372928,0.08597463085112193,Pass,benchmark,1.0,0.03333333333333333
rcsb_local_pose_ensemble,1y6b,1y6b,1y6b_pose_002,data/local_set/1y6b/poses/1y6b_pose_002.sdf,428.8500203973472,lower_better,0.8461538461538461,rcsb_local_pose_ensemble,uncalibrated,0.8461538461538461,complete,her2-pose-v1,49,,0.963478449819974,416.65605239915413,10.631338106372928,0.08597463085112193,Fail,benchmark,1.0,0.03333333333333333
rcsb_local_pose_ensemble,1y6b,1y6b,1y6b_pose_003,data/local_set/1y6b/poses/1y6b_pose_003.sdf,408.5991959220533,lower_better,0.8461538461538461,rcsb_local_pose_ensemble,uncalibrated,0.8461538461538461,complete,her2-pose-v1,65,,0.9576134083146156,416.65605239915413,10.631338106372928,0.08597463085112193,Fail,benchmark,1.0,0.03333333333333333
rcsb_local_pose_ensemble,1y6b,1y6b,1y6b_pose_004,data/local_set/1y6b/poses/1y6b_pose_004.sdf,419.7382234926318,lower_better,0.8461538461538461,rcsb_local_pose_ensemble,uncalibrated,0.8461538461538461,complete,her2-pose-v1,34,,0.9604668981015704,416.65605239915413,10.631338106372928,0.08597463085112193,Fail,benchmark,1.0,0.03333333333333333
rcsb_local_pose_ensemble,1y6b,1y6b,1y6b_pose_005,data/local_set/1y6b/poses/1y6b_pose_005.sdf,408.5858659429325,lower_better,0.8461538461538461,rcsb_local_pose_ensemble,uncalibrated,0.8461538461538461,complete,her2-pose-v1,81,,0.9576224265490676,416.65605239915413,10.631338106372928,0.08597463085112193,Fail,benchmark,1.0,0.03333333333333333
rcsb_local_pose_ensemble,1y6b,1y6b,1y6b_pose_006,data/local_set/1y6b/poses/1y6b_pose_006.sdf,434.1885236670271,lower_better,0.8461538461538461,rcsb_local_pose_ensemble,uncalibrated,0.8461538461538461,complete,her2-pose-v1,71,,0.972733872688509,416.65605239915413,10.631338106372928,0.08597463085112193,Fail,benchmark,1.0,0.03333333333333333
rcsb_local_pose_ensemble,1y6b,1y6b,1y6b_pose_007,data/local_set/1y6b/poses/1y6b_pose_007.sdf,408.589533189388,lower_better,0.8461538461538461,rcsb_local_pose_ensemble,uncalibrated,0.8461538461538461,complete,her2-pose-v1,38,,0.9576247849149876,416.65605239915413,10.631338106372928,0.08597463085112193,Review,benchmark,1.0,0.03333333333333333
rcsb_local_pose_ensemble,1y6b,1y6b,1y6b_pose_008,data/local_set/1y6b/poses/1y6b_pose_008.sdf,417.7362277968109,lower_better,0.8461538461538461,rcsb_local_pose_ensemble,uncalibrated,0.8461538461538461,complete,her2-pose-v1,80,,0.9675694125553268,416.65605239915413,10.631338106372928,0.08597463085112193,Fail,benchmark,1.0,0.03333333333333333
rcsb_local_pose_ensemble,1y6b,1y6b,1y6b_pose_009,data/local_set/1y6b/poses/1y6b_pose_009.sdf,408.57240916969937,lower_better,0.8461538461538461,rcsb_local_pose_ensemble,uncalibrated,0.8461538461538461,complete,her2-pose-v1,18,,0.9576062010053512,416.65605239915413,10.631338106372928,0.08597463085112193,Review,benchmark,1.0,0.03333333333333333
rcsb_local_pose_ensemble,1y6b,1y6b,1y6b_pose_010,data/local_set/1y6b/poses/1y6b_pose_010.sdf,416.79310157101173,lower_better,0.8461538461538461,rcsb_local_pose_ensemble,uncalibrated,0.8461538461538461,complete,her2-pose-v1,47,,0.9840860714660912,416.65605239915413,10.631338106372928,0.08597463085112193,Fail,benchmark,1.0,0.03333333333333333
rcsb_local_pose_ensemble,1y6b,1y6b,1y6b_pose_011,data/local_set/1y6b/poses/1y6b_pose_011.sdf,408.5715865510946,lower_better,0.8461538461538461,rcsb_local_pose_ensemble,uncalibrated,0.8461538461538461,complete,her2-pose-v1,27,,0.9575800716079832,416.65605239915413,10.631338106372928,0.08597463085112193,Review,benchmark,1.0,0.03333333333333333
rcsb_local_pose_ensemble,1y6b,1y6b,1y6b_pose_012,data/local_set/1y6b/poses/1y6b_pose_012.sdf,420.2219215099889,lower_better,0.8461538461538461,rcsb_local_pose_ensemble,uncalibrated,0.8461538461538461,complete,her2-pose-v1,30,,0.9601726159225438,416.65605239915413,10.631338106372928,0.08597463085112193,Fail,benchmark,1.0,0.03333333333333333
rcsb_local_pose_ensemble,1y6b,1y6b,1y6b_pose_013,data/local_set/1y6b/poses/1y6b_pose_013.sdf,408.5947412046803,lower_better,0.8461538461538461,rcsb_local_pose_ensemble,uncalibrated,0.8461538461538461,complete,her2-pose-v1,44,,0.9576125538867772,416.65605239915413,10.631338106372928,0.08597463085112193,Fail,benchmark,1.0,0.03333333333333333
rcsb_local_pose_ensemble,1y6b,1y6b,1y6b_pose_014,data/local_set/1y6b/poses/1y6b_pose_014.sdf,428.9203812295068,lower_better,0.8461538461538461,rcsb_local_pose_ensemble,uncalibrated,0.8461538461538461,complete,her2-pose-v1,10,,0.9517091599164472,416.65605239915413,10.631338106372928,0.08597463085112193,Review,benchmark,1.0,0.03333333333333333
rcsb_local_pose_ensemble,1y6b,1y6b,1y6b_pose_015,data/local_set/1y6b/poses/1y6b_pose_015.sdf,408.5766542326356,lower_better,0.8461538461538461,rcsb_local_pose_ensemble,uncalibrated,0.8461538461538461,complete,her2-pose-v1,44,,0.9575794018649874,416.65605239915413,10.631338106372928,0.08597463085112193,Fail,benchmark,1.0,0.03333333333333333
rcsb_local_pose_ensemble,1y6b,1y6b,1y6b_pose_016,data/local_set/1y6b/poses/1y6b_pose_016.sdf,443.29234739355826,lower_better,0.8461538461538461,rcsb_local_pose_ensemble,uncalibrated,0.8461538461538461,complete,her2-pose-v1,56,,0.9761201808990196,416.65605239915413,10.631338106372928,0.08597463085112193,Fail,benchmark,1.0,0.03333333333333333
rcsb_local_pose_ensemble,1y6b,1y6b,1y6b_pose_017,data/local_set/1y6b/poses/1y6b_pose_017.sdf,408.5977527156161,lower_better,0.8461538461538461,rcsb_local_pose_ensemble,uncalibrated,0.8461538461538461,complete,her2-pose-v1,19,,0.9576066071213004,416.65605239915413,10.631338106372928,0.08597463085112193,Pass,benchmark,1.0,0.03333333333333333
rcsb_local_pose_ensemble,1y6b,1y6b,1y6b_pose_018,data/local_set/1y6b/poses/1y6b_pose_018.sdf,439.2824889738309,lower_better,0.8461538461538461,rcsb_local_pose_ensemble,uncalibrated,0.8461538461538461,complete,her2-pose-v1,80,,0.9746200530219344,416.65605239915413,10.631338106372928,0.08597463085112193,Fail,benchmark,1.0,0.03333333333333333
rcsb_local_pose_ensemble,1y6b,1y6b,1y6b_pose_019,data/local_set/1y6b/poses/1y6b_pose_019.sdf,408.59059113909353,lower_better,0.8461538461538461,rcsb_local_pose_ensemble,uncalibrated,0.8461538461538461,complete,her2-pose-v1,46,,0.9575902693811232,416.65605239915413,10.631338106372928,0.08597463085112193,Fail,benchmark,1.0,0.03333333333333333
rcsb_local_pose_ensemble,1y6b,1y6b,1y6b_pose_020,data/local_set/1y6b/poses/1y6b_pose_020.sdf,429.6957813659748,lower_better,0.8461538461538461,rcsb_local_pose_ensemble,uncalibrated,0.8461538461538461,complete,her2-pose-v1,76,,0.9511414311439532,416.65605239915413,10.631338106372928,0.08597463085112193,Fail,benchmark,1.0,0.03333333333333333
rcsb_local_pose_ensemble,1y6b,1y6b,1y6b_pose_021,data/local_set/1y6b/poses/1y6b_pose_021.sdf,408.5767874330502,lower_better,0.8461538461538461,rcsb_local_pose_ensemble,uncalibrated,0.8461538461538461,complete,her2-pose-v1,44,,0.9575954511024872,416.65605239915413,10.631338106372928,0.08597463085112193,Fail,benchmark,1.0,0.03333333333333333
rcsb_local_pose_ensemble,1y6b,1y6b,1y6b_pose_022,data/local_set/1y6b/poses/1y6b_pose_022.sdf,414.7138994248943,lower_better,0.8461538461538461,rcsb_local_pose_ensemble,uncalibrated,0.8461538461538461,complete,her2-pose-v1,66,,0.9678067703783296,416.65605239915413,10.631338106372928,0.08597463085112193,Fail,benchmark,1.0,0.03333333333333333
rcsb_local_pose_ensemble,1y6b,1y6b,1y6b_pose_023,data/local_set/1y6b/poses/1y6b_pose_023.sdf,408.59501198173086,lower_better,0.8461538461538461,rcsb_local_pose_ensemble,uncalibrated,0.8461538461538461,complete,her2-pose-v1,10,,0.9575987318662468,416.65605239915413,10.631338106372928,0.08597463085112193,Pass,benchmark,1.0,0.03333333333333333
rcsb_local_pose_ensemble,1y6b,1y6b,1y6b_pose_024,data/local_set/1y6b/poses/1y6b_pose_024.sdf,429.2744084212472,lower_better,0.8461538461538461,rcsb_local_pose_ensemble,uncalibrated,0.8461538461538461,complete,her2-pose-v1,77,,0.961034289819724,416.65605239915413,10.631338106372928,0.08597463085112193,Fail,benchmark,1.0,0.03333333333333333
rcsb_local_pose_ensemble,1y6b,1y6b,1y6b_pose_025,data/local_set/1y6b/poses/1y6b_pose_025.sdf,408.58418693092466,lower_better,0.8461538461538461,rcsb_local_pose_ensemble,uncalibrated,0.8461538461538461,complete,her2-pose-v1,51,,0.9575921972391844,416.65605239915413,10.631338106372928,0.08597463085112193,Fail,benchmark,1.0,0.03333333333333333
rcsb_local_pose_ensemble,1y6b,1y6b,1y6b_pose_026,data/local_set/1y6b/poses/1y6b_pose_026.sdf,415.7954083419894,lower_better,0.8461538461538461,rcsb_local_pose_ensemble,uncalibrated,0.8461538461538461,complete,her2-pose-v1,46,,0.9584676920266956,416.65605239915413,10.631338106372928,0.08597463085112193,Fail,benchmark,1.0,0.03333333333333333
rcsb_local_pose_ensemble,1y6b,1y6b,1y6b_pose_027,data/local_set/1y6b/poses/1y6b_pose_027.sdf,408.5947968942589,lower_better,0.8461538461538461,rcsb_local_pose_ensemble,uncalibrated,0.8461538461538461,complete,her2-pose-v1,45,,0.9576182100992582,416.65605239915413,10.631338106372928,0.08597463085112193,Fail,benchmark,1.0,0.03333333333333333
rcsb_local_pose_ensemble,1y6b,1y6b,1y6b_pose_028,data/local_set/1y6b/poses/1y6b_pose_028.sdf,423.78743991472095,lower_better,0.8461538461538461,rcsb_local_pose_ensemble,uncalibrated,0.8461538461538461,complete,her2-pose-v1,93,,0.9634849123067089,416.65605239915413,10.631338106372928,0.08597463085112193,Fail,benchmark,1.0,0.03333333333333333
rcsb_local_pose_ensemble,1y6b,1y6b,1y6b_pose_029,data/local_set/1y6b/poses/1y6b_pose_029.sdf,408.574478718108,lower_better,0.8461538461538461,rcsb_local_pose_ensemble,uncalibrated,0.8461538461538461,complete,her2-pose-v1,14,,0.9575806251395108,416.65605239915413,10.631338106372928,0.08597463085112193,Pass,benchmark,1.0,0.03333333333333333
rcsb_local_pose_ensemble,1ygc,1ygc,1ygc_pose_000,data/local_set/1ygc/poses/1ygc_pose_000.sdf,920.4693256901152,lower_better,0.9230769230769231,rcsb_local_pose_ensemble,uncalibrated,0.9230769230769231,complete,her2-pose-v1,0,,1.0,566.6571480490329,392.37952450319216,0.002542074352402867,Pass,benchmark,1.0,0.0
rcsb_local_pose_ensemble,1ygc,1ygc,1ygc_pose_001,data/local_set/1ygc/poses/1ygc_pose_001.sdf,927.5529245269475,lower_better,0.7692307692307693,rcsb_local_pose_ensemble,uncalibrated,0.7692307692307693,complete,her2-pose-v1,54,,1.0,566.6571480490329,392.37952450319216,0.002542074352402867,Fail,benchmark,1.0,0.0
rcsb_local_pose_ensemble,1ygc,1ygc,1ygc_pose_002,data/local_set/1ygc/poses/1ygc_pose_002.sdf,160.04333109446435,lower_better,0.8461538461538461,rcsb_local_pose_ensemble,uncalibrated,0.8461538461538461,complete,her2-pose-v1,32,,1.0,566.6571480490329,392.37952450319216,0.002542074352402867,Review,benchmark,1.0,0.0
rcsb_local_pose_ensemble,1ygc,1ygc,1ygc_pose_003,data/local_set/1ygc/poses/1ygc_pose_003.sdf,926.1985523364248,lower_better,0.7692307692307693,rcsb_local_pose_ensemble,uncalibrated,0.7692307692307693,complete,her2-pose-v1,18,,1.0,566.6571480490329,392.37952450319216,0.002542074352402867,Fail,benchmark,1.0,0.0
rcsb_local_pose_ensemble,1ygc,1ygc,1ygc_pose_004,data/local_set/1ygc/poses/1ygc_pose_004.sdf,138.86188631448542,lower_better,0.8461538461538461,rcsb_local_pose_ensemble,uncalibrated,0.8461538461538461,complete,her2-pose-v1,73,,1.0,566.6571480490329,392.37952450319216,0.002542074352402867,Fail,benchmark,1.0,0.0
rcsb_local_pose_ensemble,1ygc,1ygc,1ygc_pose_005,data/local_set/1ygc/poses/1ygc_pose_005.sdf,933.5238262704618,lower_better,0.7692307692307693,rcsb_local_pose_ensemble,uncalibrated,0.7692307692307693,complete,her2-pose-v1,48,,1.0,566.6571480490329,392.37952450319216,0.002542074352402867,Fail,benchmark,1.0,0.0
rcsb_local_pose_ensemble,1ygc,1ygc,1ygc_pose_006,data/local_set/1ygc/poses/1ygc_pose_006.sdf,139.9587845231365,lower_better,0.8461538461538461,rcsb_local_pose_ensemble,uncalibrated,0.8461538461538461,complete,her2-pose-v1,40,,1.0,566.6571480490329,392.37952450319216,0.002542074352402867,Review,benchmark,1.0,0.0
rcsb_local_pose_ensemble,1ygc,1ygc,1ygc_pose_007,data/local_set/1ygc/poses/1ygc_pose_007.sdf,922.6627658375156,lower_better,0.7692307692307693,rcsb_local_pose_ensemble,uncalibrated,0.7692307692307693,complete,her2-pose-v1,92,,1.0,566.6571480490329,392.37952450319216,0.002542074352402867,Review,benchmark,1.0,0.0
rcsb_local_pose_ensemble,1ygc,1ygc,1ygc_pose_008,data/local_set/1ygc/poses/1ygc_pose_008.sdf,153.9850464084576,lower_better,0.8461538461538461,rcsb_local_pose_ensemble,uncalibrated,0.8461538461538461,complete,her2-pose-v1,25,,1.0,566.6571480490329,392.37952450319216,0.002542074352402867,Review,benchmark,1.0,0.0
rcsb_local_pose_ensemble,1ygc,1ygc,1ygc_pose_009,data/local_set/1ygc/poses/1ygc_pose_009.sdf,922.96313539163,lower_better,0.7692307692307693,rcsb_local_pose_ensemble,uncalibrated,0.7692307692307693,complete,her2-pose-v1,34,,1.0,566.6571480490329,392.37952450319216,0.002542074352402867,Fail,benchmark,1.0,0.0
rcsb_local_pose_ensemble,1ygc,1ygc,1ygc_pose_010,data/local_set/1ygc/poses/1ygc_pose_010.sdf,162.6201991714882,lower_better,0.8461538461538461,rcsb_local_pose_ensemble,uncalibrated,0.8461538461538461,complete,her2-pose-v1,47,,1.0,566.6571480490329,392.37952450319216,0.002542074352402867,Fail,benchmark,1.0,0.0
rcsb_local_pose_ensemble,1ygc,1ygc,1ygc_pose_011,data/local_set/1ygc/poses/1ygc_pose_011.sdf,922.2512333430648,lower_better,0.7692307692307693,rcsb_local_pose_ensemble,uncalibrated,0.7692307692307693,complete,her2-pose-v1,58,,1.0,566.6571480490329,392.37952450319216,0.002542074352402867,Fail,benchmark,1.0,0.0
rcsb_local_pose_ensemble,1ygc,1ygc,1ygc_pose_012,data/local_set/1ygc/poses/1ygc_pose_012.sdf,160.19075390278405,lower_better,0.8461538461538461,rcsb_local_pose_ensemble,uncalibrated,0.8461538461538461,complete,her2-pose-v1,60,,0.9904328997498794,566.6571480490329,392.37952450319216,0.002542074352402867,Fail,benchmark,1.0,0.0
rcsb_local_pose_ensemble,1ygc,1ygc,1ygc_pose_013,data/local_set/1ygc/poses/1ygc_pose_013.sdf,922.6745460708636,lower_better,0.7692307692307693,rcsb_local_pose_ensemble,uncalibrated,0.7692307692307693,complete,her2-pose-v1,48,,1.0,566.6571480490329,392.37952450319216,0.002542074352402867,Fail,benchmark,1.0,0.0
rcsb_local_pose_ensemble,1ygc,1ygc,1ygc_pose_014,data/local_set/1ygc/poses/1ygc_pose_014.sdf,176.1244138188331,lower_better,0.8461538461538461,rcsb_local_pose_ensemble,uncalibrated,0.8461538461538461,complete,her2-pose-v1,54,,1.0,566.6571480490329,392.37952450319216,0.002542074352402867,Fail,benchmark,1.0,0.0
rcsb_local_pose_ensemble,1ygc,1ygc,1ygc_pose_015,data/local_set/1ygc/poses/1ygc_pose_015.sdf,926.058585585086,lower_better,0.7692307692307693,rcsb_local_pose_ensemble,uncalibrated,0.7692307692307693,complete,her2-pose-v1,52,,1.0,566.6571480490329,392.37952450319216,0.002542074352402867,Fail,benchmark,1.0,0.0
rcsb_local_pose_ensemble,1ygc,1ygc,1ygc_pose_016,data/local_set/1ygc/poses/1ygc_pose_016.sdf,154.26194136343827,lower_better,0.8461538461538461,rcsb_local_pose_ensemble,uncalibrated,0.8461538461538461,complete,her2-pose-v1,28,,1.0,566.6571480490329,392.37952450319216,0.002542074352402867,Fail,benchmark,1.0,0.0
rcsb_local_pose_ensemble,1ygc,1ygc,1ygc_pose_017,data/local_set/1ygc/poses/1ygc_pose_017.sdf,939.5122610921252,lower_better,0.7692307692307693,rcsb_local_pose_ensemble,uncalibrated,0.7692307692307693,complete,her2-pose-v1,57,,1.0,566.6571480490329,392.37952450319216,0.002542074352402867,Fail,benchmark,1.0,0.0
rcsb_local_pose_ensemble,1ygc,1ygc,1ygc_pose_018,data/local_set/1ygc/poses/1ygc_pose_018.sdf,150.09858493621954,lower_better,0.8461538461538461,rcsb_local_pose_ensemble,uncalibrated,0.8461538461538461,complete,her2-pose-v1,24,,1.0,566.6571480490329,392.37952450319216,0.002542074352402867,Fail,benchmark,1.0,0.0
rcsb_local_pose_ensemble,1ygc,1ygc,1ygc_pose_019,data/local_set/1ygc/poses/1ygc_pose_019.sdf,939.5743300529604,lower_better,0.7692307692307693,rcsb_local_pose_ensemble,uncalibrated,0.7692307692307693,complete,her2-pose-v1,41,,1.0,566.6571480490329,392.37952450319216,0.002542074352402867,Fail,benchmark,1.0,0.0
rcsb_local_pose_ensemble,1ygc,1ygc,1ygc_pose_020,data/local_set/1ygc/poses/1ygc_pose_020.sdf,154.45425530347228,lower_better,0.8461538461538461,rcsb_local_pose_ensemble,uncalibrated,0.8461538461538461,complete,her2-pose-v1,64,,0.9800882738382852,566.6571480490329,392.37952450319216,0.002542074352402867,Fail,benchmark,1.0,0.0
rcsb_local_pose_ensemble,1ygc,1ygc,1ygc_pose_021,data/local_set/1ygc/poses/1ygc_pose_021.sdf,922.6683210857148,lower_better,0.7692307692307693,rcsb_local_pose_ensemble,uncalibrated,0.7692307692307693,complete,her2-pose-v1,61,,1.0,566.6571480490329,392.37952450319216,0.002542074352402867,Review,benchmark,1.0,0.0
rcsb_local_pose_ensemble,1ygc,1ygc,1ygc_pose_022,data/local_set/1ygc/poses/1ygc_pose_022.sdf,148.60997280282237,lower_better,0.8461538461538461,rcsb_local_pose_ensemble,uncalibrated,0.8461538461538461,complete,her2-pose-v1,66,,1.0,566.6571480490329,392.37952450319216,0.002542074352402867,Fail,benchmark,1.0,0.0
rcsb_local_pose_ensemble,1ygc,1ygc,1ygc_pose_023,data/local_set/1ygc/poses/1ygc_pose_023.sdf,920.4712612975136,lower_better,0.7692307692307693,rcsb_local_pose_ensemble,uncalibrated,0.7692307692307693,complete,her2-pose-v1,17,,1.0,566.6571480490329,392.37952450319216,0.002542074352402867,Pass,benchmark,1.0,0.0
rcsb_local_pose_ensemble,1ygc,1ygc,1ygc_pose_024,data/local_set/1ygc/poses/1ygc_pose_024.sdf,160.67248161356463,lower_better,0.8461538461538461,rcsb_local_pose_ensemble,uncalibrated,0.8461538461538461,complete,her2-pose-v1,59,,1.0,566.6571480490329,392.37952450319216,0.002542074352402867,Fail,benchmark,1.0,0.0
rcsb_local_pose_ensemble,1ygc,1ygc,1ygc_pose_025,data/local_set/1ygc/poses/1ygc_pose_025.sdf,922.6513775816712,lower_better,0.7692307692307693,rcsb_local_pose_ensemble,uncalibrated,0.7692307692307693,complete,her2-pose-v1,52,,1.0,566.6571480490329,392.37952450319216,0.002542074352402867,Fail,benchmark,1.0,0.0
rcsb_local_pose_ensemble,1ygc,1ygc,1ygc_pose_026,data/local_set/1ygc/poses/1ygc_pose_026.sdf,164.75715588588736,lower_better,0.8461538461538461,rcsb_local_pose_ensemble,uncalibrated,0.8461538461538461,complete,her2-pose-v1,31,,0.9631110322032268,566.6571480490329,392.37952450319216,0.002542074352402867,Review,benchmark,1.0,0.0
rcsb_local_pose_ensemble,1ygc,1ygc,1ygc_pose_027,data/local_set/1ygc/poses/1ygc_pose_027.sdf,931.442423947892,lower_better,0.7692307692307693,rcsb_local_pose_ensemble,uncalibrated,0.7692307692307693,complete,her2-pose-v1,18,,1.0,566.6571480490329,392.37952450319216,0.002542074352402867,Fail,benchmark,1.0,0.0
rcsb_local_pose_ensemble,1ygc,1ygc,1ygc_pose_028,data/local_set/1ygc/poses/1ygc_pose_028.sdf,136.14839227586847,lower_better,0.8461538461538461,rcsb_local_pose_ensemble,uncalibrated,0.8461538461538461,complete,her2-pose-v1,31,,1.0,566.6571480490329,392.37952450319216,0.002542074352402867,Fail,benchmark,1.0,0.0
rcsb_local_pose_ensemble,1ygc,1ygc,1ygc_pose_029,data/local_set/1ygc/poses/1ygc_pose_029.sdf,938.2523719460772,lower_better,0.7692307692307693,rcsb_local_pose_ensemble,uncalibrated,0.7692307692307693,complete,her2-pose-v1,36,,1.0,566.6571480490329,392.37952450319216,0.002542074352402867,Fail,benchmark,1.0,0.0
rcsb_local_pose_ensemble,1yqy,1yqy,1yqy_pose_000,data/local_set/1yqy/poses/1yqy_pose_000.sdf,82.43838481946794,lower_better,1.0,rcsb_local_pose_ensemble,uncalibrated,1.0,complete,her2-pose-v1,0,,0.9947028011769484,80.35636897907567,4.790294254645385,0.17270279471509226,Pass,benchmark,1.0,0.06666666666666667
rcsb_local_pose_ensemble,1yqy,1yqy,1yqy_pose_001,data/local_set/1yqy/poses/1yqy_pose_001.sdf,82.51254021091609,lower_better,0.8461538461538461,rcsb_local_pose_ensemble,uncalibrated,0.8461538461538461,complete,her2-pose-v1,46,,0.9947144545906236,80.35636897907567,4.790294254645385,0.17270279471509226,Fail,benchmark,1.0,0.06666666666666667
rcsb_local_pose_ensemble,1yqy,1yqy,1yqy_pose_002,data/local_set/1yqy/poses/1yqy_pose_002.sdf,76.55636433905944,lower_better,0.8461538461538461,rcsb_local_pose_ensemble,uncalibrated,0.8461538461538461,complete,her2-pose-v1,35,,0.9848366053208458,80.35636897907567,4.790294254645385,0.17270279471509226,Fail,benchmark,1.0,0.06666666666666667
rcsb_local_pose_ensemble,1yqy,1yqy,1yqy_pose_003,data/local_set/1yqy/poses/1yqy_pose_003.sdf,82.5251411396557,lower_better,0.8461538461538461,rcsb_local_pose_ensemble,uncalibrated,0.8461538461538461,complete,her2-pose-v1,8,,0.99468219660831,80.35636897907567,4.790294254645385,0.17270279471509226,Review,benchmark,1.0,0.06666666666666667
rcsb_local_pose_ensemble,1yqy,1yqy,1yqy_pose_004,data/local_set/1yqy/poses/1yqy_pose_004.sdf,85.4128879723536,lower_better,0.8461538461538461,rcsb_local_pose_ensemble,uncalibrated,0.8461538461538461,complete,her2-pose-v1,36,,0.906584445051354,80.35636897907567,4.790294254645385,0.17270279471509226,Review,benchmark,1.0,0.06666666666666667
rcsb_local_pose_ensemble,1yqy,1yqy,1yqy_pose_005,data/local_set/1yqy/poses/1yqy_pose_005.sdf,82.42558636141187,lower_better,0.8461538461538461,rcsb_local_pose_ensemble,uncalibrated,0.8461538461538461,complete,her2-pose-v1,53,,0.9947051458635396,80.35636897907567,4.790294254645385,0.17270279471509226,Fail,benchmark,1.0,0.06666666666666667
rcsb_local_pose_ensemble,1yqy,1yqy,1yqy_pose_006,data/local_set/1yqy/poses/1yqy_pose_006.sdf,73.72108913160245,lower_better,0.8461538461538461,rcsb_local_pose_ensemble,uncalibrated,0.8461538461538461,complete,her2-pose-v1,15,,0.9882682769282192,80.35636897907567,4.790294254645385,0.17270279471509226,Review,benchmark,1.0,0.06666666666666667
rcsb_local_pose_ensemble,1yqy,1yqy,1yqy_pose_007,data/local_set/1yqy/poses/1yqy_pose_007.sdf,82.44735343590622,lower_better,0.8461538461538461,rcsb_local_pose_ensemble,uncalibrated,0.8461538461538461,complete,her2-pose-v1,24,,0.994711994860908,80.35636897907567,4.790294254645385,0.17270279471509226,Fail,benchmark,1.0,0.06666666666666667
rcsb_local_pose_ensemble,1yqy,1yqy,1yqy_pose_008,data/local_set/1yqy/poses/1yqy_pose_008.sdf,84.70950054138237,lower_better,0.8461538461538461,rcsb_local_pose_ensemble,uncalibrated,0.8461538461538461,complete,her2-pose-v1,16,,0.9831465214780364,80.35636897907567,4.790294254645385,0.17270279471509226,Review,benchmark,1.0,0.06666666666666667
rcsb_local_pose_ensemble,1yqy,1yqy,1yqy_pose_009,data/local_set/1yqy/poses/1yqy_pose_009.sdf,82.51913426666309,lower_better,0.8461538461538461,rcsb_local_pose_ensemble,uncalibrated,0.8461538461538461,complete,her2-pose-v1,38,,0.9946992850040342,80.35636897907567,4.790294254645385,0.17270279471509226,Fail,benchmark,1.0,0.06666666666666667
rcsb_local_pose_ensemble,1yqy,1yqy,1yqy_pose_010,data/local_set/1yqy/poses/1yqy_pose_010.sdf,67.8753284689458,lower_better,0.8461538461538461,rcsb_local_pose_ensemble,uncalibrated,0.8461538461538461,complete,her2-pose-v1,45,,0.9889262699561354,80.35636897907567,4.790294254645385,0.17270279471509226,Fail,benchmark,1.0,0.06666666666666667
rcsb_local_pose_ensemble,1yqy,1yqy,1yqy_pose_011,data/local_set/1yqy/poses/1yqy_pose_011.sdf,82.44002478169685,lower_better,0.8461538461538461,rcsb_local_pose_ensemble,uncalibrated,0.8461538461538461,complete,her2-pose-v1,28,,0.9946844546086072,80.35636897907567,4.790294254645385,0.17270279471509226,Review,benchmark,1.0,0.06666666666666667
rcsb_local_pose_ensemble,1yqy,1yqy,1yqy_pose_012,data/local_set/1yqy/poses/1yqy_pose_012.sdf,76.67887545594671,lower_better,0.8461538461538461,rcsb_local_pose_ensemble,uncalibrated,0.8461538461538461,complete,her2-pose-v1,27,,0.9853622782128136,80.35636897907567,4.790294254645385,0.17270279471509226,Review,benchmark,1.0,0.06666666666666667
rcsb_local_pose_ensemble,1yqy,1yqy,1yqy_pose_013,data/local_set/1yqy/poses/1yqy_pose_013.sdf,82.43162885636609,lower_better,0.8461538461538461,rcsb_local_pose_ensemble,uncalibrated,0.8461538461538461,complete,her2-pose-v1,36,,0.9946906619146332,80.35636897907567,4.790294254645385,0.17270279471509226,Fail,benchmark,1.0,0.06666666666666667
rcsb_local_pose_ensemble,1yqy,1yqy,1yqy_pose_014,data/local_set/1yqy/poses/1yqy_pose_014.sdf,84.31705366350312,lower_better,0.8461538461538461,rcsb_local_pose_ensemble,uncalibrated,0.8461538461538461,complete,her2-pose-v1,28,,0.9844998904618812,80.35636897907567,4.790294254645385,0.17270279471509226,Fail,benchmark,1.0,0.06666666666666667
rcsb_local_pose_ensemble,1yqy,1yqy,1yqy_pose_015,data/local_set/1yqy/poses/1yqy_pose_015.sdf,82.43113148666382,lower_better,1.0,rcsb_local_pose_ensemble,uncalibrated,1.0,complete,her2-pose-v1,0,,0.994695449637954,80.35636897907567,4.790294254645385,0.17270279471509226,Pass,benchmark,1.0,0.06666666666666667
rcsb_local_pose_ensemble,1yqy,1yqy,1yqy_pose_016,data/local_set/1yqy/poses/1yqy_pose_016.sdf,75.6350159823491,lower_better,0.8461538461538461,rcsb_local_pose_ensemble,uncalibrated,0.8461538461538461,complete,her2-pose-v1,42,,0.990808233393778,80.35636897907567,4.790294254645385,0.17270279471509226,Fail,benchmark,1.0,0.06666666666666667
rcsb_local_pose_ensemble,1yqy,1yqy,1yqy_pose_017,data/local_set/1yqy/poses/1yqy_pose_017.sdf,82.5145658033361,lower_better,0.8461538461538461,rcsb_local_pose_ensemble,uncalibrated,0.8461538461538461,complete,her2-pose-v1,49,,0.9947018216687546,80.35636897907567,4.790294254645385,0.17270279471509226,Fail,benchmark,1.0,0.06666666666666667
rcsb_local_pose_ensemble,1yqy,1yqy,1yqy_pose_018,data/local_set/1yqy/poses/1yqy_pose_018.sdf,88.66309818867609,lower_better,0.8461538461538461,rcsb_local_pose_ensemble,uncalibrated,0.8461538461538461,complete,her2-pose-v1,12,,0.9875963550621648,80.35636897907567,4.790294254645385,0.17270279471509226,Review,benchmark,1.0,0.06666666666666667
rcsb_local_pose_ensemble,1yqy,1yqy,1yqy_pose_019,data/local_set/1yqy/poses/1yqy_pose_019.sdf,82.51349898559428,lower_better,0.8461538461538461,rcsb_local_pose_ensemble,uncalibrated,0.8461538461538461,complete,her2-pose-v1,12,,0.9947187218082818,80.35636897907567,4.790294254645385,0.17270279471509226,Fail,benchmark,1.0,0.06666666666666667
rcsb_local_pose_ensemble,1yqy,1yqy,1yqy_pose_020,data/local_set/1yqy/poses/1yqy_pose_020.sdf,75.63735904991587,lower_better,0.8461538461538461,rcsb_local_pose_ensemble,uncalibrated,0.8461538461538461,complete,her2-pose-v1,16,,0.990825170917074,80.35636897907567,4.790294254645385,0.17270279471509226,Fail,benchmark,1.0,0.06666666666666667
rcsb_local_pose_ensemble,1yqy,1yqy,1yqy_pose_021,data/local_set/1yqy/poses/1yqy_pose_021.sdf,82.53289648191493,lower_better,0.8461538461538461,rcsb_local_pose_ensemble,uncalibrated,0.8461538461538461,complete,her2-pose-v1,47,,0.9947071499735176,80.35636897907567,4.790294254645385,0.17270279471509226,Fail,benchmark,1.0,0.06666666666666667
rcsb_local_pose_ensemble,1yqy,1yqy,1yqy_pose_022,data/local_set/1yqy/poses/1yqy_pose_022.sdf,75.63466733848534,lower_better,0.8461538461538461,rcsb_local_pose_ensemble,uncalibrated,0.8461538461538461,complete,her2-pose-v1,17,,0.991336993152184,80.35636897907567,4.790294254645385,0.17270279471509226,Review,benchmark,1.0,0.06666666666666667
rcsb_local_pose_ensemble,1yqy,1yqy,1yqy_pose_023,data/local_set/1yqy/poses/1yqy_pose_023.sdf,82.55542266673359,lower_better,0.8461538461538461,rcsb_local_pose_ensemble,uncalibrated,0.8461538461538461,complete,her2-pose-v1,45,,0.994699291364496,80.35636897907567,4.790294254645385,0.17270279471509226,Fail,benchmark,1.0,0.06666666666666667
rcsb_local_pose_ensemble,1yqy,1yqy,1yqy_pose_024,data/local_set/1yqy/poses/1yqy_pose_024.sdf,78.21184634738891,lower_better,0.8461538461538461,rcsb_local_pose_ensemble,uncalibrated,0.8461538461538461,complete,her2-pose-v1,34,,0.9871889532978988,80.35636897907567,4.790294254645385,0.17270279471509226,Review,benchmark,1.0,0.06666666666666667
rcsb_local_pose_ensemble,1yqy,1yqy,1yqy_pose_025,data/local_set/1yqy/poses/1yqy_pose_025.sdf,82.43914966941482,lower_better,0.8461538461538461,rcsb_local_pose_ensemble,uncalibrated,0.8461538461538461,complete,her2-pose-v1,40,,0.9947072870114728,80.35636897907567,4.790294254645385,0.17270279471509226,Review,benchmark,1.0,0.06666666666666667
rcsb_local_pose_ensemble,1yqy,1yqy,1yqy_pose_026,data/local_set/1yqy/poses/1yqy_pose_026.sdf,80.33709268320077,lower_better,0.8461538461538461,rcsb_local_pose_ensemble,uncalibrated,0.8461538461538461,complete,her2-pose-v1,43,,0.985643037356978,80.35636897907567,4.790294254645385,0.17270279471509226,Fail,benchmark,1.0,0.06666666666666667
rcsb_local_pose_ensemble,1yqy,1yqy,1yqy_pose_027,data/local_set/1yqy/poses/1yqy_pose_027.sdf,82.51593920890383,lower_better,0.8461538461538461,rcsb_local_pose_ensemble,uncalibrated,0.8461538461538461,complete,her2-pose-v1,39,,0.9946796807100088,80.35636897907567,4.790294254645385,0.17270279471509226,Fail,benchmark,1.0,0.06666666666666667
rcsb_local_pose_ensemble,1yqy,1yqy,1yqy_pose_028,data/local_set/1yqy/poses/1yqy_pose_028.sdf,67.53198144275134,lower_better,0.8461538461538461,rcsb_local_pose_ensemble,uncalibrated,0.8461538461538461,complete,her2-pose-v1,47,,0.9898761147724824,80.35636897907567,4.790294254645385,0.17270279471509226,Fail,benchmark,1.0,0.06666666666666667
rcsb_local_pose_ensemble,1yqy,1yqy,1yqy_pose_029,data/local_set/1yqy/poses/1yqy_pose_029.sdf,82.52651059206414,lower_better,0.8461538461538461,rcsb_local_pose_ensemble,uncalibrated,0.8461538461538461,complete,her2-pose-v1,61,,0.9946836763074184,80.35636897907567,4.790294254645385,0.17270279471509226,Fail,benchmark,1.0,0.06666666666666667
rcsb_local_pose_ensemble,1yv3,1yv3,1yv3_pose_000,data/local_set/1yv3/poses/1yv3_pose_000.sdf,194.74681314145167,lower_better,1.0,rcsb_local_pose_ensemble,uncalibrated,1.0,complete,her2-pose-v1,0,,1.0,181.5672562930861,17.766146882672192,0.05328744394105508,Pass,benchmark,1.0,0.06666666666666667
rcsb_local_pose_ensemble,1yv3,1yv3,1yv3_pose_001,data/local_set/1yv3/poses/1yv3_pose_001.sdf,202.59936476970685,lower_better,0.8461538461538461,rcsb_local_pose_ensemble,uncalibrated,0.8461538461538461,complete,her2-pose-v1,58,,1.0,181.5672562930861,17.766146882672192,0.05328744394105508,Fail,benchmark,1.0,0.06666666666666667
rcsb_local_pose_ensemble,1yv3,1yv3,1yv3_pose_002,data/local_set/1yv3/poses/1yv3_pose_002.sdf,164.04780372904744,lower_better,0.8461538461538461,rcsb_local_pose_ensemble,uncalibrated,0.8461538461538461,complete,her2-pose-v1,54,,0.9420471770828872,181.5672562930861,17.766146882672192,0.05328744394105508,Fail,benchmark,1.0,0.06666666666666667
rcsb_local_pose_ensemble,1yv3,1yv3,1yv3_pose_003,data/local_set/1yv3/poses/1yv3_pose_003.sdf,198.31129843303637,lower_better,0.8461538461538461,rcsb_local_pose_ensemble,uncalibrated,0.8461538461538461,complete,her2-pose-v1,40,,1.0,181.5672562930861,17.766146882672192,0.05328744394105508,Fail,benchmark,1.0,0.06666666666666667
rcsb_local_pose_ensemble,1yv3,1yv3,1yv3_pose_004,data/local_set/1yv3/poses/1yv3_pose_004.sdf,157.80087730669158,lower_better,0.8461538461538461,rcsb_local_pose_ensemble,uncalibrated,0.8461538461538461,complete,her2-pose-v1,55,,0.9864453046698668,181.5672562930861,17.766146882672192,0.05328744394105508,Fail,benchmark,1.0,0.06666666666666667
rcsb_local_pose_ensemble,1yv3,1yv3,1yv3_pose_005,data/local_set/1yv3/poses/1yv3_pose_005.sdf,194.21665803511453,lower_better,0.8461538461538461,rcsb_local_pose_ensemble,uncalibrated,0.8461538461538461,complete,her2-pose-v1,33,,1.0,181.5672562930861,17.766146882672192,0.05328744394105508,Fail,benchmark,1.0,0.06666666666666667
rcsb_local_pose_ensemble,1yv3,1yv3,1yv3_pose_006,data/local_set/1yv3/poses/1yv3_pose_006.sdf,168.91473965425038,lower_better,0.8461538461538461,rcsb_local_pose_ensemble,uncalibrated,0.8461538461538461,complete,her2-pose-v1,54,,0.9932709402380911,181.5672562930861,17.766146882672192,0.05328744394105508,Fail,benchmark,1.0,0.06666666666666667
rcsb_local_pose_ensemble,1yv3,1yv3,1yv3_pose_007,data/local_set/1yv3/poses/1yv3_pose_007.sdf,202.6124854839756,lower_better,0.8461538461538461,rcsb_local_pose_ensemble,uncalibrated,0.8461538461538461,complete,her2-pose-v1,50,,1.0,181.5672562930861,17.766146882672192,0.05328744394105508,Fail,benchmark,1.0,0.06666666666666667
rcsb_local_pose_ensemble,1yv3,1yv3,1yv3_pose_008,data/local_set/1yv3/poses/1yv3_pose_008.sdf,167.95338087035967,lower_better,0.8461538461538461,rcsb_local_pose_ensemble,uncalibrated,0.8461538461538461,complete,her2-pose-v1,56,,0.993720976562742,181.5672562930861,17.766146882672192,0.05328744394105508,Fail,benchmark,1.0,0.06666666666666667
rcsb_local_pose_ensemble,1yv3,1yv3,1yv3_pose_009,data/local_set/1yv3/poses/1yv3_pose_009.sdf,197.58375381090528,lower_better,0.8461538461538461,rcsb_local_pose_ensemble,uncalibrated,0.8461538461538461,complete,her2-pose-v1,19,,1.0,181.5672562930861,17.766146882672192,0.05328744394105508,Review,benchmark,1.0,0.06666666666666667
rcsb_local_pose_ensemble,1yv3,1yv3,1yv3_pose_010,data/local_set/1yv3/poses/1yv3_pose_010.sdf,169.06300038020768,lower_better,0.9230769230769231,rcsb_local_pose_ensemble,uncalibrated,0.9230769230769231,complete,her2-pose-v1,5,,0.9918922400004758,181.5672562930861,17.766146882672192,0.05328744394105508,Pass,benchmark,1.0,0.06666666666666667
rcsb_local_pose_ensemble,1yv3,1yv3,1yv3_pose_011,data/local_set/1yv3/poses/1yv3_pose_011.sdf,194.2971221314378,lower_better,0.8461538461538461,rcsb_local_pose_ensemble,uncalibrated,0.8461538461538461,complete,her2-pose-v1,22,,1.0,181.5672562930861,17.766146882672192,0.05328744394105508,Fail,benchmark,1.0,0.06666666666666667
rcsb_local_pose_ensemble,1yv3,1yv3,1yv3_pose_012,data/local_set/1yv3/poses/1yv3_pose_012.sdf,158.46859395530308,lower_better,0.8461538461538461,rcsb_local_pose_ensemble,uncalibrated,0.8461538461538461,complete,her2-pose-v1,12,,0.991268024279418,181.5672562930861,17.766146882672192,0.05328744394105508,Pass,benchmark,1.0,0.06666666666666667
rcsb_local_pose_ensemble,1yv3,1yv3,1yv3_pose_013,data/local_set/1yv3/poses/1yv3_pose_013.sdf,193.65908868648515,lower_better,0.8461538461538461,rcsb_local_pose_ensemble,uncalibrated,0.8461538461538461,complete,her2-pose-v1,23,,1.0,181.5672562930861,17.766146882672192,0.05328744394105508,Fail,benchmark,1.0,0.06666666666666667
rcsb_local_pose_ensemble,1yv3,1yv3,1yv3_pose_014,data/local_set/1yv3/poses/1yv3_pose_014.sdf,160.2801543728453,lower_better,0.8461538461538461,rcsb_local_pose_ensemble,uncalibrated,0.8461538461538461,complete,her2-pose-v1,37,,0.9920233353431308,181.5672562930861,17.766146882672192,0.05328744394105508,Fail,benchmark,1.0,0.06666666666666667
rcsb_local_pose_ensemble,1yv3,1yv3,1yv3_pose_015,data/local_set/1yv3/poses/1yv3_pose_015.sdf,194.20355418191693,lower_better,0.8461538461538461,rcsb_local_pose_ensemble,uncalibrated,0.8461538461538461,complete,her2-pose-v1,47,,1.0,181.5672562930861,17.766146882672192,0.05328744394105508,Fail,benchmark,1.0,0.06666666666666667
rcsb_local_pose_ensemble,1yv3,1yv3,1yv3_pose_016,data/local_set/1yv3/poses/1yv3_pose_016.sdf,174.20195805312397,lower_better,0.8461538461538461,rcsb_local_pose_ensemble,uncalibrated,0.8461538461538461,complete,her2-pose-v1,30,,0.9919511114147384,181.5672562930861,17.766146882672192,0.05328744394105508,Fail,benchmark,1.0,0.06666666666666667
rcsb_local_pose_ensemble,1yv3,1yv3,1yv3_pose_017,data/local_set/1yv3/poses/1yv3_pose_017.sdf,198.97853565124143,lower_better,0.8461538461538461,rcsb_local_pose_ensemble,uncalibrated,0.8461538461538461,complete,her2-pose-v1,51,,1.0,181.5672562930861,17.766146882672192,0.05328744394105508,Review,benchmark,1.0,0.06666666666666667
rcsb_local_pose_ensemble,1yv3,1yv3,1yv3_pose_018,data/local_set/1yv3/poses/1yv3_pose_018.sdf,156.9741578021593,lower_better,0.8461538461538461,rcsb_local_pose_ensemble,uncalibrated,0.8461538461538461,complete,her2-pose-v1,53,,0.9934287196712616,181.5672562930861,17.766146882672192,0.05328744394105508,Review,benchmark,1.0,0.06666666666666667
rcsb_local_pose_ensemble,1yv3,1yv3,1yv3_pose_019,data/local_set/1yv3/poses/1yv3_pose_019.sdf,193.6711915400404,lower_better,0.8461538461538461,rcsb_local_pose_ensemble,uncalibrated,0.8461538461538461,complete,her2-pose-v1,50,,1.0,181.5672562930861,17.766146882672192,0.05328744394105508,Fail,benchmark,1.0,0.06666666666666667
rcsb_local_pose_ensemble,1yv3,1yv3,1yv3_pose_020,data/local_set/1yv3/poses/1yv3_pose_020.sdf,165.67797900367725,lower_better,0.8461538461538461,rcsb_local_pose_ensemble,uncalibrated,0.8461538461538461,complete,her2-pose-v1,66,,0.9931149614531876,181.5672562930861,17.766146882672192,0.05328744394105508,Fail,benchmark,1.0,0.06666666666666667
rcsb_local_pose_ensemble,1yv3,1yv3,1yv3_pose_021,data/local_set/1yv3/poses/1yv3_pose_021.sdf,202.6231865553206,lower_better,0.8461538461538461,rcsb_local_pose_ensemble,uncalibrated,0.8461538461538461,complete,her2-pose-v1,64,,1.0,181.5672562930861,17.766146882672192,0.05328744394105508,Fail,benchmark,1.0,0.06666666666666667
rcsb_local_pose_ensemble,1yv3,1yv3,1yv3_pose_022,data/local_set/1yv3/poses/1yv3_pose_022.sdf,170.13513106338797,lower_better,0.8461538461538461,rcsb_local_pose_ensemble,uncalibrated,0.8461538461538461,complete,her2-pose-v1,40,,0.8816285930405144,181.5672562930861,17.766146882672192,0.05328744394105508,Fail,benchmark,1.0,0.06666666666666667
rcsb_local_pose_ensemble,1yv3,1yv3,1yv3_pose_023,data/local_set/1yv3/poses/1yv3_pose_023.sdf,197.58502037237076,lower_better,0.8461538461538461,rcsb_local_pose_ensemble,uncalibrated,0.8461538461538461,complete,her2-pose-v1,12,,1.0,181.5672562930861,17.766146882672192,0.05328744394105508,Review,benchmark,1.0,0.06666666666666667
rcsb_local_pose_ensemble,1yv3,1yv3,1yv3_pose_024,data/local_set/1yv3/poses/1yv3_pose_024.sdf,160.13325928266,lower_better,0.8461538461538461,rcsb_local_pose_ensemble,uncalibrated,0.8461538461538461,complete,her2-pose-v1,69,,0.9918370243897444,181.5672562930861,17.766146882672192,0.05328744394105508,Fail,benchmark,1.0,0.06666666666666667
rcsb_local_pose_ensemble,1yv3,1yv3,1yv3_pose_025,data/local_set/1yv3/poses/1yv3_pose_025.sdf,194.74561460774635,lower_better,0.8461538461538461,rcsb_local_pose_ensemble,uncalibrated,0.8461538461538461,complete,her2-pose-v1,16,,1.0,181.5672562930861,17.766146882672192,0.05328744394105508,Pass,benchmark,1.0,0.06666666666666667
rcsb_local_pose_ensemble,1yv3,1yv3,1yv3_pose_026,data/local_set/1yv3/poses/1yv3_pose_026.sdf,161.52095576108937,lower_better,0.8461538461538461,rcsb_local_pose_ensemble,uncalibrated,0.8461538461538461,complete,her2-pose-v1,33,,0.9917572043210126,181.5672562930861,17.766146882672192,0.05328744394105508,Review,benchmark,1.0,0.06666666666666667
rcsb_local_pose_ensemble,1yv3,1yv3,1yv3_pose_027,data/local_set/1yv3/poses/1yv3_pose_027.sdf,194.7510712190148,lower_better,1.0,rcsb_local_pose_ensemble,uncalibrated,1.0,complete,her2-pose-v1,0,,1.0,181.5672562930861,17.766146882672192,0.05328744394105508,Pass,benchmark,1.0,0.06666666666666667
rcsb_local_pose_ensemble,1yv3,1yv3,1yv3_pose_028,data/local_set/1yv3/poses/1yv3_pose_028.sdf,154.6346237340861,lower_better,0.8461538461538461,rcsb_local_pose_ensemble,uncalibrated,0.8461538461538461,complete,her2-pose-v1,64,,0.8847269083696628,181.5672562930861,17.766146882672192,0.05328744394105508,Fail,benchmark,1.0,0.06666666666666667
rcsb_local_pose_ensemble,1yv3,1yv3,1yv3_pose_029,data/local_set/1yv3/poses/1yv3_pose_029.sdf,202.62631520392955,lower_better,0.8461538461538461,rcsb_local_pose_ensemble,uncalibrated,0.8461538461538461,complete,her2-pose-v1,50,,1.0,181.5672562930861,17.766146882672192,0.05328744394105508,Fail,benchmark,1.0,0.06666666666666667
rcsb_local_pose_ensemble,1yvf,1yvf,1yvf_pose_000,data/local_set/1yvf/poses/1yvf_pose_000.sdf,111.54396107164132,lower_better,1.0,rcsb_local_pose_ensemble,uncalibrated,1.0,complete,her2-pose-v1,0,,0.9633972037555942,104.75552095006333,7.8252462884671505,0.1133112852960038,Pass,benchmark,1.0,0.1
rcsb_local_pose_ensemble,1yvf,1yvf,1yvf_pose_001,data/local_set/1yvf/poses/1yvf_pose_001.sdf,111.5401786592969,lower_better,0.8461538461538461,rcsb_local_pose_ensemble,uncalibrated,0.8461538461538461,complete,her2-pose-v1,17,,0.9633928847315656,104.75552095006333,7.8252462884671505,0.1133112852960038,Fail,benchmark,1.0,0.1
rcsb_local_pose_ensemble,1yvf,1yvf,1yvf_pose_002,data/local_set/1yvf/poses/1yvf_pose_002.sdf,105.94820912137496,lower_better,0.8461538461538461,rcsb_local_pose_ensemble,uncalibrated,0.8461538461538461,complete,her2-pose-v1,34,,0.8879958350692593,104.75552095006333,7.8252462884671505,0.1133112852960038,Fail,benchmark,1.0,0.1
rcsb_local_pose_ensemble,1yvf,1yvf,1yvf_pose_003,data/local_set/1yvf/poses/1yvf_pose_003.sdf,111.54917264669024,lower_better,0.8461538461538461,rcsb_local_pose_ensemble,uncalibrated,0.8461538461538461,complete,her2-pose-v1,29,,0.9633986643952044,104.75552095006333,7.8252462884671505,0.1133112852960038,Fail,benchmark,1.0,0.1
rcsb_local_pose_ensemble,1yvf,1yvf,1yvf_pose_004,data/local_set/1yvf/poses/1yvf_pose_004.sdf,95.32777701708171,lower_better,0.8461538461538461,rcsb_local_pose_ensemble,uncalibrated,0.8461538461538461,complete,her2-pose-v1,13,,1.0,104.75552095006333,7.8252462884671505,0.1133112852960038,Review,benchmark,1.0,0.1
rcsb_local_pose_ensemble,1yvf,1yvf,1yvf_pose_005,data/local_set/1yvf/poses/1yvf_pose_005.sdf,111.55987765131596,lower_better,0.8461538461538461,rcsb_local_pose_ensemble,uncalibrated,0.8461538461538461,complete,her2-pose-v1,45,,0.9633990988515104,104.75552095006333,7.8252462884671505,0.1133112852960038,Fail,benchmark,1.0,0.1
rcsb_local_pose_ensemble,1yvf,1yvf,1yvf_pose_006,data/local_set/1yvf/poses/1yvf_pose_006.sdf,96.32598232003258,lower_better,0.8461538461538461,rcsb_local_pose_ensemble,uncalibrated,0.8461538461538461,complete,her2-pose-v1,20,,0.9654008722862956,104.75552095006333,7.8252462884671505,0.1133112852960038,Review,benchmark,1.0,0.1
rcsb_local_pose_ensemble,1yvf,1yvf,1yvf_pose_007,data/local_set/1yvf/poses/1yvf_pose_007.sdf,111.55083623240807,lower_better,0.8461538461538461,rcsb_local_pose_ensemble,uncalibrated,0.8461538461538461,complete,her2-pose-v1,19,,0.9634068797145624,104.75552095006333,7.8252462884671505,0.1133112852960038,Fail,benchmark,1.0,0.1
rcsb_local_pose_ensemble,1yvf,1yvf,1yvf_pose_008,data/local_set/1yvf/poses/1yvf_pose_008.sdf,95.12936983504278,lower_better,0.8461538461538461,rcsb_local_pose_ensemble,uncalibrated,0.8461538461538461,complete,her2-pose-v1,44,,1.0,104.75552095006333,7.8252462884671505,0.1133112852960038,Review,benchmark,1.0,0.1
rcsb_local_pose_ensemble,1yvf,1yvf,1yvf_pose_009,data/local_set/1yvf/poses/1yvf_pose_009.sdf,111.56754019004671,lower_better,0.8461538461538461,rcsb_local_pose_ensemble,uncalibrated,0.8461538461538461,complete,her2-pose-v1,12,,0.9633691536720662,104.75552095006333,7.8252462884671505,0.1133112852960038,Fail,benchmark,1.0,0.1
rcsb_local_pose_ensemble,1yvf,1yvf,1yvf_pose_010,data/local_set/1yvf/poses/1yvf_pose_010.sdf,94.7278012012554,lower_better,0.8461538461538461,rcsb_local_pose_ensemble,uncalibrated,0.8461538461538461,complete,her2-pose-v1,33,,1.0,104.75552095006333,7.8252462884671505,0.1133112852960038,Fail,benchmark,1.0,0.1
rcsb_local_pose_ensemble,1yvf,1yvf,1yvf_pose_011,data/local_set/1yvf/poses/1yvf_pose_011.sdf,111.54146887348575,lower_better,0.8461538461538461,rcsb_local_pose_ensemble,uncalibrated,0.8461538461538461,complete,her2-pose-v1,40,,0.9633823980265708,104.75552095006333,7.8252462884671505,0.1133112852960038,Fail,benchmark,1.0,0.1
rcsb_local_pose_ensemble,1yvf,1yvf,1yvf_pose_012,data/local_set/1yvf/poses/1yvf_pose_012.sdf,95.69835182008794,lower_better,0.8461538461538461,rcsb_local_pose_ensemble,uncalibrated,0.8461538461538461,complete,her2-pose-v1,29,,1.0,104.75552095006333,7.8252462884671505,0.1133112852960038,Fail,benchmark,1.0,0.1
rcsb_local_pose_ensemble,1yvf,1yvf,1yvf_pose_013,data/local_set/1yvf/poses/1yvf_pose_013.sdf,111.52830838127902,lower_better,0.8461538461538461,rcsb_local_pose_ensemble,uncalibrated,0.8461538461538461,complete,her2-pose-v1,15,,0.9634062604718266,104.75552095006333,7.8252462884671505,0.1133112852960038,Review,benchmark,1.0,0.1
rcsb_local_pose_ensemble,1yvf,1yvf,1yvf_pose_014,data/local_set/1yvf/poses/1yvf_pose_014.sdf,95.42792333110128,lower_better,0.8461538461538461,rcsb_local_pose_ensemble,uncalibrated,0.8461538461538461,complete,her2-pose-v1,18,,1.0,104.75552095006333,7.8252462884671505,0.1133112852960038,Review,benchmark,1.0,0.1
rcsb_local_pose_ensemble,1yvf,1yvf,1yvf_pose_015,data/local_set/1yvf/poses/1yvf_pose_015.sdf,111.5562328288584,lower_better,1.0,rcsb_local_pose_ensemble,uncalibrated,1.0,complete,her2-pose-v1,0,,0.9634013261742124,104.75552095006333,7.8252462884671505,0.1133112852960038,Pass,benchmark,1.0,0.1
rcsb_local_pose_ensemble,1yvf,1yvf,1yvf_pose_016,data/local_set/1yvf/poses/1yvf_pose_016.sdf,95.31307010896438,lower_better,0.8461538461538461,rcsb_local_pose_ensemble,uncalibrated,0.8461538461538461,complete,her2-pose-v1,49,,1.0,104.75552095006333,7.8252462884671505,0.1133112852960038,Fail,benchmark,1.0,0.1
rcsb_local_pose_ensemble,1yvf,1yvf,1yvf_pose_017,data/local_set/1yvf/poses/1yvf_pose_017.sdf,111.5504548908918,lower_better,0.8461538461538461,rcsb_local_pose_ensemble,uncalibrated,0.8461538461538461,complete,her2-pose-v1,34,,0.9633658528761404,104.75552095006333,7.8252462884671505,0.1133112852960038,Fail,benchmark,1.0,0.1
rcsb_local_pose_ensemble,1yvf,1yvf,1yvf_pose_018,data/local_set/1yvf/poses/1yvf_pose_018.sdf,105.956965547256,lower_better,0.8461538461538461,rcsb_local_pose_ensemble,uncalibrated,0.8461538461538461,complete,her2-pose-v1,12,,0.8879919717727405,104.75552095006333,7.8252462884671505,0.1133112852960038,Review,benchmark,1.0,0.1
rcsb_local_pose_ensemble,1yvf,1yvf,1yvf_pose_019,data/local_set/1yvf/poses/1yvf_pose_019.sdf,111.5386504024984,lower_better,0.9230769230769231,rcsb_local_pose_ensemble,uncalibrated,0.9230769230769231,complete,her2-pose-v1,1,,0.963422362619438,104.75552095006333,7.8252462884671505,0.1133112852960038,Pass,benchmark,1.0,0.1
rcsb_local_pose_ensemble,1yvf,1yvf,1yvf_pose_020,data/local_set/1yvf/poses/1yvf_pose_020.sdf,97.62069186360132,lower_better,0.8461538461538461,rcsb_local_pose_ensemble,uncalibrated,0.8461538461538461,complete,her2-pose-v1,31,,0.9555962951194694,104.75552095006333,7.8252462884671505,0.1133112852960038,Fail,benchmark,1.0,0.1
rcsb_local_pose_ensemble,1yvf,1yvf,1yvf_pose_021,data/local_set/1yvf/poses/1yvf_pose_021.sdf,111.53766108766702,lower_better,0.8461538461538461,rcsb_local_pose_ensemble,uncalibrated,0.8461538461538461,complete,her2-pose-v1,57,,0.9634018307449822,104.75552095006333,7.8252462884671505,0.1133112852960038,Fail,benchmark,1.0,0.1
rcsb_local_pose_ensemble,1yvf,1yvf,1yvf_pose_022,data/local_set/1yvf/poses/1yvf_pose_022.sdf,95.13590212849977,lower_better,0.8461538461538461,rcsb_local_pose_ensemble,uncalibrated,0.8461538461538461,complete,her2-pose-v1,15,,1.0,104.75552095006333,7.8252462884671505,0.1133112852960038,Review,benchmark,1.0,0.1
rcsb_local_pose_ensemble,1yvf,1yvf,1yvf_pose_023,data/local_set/1yvf/poses/1yvf_pose_023.sdf,111.5390224528483,lower_better,0.8461538461538461,rcsb_local_pose_ensemble,uncalibrated,0.8461538461538461,complete,her2-pose-v1,30,,0.9633889647630908,104.75552095006333,7.8252462884671505,0.1133112852960038,Fail,benchmark,1.0,0.1
rcsb_local_pose_ensemble,1yvf,1yvf,1yvf_pose_024,data/local_set/1yvf/poses/1yvf_pose_024.sdf,95.94967909787908,lower_better,0.8461538461538461,rcsb_local_pose_ensemble,uncalibrated,0.8461538461538461,complete,her2-pose-v1,35,,0.9687783740909836,104.75552095006333,7.8252462884671505,0.1133112852960038,Fail,benchmark,1.0,0.1
rcsb_local_pose_ensemble,1yvf,1yvf,1yvf_pose_025,data/local_set/1yvf/poses/1yvf_pose_025.sdf,111.54334097834162,lower_better,0.8461538461538461,rcsb_local_pose_ensemble,uncalibrated,0.8461538461538461,complete,her2-pose-v1,27,,0.963401886444338,104.75552095006333,7.8252462884671505,0.1133112852960038,Fail,benchmark,1.0,0.1
rcsb_local_pose_ensemble,1yvf,1yvf,1yvf_pose_026,data/local_set/1yvf/poses/1yvf_pose_026.sdf,94.76265419775972,lower_better,0.8461538461538461,rcsb_local_pose_ensemble,uncalibrated,0.8461538461538461,complete,her2-pose-v1,45,,1.0,104.75552095006333,7.8252462884671505,0.1133112852960038,Fail,benchmark,1.0,0.1
rcsb_local_pose_ensemble,1yvf,1yvf,1yvf_pose_027,data/local_set/1yvf/poses/1yvf_pose_027.sdf,111.54111645036568,lower_better,0.8461538461538461,rcsb_local_pose_ensemble,uncalibrated,0.8461538461538461,complete,her2-pose-v1,15,,0.9634103789200068,104.75552095006333,7.8252462884671505,0.1133112852960038,Fail,benchmark,1.0,0.1
rcsb_local_pose_ensemble,1yvf,1yvf,1yvf_pose_028,data/local_set/1yvf/poses/1yvf_pose_028.sdf,94.60709180773723,lower_better,0.8461538461538461,rcsb_local_pose_ensemble,uncalibrated,0.8461538461538461,complete,her2-pose-v1,70,,1.0,104.75552095006333,7.8252462884671505,0.1133112852960038,Fail,benchmark,1.0,0.1
rcsb_local_pose_ensemble,1yvf,1yvf,1yvf_pose_029,data/local_set/1yvf/poses/1yvf_pose_029.sdf,111.54633630659067,lower_better,1.0,rcsb_local_pose_ensemble,uncalibrated,1.0,complete,her2-pose-v1,0,,0.9633783115685954,104.75552095006333,7.8252462884671505,0.1133112852960038,Pass,benchmark,1.0,0.1
rcsb_local_pose_ensemble,1ywr,1ywr,1ywr_pose_000,data/local_set/1ywr/poses/1ywr_pose_000.sdf,157.35691854003264,lower_better,1.0,rcsb_local_pose_ensemble,uncalibrated,1.0,complete,her2-pose-v1,0,,0.9740616757973958,164.891598967743,9.18919849684753,0.09814314642210507,Pass,benchmark,1.0,0.03333333333333333
rcsb_local_pose_ensemble,1ywr,1ywr,1ywr_pose_001,data/local_set/1ywr/poses/1ywr_pose_001.sdf,157.37484743833193,lower_better,0.8461538461538461,rcsb_local_pose_ensemble,uncalibrated,0.8461538461538461,complete,her2-pose-v1,19,,0.9740630016374836,164.891598967743,9.18919849684753,0.09814314642210507,Fail,benchmark,1.0,0.03333333333333333
rcsb_local_pose_ensemble,1ywr,1ywr,1ywr_pose_002,data/local_set/1ywr/poses/1ywr_pose_002.sdf,171.48036761170846,lower_better,0.8461538461538461,rcsb_local_pose_ensemble,uncalibrated,0.8461538461538461,complete,her2-pose-v1,42,,0.989886310022428,164.891598967743,9.18919849684753,0.09814314642210507,Fail,benchmark,1.0,0.03333333333333333
rcsb_local_pose_ensemble,1ywr,1ywr,1ywr_pose_003,data/local_set/1ywr/poses/1ywr_pose_003.sdf,157.33846334867854,lower_better,0.8461538461538461,rcsb_local_pose_ensemble,uncalibrated,0.8461538461538461,complete,her2-pose-v1,19,,0.974056888998241,164.891598967743,9.18919849684753,0.09814314642210507,Review,benchmark,1.0,0.03333333333333333
rcsb_local_pose_ensemble,1ywr,1ywr,1ywr_pose_004,data/local_set/1ywr/poses/1ywr_pose_004.sdf,175.04053124093414,lower_better,0.8461538461538461,rcsb_local_pose_ensemble,uncalibrated,0.8461538461538461,complete,her2-pose-v1,38,,0.9897671474384444,164.891598967743,9.18919849684753,0.09814314642210507,Fail,benchmark,1.0,0.03333333333333333
rcsb_local_pose_ensemble,1ywr,1ywr,1ywr_pose_005,data/local_set/1ywr/poses/1ywr_pose_005.sdf,157.3418996101542,lower_better,0.8461538461538461,rcsb_local_pose_ensemble,uncalibrated,0.8461538461538461,complete,her2-pose-v1,20,,0.9740715186885626,164.891598967743,9.18919849684753,0.09814314642210507,Review,benchmark,1.0,0.03333333333333333
rcsb_local_pose_ensemble,1ywr,1ywr,1ywr_pose_006,data/local_set/1ywr/poses/1ywr_pose_006.sdf,177.00858223230955,lower_better,0.8461538461538461,rcsb_local_pose_ensemble,uncalibrated,0.8461538461538461,complete,her2-pose-v1,62,,0.9891708408520676,164.891598967743,9.18919849684753,0.09814314642210507,Fail,benchmark,1.0,0.03333333333333333
rcsb_local_pose_ensemble,1ywr,1ywr,1ywr_pose_007,data/local_set/1ywr/poses/1ywr_pose_007.sdf,157.33394525196536,lower_better,0.8461538461538461,rcsb_local_pose_ensemble,uncalibrated,0.8461538461538461,complete,her2-pose-v1,24,,0.9740627445156028,164.891598967743,9.18919849684753,0.09814314642210507,Fail,benchmark,1.0,0.03333333333333333
rcsb_local_pose_ensemble,1ywr,1ywr,1ywr_pose_008,data/local_set/1ywr/poses/1ywr_pose_008.sdf,163.08836186031485,lower_better,0.8461538461538461,rcsb_local_pose_ensemble,uncalibrated,0.8461538461538461,complete,her2-pose-v1,45,,0.9878945071021522,164.891598967743,9.18919849684753,0.09814314642210507,Fail,benchmark,1.0,0.03333333333333333
rcsb_local_pose_ensemble,1ywr,1ywr,1ywr_pose_009,data/local_set/1ywr/poses/1ywr_pose_009.sdf,157.3709539883343,lower_better,0.9230769230769231,rcsb_local_pose_ensemble,uncalibrated,0.9230769230769231,complete,her2-pose-v1,5,,0.9740566108850708,164.891598967743,9.18919849684753,0.09814314642210507,Pass,benchmark,1.0,0.03333333333333333
rcsb_local_pose_ensemble,1ywr,1ywr,1ywr_pose_010,data/local_set/1ywr/poses/1ywr_pose_010.sdf,160.217392035461,lower_better,0.8461538461538461,rcsb_local_pose_ensemble,uncalibrated,0.8461538461538461,complete,her2-pose-v1,25,,0.9899250968558776,164.891598967743,9.18919849684753,0.09814314642210507,Review,benchmark,1.0,0.03333333333333333
rcsb_local_pose_ensemble,1ywr,1ywr,1ywr_pose_011,data/local_set/1ywr/poses/1ywr_pose_011.sdf,157.37631964871832,lower_better,0.8461538461538461,rcsb_local_pose_ensemble,uncalibrated,0.8461538461538461,complete,her2-pose-v1,14,,0.9740570924814124,164.891598967743,9.18919849684753,0.09814314642210507,Pass,benchmark,1.0,0.03333333333333333
rcsb_local_pose_ensemble,1ywr,1ywr,1ywr_pose_012,data/local_set/1ywr/poses/1ywr_pose_012.sdf,174.14427512532006,lower_better,0.8461538461538461,rcsb_local_pose_ensemble,uncalibrated,0.8461538461538461,complete,her2-pose-v1,40,,0.9884114807492842,164.891598967743,9.18919849684753,0.09814314642210507,Fail,benchmark,1.0,0.03333333333333333
rcsb_local_pose_ensemble,1ywr,1ywr,1ywr_pose_013,data/local_set/1ywr/poses/1ywr_pose_013.sdf,157.36162166206083,lower_better,0.8461538461538461,rcsb_local_pose_ensemble,uncalibrated,0.8461538461538461,complete,her2-pose-v1,46,,0.9740798671687512,164.891598967743,9.18919849684753,0.09814314642210507,Fail,benchmark,1.0,0.03333333333333333
rcsb_local_pose_ensemble,1ywr,1ywr,1ywr_pose_014,data/local_set/1ywr/poses/1ywr_pose_014.sdf,174.25745022647283,lower_better,0.8461538461538461,rcsb_local_pose_ensemble,uncalibrated,0.8461538461538461,complete,her2-pose-v1,35,,0.9882951869882932,164.891598967743,9.18919849684753,0.09814314642210507,Fail,benchmark,1.0,0.03333333333333333
rcsb_local_pose_ensemble,1ywr,1ywr,1ywr_pose_015,data/local_set/1ywr/poses/1ywr_pose_015.sdf,157.3589606053759,lower_better,0.8461538461538461,rcsb_local_pose_ensemble,uncalibrated,0.8461538461538461,complete,her2-pose-v1,22,,0.9740492364842238,164.891598967743,9.18919849684753,0.09814314642210507,Fail,benchmark,1.0,0.03333333333333333
rcsb_local_pose_ensemble,1ywr,1ywr,1ywr_pose_016,data/local_set/1ywr/poses/1ywr_pose_016.sdf,174.49781374675106,lower_better,0.8461538461538461,rcsb_local_pose_ensemble,uncalibrated,0.8461538461538461,complete,her2-pose-v1,17,,0.9908461741444704,164.891598967743,9.18919849684753,0.09814314642210507,Review,benchmark,1.0,0.03333333333333333
rcsb_local_pose_ensemble,1ywr,1ywr,1ywr_pose_017,data/local_set/1ywr/poses/1ywr_pose_017.sdf,157.34301591461875,lower_better,0.8461538461538461,rcsb_local_pose_ensemble,uncalibrated,0.8461538461538461,complete,her2-pose-v1,39,,0.9740790153576872,164.891598967743,9.18919849684753,0.09814314642210507,Fail,benchmark,1.0,0.03333333333333333
rcsb_local_pose_ensemble,1ywr,1ywr,1ywr_pose_018,data/local_set/1ywr/poses/1ywr_pose_018.sdf,180.6571127784976,lower_better,0.8461538461538461,rcsb_local_pose_ensemble,uncalibrated,0.8461538461538461,complete,her2-pose-v1,55,,0.9900067924928472,164.891598967743,9.18919849684753,0.09814314642210507,Fail,benchmark,1.0,0.03333333333333333
rcsb_local_pose_ensemble,1ywr,1ywr,1ywr_pose_019,data/local_set/1ywr/poses/1ywr_pose_019.sdf,157.35031826267306,lower_better,0.8461538461538461,rcsb_local_pose_ensemble,uncalibrated,0.8461538461538461,complete,her2-pose-v1,32,,0.9740600088745136,164.891598967743,9.18919849684753,0.09814314642210507,Fail,benchmark,1.0,0.03333333333333333
rcsb_local_pose_ensemble,1ywr,1ywr,1ywr_pose_020,data/local_set/1ywr/poses/1ywr_pose_020.sdf,184.12162306781175,lower_better,0.8461538461538461,rcsb_local_pose_ensemble,uncalibrated,0.8461538461538461,complete,her2-pose-v1,15,,0.9709651580144206,164.891598967743,9.18919849684753,0.09814314642210507,Fail,benchmark,1.0,0.03333333333333333
rcsb_local_pose_ensemble,1ywr,1ywr,1ywr_pose_021,data/local_set/1ywr/poses/1ywr_pose_021.sdf,157.35273307875354,lower_better,0.9230769230769231,rcsb_local_pose_ensemble,uncalibrated,0.9230769230769231,complete,her2-pose-v1,1,,0.9740573851705988,164.891598967743,9.18919849684753,0.09814314642210507,Pass,benchmark,1.0,0.03333333333333333
rcsb_local_pose_ensemble,1ywr,1ywr,1ywr_pose_022,data/local_set/1ywr/poses/1ywr_pose_022.sdf,175.42030013282366,lower_better,0.8461538461538461,rcsb_local_pose_ensemble,uncalibrated,0.8461538461538461,complete,her2-pose-v1,35,,0.9875390990404992,164.891598967743,9.18919849684753,0.09814314642210507,Fail,benchmark,1.0,0.03333333333333333
rcsb_local_pose_ensemble,1ywr,1ywr,1ywr_pose_023,data/local_set/1ywr/poses/1ywr_pose_023.sdf,157.35079956195804,lower_better,0.8461538461538461,rcsb_local_pose_ensemble,uncalibrated,0.8461538461538461,complete,her2-pose-v1,38,,0.9740703712698116,164.891598967743,9.18919849684753,0.09814314642210507,Fail,benchmark,1.0,0.03333333333333333
rcsb_local_pose_ensemble,1ywr,1ywr,1ywr_pose_024,data/local_set/1ywr/poses/1ywr_pose_024.sdf,176.61045586100136,lower_better,0.8461538461538461,rcsb_local_pose_ensemble,uncalibrated,0.8461538461538461,complete,her2-pose-v1,27,,0.9859131408042902,164.891598967743,9.18919849684753,0.09814314642210507,Fail,benchmark,1.0,0.03333333333333333
rcsb_local_pose_ensemble,1ywr,1ywr,1ywr_pose_025,data/local_set/1ywr/poses/1ywr_pose_025.sdf,157.3392407212277,lower_better,0.8461538461538461,rcsb_local_pose_ensemble,uncalibrated,0.8461538461538461,complete,her2-pose-v1,30,,0.9740707712340207,164.891598967743,9.18919849684753,0.09814314642210507,Fail,benchmark,1.0,0.03333333333333333
rcsb_local_pose_ensemble,1ywr,1ywr,1ywr_pose_026,data/local_set/1ywr/poses/1ywr_pose_026.sdf,169.38480357139358,lower_better,0.8461538461538461,rcsb_local_pose_ensemble,uncalibrated,0.8461538461538461,complete,her2-pose-v1,40,,0.9863414495432647,164.891598967743,9.18919849684753,0.09814314642210507,Fail,benchmark,1.0,0.03333333333333333
rcsb_local_pose_ensemble,1ywr,1ywr,1ywr_pose_027,data/local_set/1ywr/poses/1ywr_pose_027.sdf,157.35089186621968,lower_better,0.8461538461538461,rcsb_local_pose_ensemble,uncalibrated,0.8461538461538461,complete,her2-pose-v1,48,,0.974066021794184,164.891598967743,9.18919849684753,0.09814314642210507,Fail,benchmark,1.0,0.03333333333333333
rcsb_local_pose_ensemble,1ywr,1ywr,1ywr_pose_028,data/local_set/1ywr/poses/1ywr_pose_028.sdf,173.18032757799529,lower_better,0.8461538461538461,rcsb_local_pose_ensemble,uncalibrated,0.8461538461538461,complete,her2-pose-v1,65,,0.9866418030474416,164.891598967743,9.18919849684753,0.09814314642210507,Fail,benchmark,1.0,0.03333333333333333
rcsb_local_pose_ensemble,1ywr,1ywr,1ywr_pose_029,data/local_set/1ywr/poses/1ywr_pose_029.sdf,157.33764246439213,lower_better,0.8461538461538461,rcsb_local_pose_ensemble,uncalibrated,0.8461538461538461,complete,her2-pose-v1,24,,0.9740693614469064,164.891598967743,9.18919849684753,0.09814314642210507,Fail,benchmark,1.0,0.03333333333333333
rcsb_local_pose_ensemble,1z95,1z95,1z95_pose_000,data/local_set/1z95/poses/1z95_pose_000.sdf,89.47264156036248,lower_better,1.0,rcsb_local_pose_ensemble,uncalibrated,1.0,complete,her2-pose-v1,0,,0.9525056962983424,85.25872620095281,5.852112576622394,0.1459403926625107,Pass,benchmark,1.0,0.13333333333333333
rcsb_local_pose_ensemble,1z95,1z95,1z95_pose_001,data/local_set/1z95/poses/1z95_pose_001.sdf,90.71737100364268,lower_better,0.8461538461538461,rcsb_local_pose_ensemble,uncalibrated,0.8461538461538461,complete,her2-pose-v1,38,,0.95248730094403,85.25872620095281,5.852112576622394,0.1459403926625107,Fail,benchmark,1.0,0.13333333333333333
rcsb_local_pose_ensemble,1z95,1z95,1z95_pose_002,data/local_set/1z95/poses/1z95_pose_002.sdf,74.76462759562847,lower_better,0.8461538461538461,rcsb_local_pose_ensemble,uncalibrated,0.8461538461538461,complete,her2-pose-v1,77,,0.9974820399264984,85.25872620095281,5.852112576622394,0.1459403926625107,Fail,benchmark,1.0,0.13333333333333333
rcsb_local_pose_ensemble,1z95,1z95,1z95_pose_003,data/local_set/1z95/poses/1z95_pose_003.sdf,89.46460288451352,lower_better,0.8461538461538461,rcsb_local_pose_ensemble,uncalibrated,0.8461538461538461,complete,her2-pose-v1,34,,0.9525328436498028,85.25872620095281,5.852112576622394,0.1459403926625107,Fail,benchmark,1.0,0.13333333333333333
rcsb_local_pose_ensemble,1z95,1z95,1z95_pose_004,data/local_set/1z95/poses/1z95_pose_004.sdf,79.88559736895986,lower_better,0.8461538461538461,rcsb_local_pose_ensemble,uncalibrated,0.8461538461538461,complete,her2-pose-v1,71,,0.9721464165367854,85.25872620095281,5.852112576622394,0.1459403926625107,Fail,benchmark,1.0,0.13333333333333333
rcsb_local_pose_ensemble,1z95,1z95,1z95_pose_005,data/local_set/1z95/poses/1z95_pose_005.sdf,89.46807658186985,lower_better,1.0,rcsb_local_pose_ensemble,uncalibrated,1.0,complete,her2-pose-v1,0,,0.9525146382225588,85.25872620095281,5.852112576622394,0.1459403926625107,Pass,benchmark,1.0,0.13333333333333333
rcsb_local_pose_ensemble,1z95,1z95,1z95_pose_006,data/local_set/1z95/poses/1z95_pose_006.sdf,73.40599737097246,lower_better,0.8461538461538461,rcsb_local_pose_ensemble,uncalibrated,0.8461538461538461,complete,her2-pose-v1,40,,0.9984617554951376,85.25872620095281,5.852112576622394,0.1459403926625107,Fail,benchmark,1.0,0.13333333333333333
rcsb_local_pose_ensemble,1z95,1z95,1z95_pose_007,data/local_set/1z95/poses/1z95_pose_007.sdf,89.47298594646968,lower_better,1.0,rcsb_local_pose_ensemble,uncalibrated,1.0,complete,her2-pose-v1,0,,0.9525141462191486,85.25872620095281,5.852112576622394,0.1459403926625107,Pass,benchmark,1.0,0.13333333333333333
rcsb_local_pose_ensemble,1z95,1z95,1z95_pose_008,data/local_set/1z95/poses/1z95_pose_008.sdf,76.92368453018325,lower_better,0.8461538461538461,rcsb_local_pose_ensemble,uncalibrated,0.8461538461538461,complete,her2-pose-v1,35,,0.9981534247700178,85.25872620095281,5.852112576622394,0.1459403926625107,Fail,benchmark,1.0,0.13333333333333333
rcsb_local_pose_ensemble,1z95,1z95,1z95_pose_009,data/local_set/1z95/poses/1z95_pose_009.sdf,89.47650367690198,lower_better,0.8461538461538461,rcsb_local_pose_ensemble,uncalibrated,0.8461538461538461,complete,her2-pose-v1,23,,0.9524852485263572,85.25872620095281,5.852112576622394,0.1459403926625107,Review,benchmark,1.0,0.13333333333333333
rcsb_local_pose_ensemble,1z95,1z95,1z95_pose_010,data/local_set/1z95/poses/1z95_pose_010.sdf,82.65896127394338,lower_better,0.8461538461538461,rcsb_local_pose_ensemble,uncalibrated,0.8461538461538461,complete,her2-pose-v1,24,,0.980607976068347,85.25872620095281,5.852112576622394,0.1459403926625107,Review,benchmark,1.0,0.13333333333333333
rcsb_local_pose_ensemble,1z95,1z95,1z95_pose_011,data/local_set/1z95/poses/1z95_pose_011.sdf,89.48782904404004,lower_better,0.8461538461538461,rcsb_local_pose_ensemble,uncalibrated,0.8461538461538461,complete,her2-pose-v1,46,,0.9525058383517412,85.25872620095281,5.852112576622394,0.1459403926625107,Fail,benchmark,1.0,0.13333333333333333
rcsb_local_pose_ensemble,1z95,1z95,1z95_pose_012,data/local_set/1z95/poses/1z95_pose_012.sdf,80.14155141759237,lower_better,0.8461538461538461,rcsb_local_pose_ensemble,uncalibrated,0.8461538461538461,complete,her2-pose-v1,86,,0.9979934674656448,85.25872620095281,5.852112576622394,0.1459403926625107,Fail,benchmark,1.0,0.13333333333333333
rcsb_local_pose_ensemble,1z95,1z95,1z95_pose_013,data/local_set/1z95/poses/1z95_pose_013.sdf,89.46771658884731,lower_better,0.8461538461538461,rcsb_local_pose_ensemble,uncalibrated,0.8461538461538461,complete,her2-pose-v1,31,,0.9524927582522764,85.25872620095281,5.852112576622394,0.1459403926625107,Review,benchmark,1.0,0.13333333333333333
rcsb_local_pose_ensemble,1z95,1z95,1z95_pose_014,data/local_set/1z95/poses/1z95_pose_014.sdf,78.87464298244124,lower_better,0.8461538461538461,rcsb_local_pose_ensemble,uncalibrated,0.8461538461538461,complete,her2-pose-v1,23,,0.9901106055740818,85.25872620095281,5.852112576622394,0.1459403926625107,Review,benchmark,1.0,0.13333333333333333
rcsb_local_pose_ensemble,1z95,1z95,1z95_pose_015,data/local_set/1z95/poses/1z95_pose_015.sdf,89.47040724851642,lower_better,0.8461538461538461,rcsb_local_pose_ensemble,uncalibrated,0.8461538461538461,complete,her2-pose-v1,23,,0.952493862879872,85.25872620095281,5.852112576622394,0.1459403926625107,Review,benchmark,1.0,0.13333333333333333
rcsb_local_pose_ensemble,1z95,1z95,1z95_pose_016,data/local_set/1z95/poses/1z95_pose_016.sdf,73.15706114433144,lower_better,0.8461538461538461,rcsb_local_pose_ensemble,uncalibrated,0.8461538461538461,complete,her2-pose-v1,37,,0.998397862579376,85.25872620095281,5.852112576622394,0.1459403926625107,Fail,benchmark,1.0,0.13333333333333333
rcsb_local_pose_ensemble,1z95,1z95,1z95_pose_017,data/local_set/1z95/poses/1z95_pose_017.sdf,90.69945896361106,lower_better,0.8461538461538461,rcsb_local_pose_ensemble,uncalibrated,0.8461538461538461,complete,her2-pose-v1,36,,0.9525188724008103,85.25872620095281,5.852112576622394,0.1459403926625107,Fail,benchmark,1.0,0.13333333333333333
rcsb_local_pose_ensemble,1z95,1z95,1z95_pose_018,data/local_set/1z95/poses/1z95_pose_018.sdf,87.1802495778837,lower_better,0.8461538461538461,rcsb_local_pose_ensemble,uncalibrated,0.8461538461538461,complete,her2-pose-v1,26,,0.9867153053088498,85.25872620095281,5.852112576622394,0.1459403926625107,Fail,benchmark,1.0,0.13333333333333333
rcsb_local_pose_ensemble,1z95,1z95,1z95_pose_019,data/local_set/1z95/poses/1z95_pose_019.sdf,89.47613235755182,lower_better,0.9230769230769231,rcsb_local_pose_ensemble,uncalibrated,0.9230769230769231,complete,her2-pose-v1,4,,0.9525138798713304,85.25872620095281,5.852112576622394,0.1459403926625107,Pass,benchmark,1.0,0.13333333333333333
rcsb_local_pose_ensemble,1z95,1z95,1z95_pose_020,data/local_set/1z95/poses/1z95_pose_020.sdf,87.63178575104914,lower_better,0.8461538461538461,rcsb_local_pose_ensemble,uncalibrated,0.8461538461538461,complete,her2-pose-v1,54,,0.987938853849154,85.25872620095281,5.852112576622394,0.1459403926625107,Fail,benchmark,1.0,0.13333333333333333
rcsb_local_pose_ensemble,1z95,1z95,1z95_pose_021,data/local_set/1z95/poses/1z95_pose_021.sdf,89.4785393870848,lower_better,0.8461538461538461,rcsb_local_pose_ensemble,uncalibrated,0.8461538461538461,complete,her2-pose-v1,37,,0.9525103995863384,85.25872620095281,5.852112576622394,0.1459403926625107,Fail,benchmark,1.0,0.13333333333333333
rcsb_local_pose_ensemble,1z95,1z95,1z95_pose_022,data/local_set/1z95/poses/1z95_pose_022.sdf,82.09526527890674,lower_better,0.8461538461538461,rcsb_local_pose_ensemble,uncalibrated,0.8461538461538461,complete,her2-pose-v1,71,,0.9720566927215042,85.25872620095281,5.852112576622394,0.1459403926625107,Fail,benchmark,1.0,0.13333333333333333
rcsb_local_pose_ensemble,1z95,1z95,1z95_pose_023,data/local_set/1z95/poses/1z95_pose_023.sdf,89.46582116356338,lower_better,1.0,rcsb_local_pose_ensemble,uncalibrated,1.0,complete,her2-pose-v1,0,,0.9525226397160464,85.25872620095281,5.852112576622394,0.1459403926625107,Pass,benchmark,1.0,0.13333333333333333
rcsb_local_pose_ensemble,1z95,1z95,1z95_pose_024,data/local_set/1z95/poses/1z95_pose_024.sdf,87.38042873074518,lower_better,0.8461538461538461,rcsb_local_pose_ensemble,uncalibrated,0.8461538461538461,complete,her2-pose-v1,56,,0.9878077502288584,85.25872620095281,5.852112576622394,0.1459403926625107,Fail,benchmark,1.0,0.13333333333333333
rcsb_local_pose_ensemble,1z95,1z95,1z95_pose_025,data/local_set/1z95/poses/1z95_pose_025.sdf,89.4770492551824,lower_better,0.8461538461538461,rcsb_local_pose_ensemble,uncalibrated,0.8461538461538461,complete,her2-pose-v1,36,,0.952492210007294,85.25872620095281,5.852112576622394,0.1459403926625107,Fail,benchmark,1.0,0.13333333333333333
rcsb_local_pose_ensemble,1z95,1z95,1z95_pose_026,data/local_set/1z95/poses/1z95_pose_026.sdf,77.37259836599785,lower_better,0.8461538461538461,rcsb_local_pose_ensemble,uncalibrated,0.8461538461538461,complete,her2-pose-v1,36,,0.9968014463025392,85.25872620095281,5.852112576622394,0.1459403926625107,Review,benchmark,1.0,0.13333333333333333
rcsb_local_pose_ensemble,1z95,1z95,1z95_pose_027,data/local_set/1z95/poses/1z95_pose_027.sdf,89.46689130516359,lower_better,0.8461538461538461,rcsb_local_pose_ensemble,uncalibrated,0.8461538461538461,complete,her2-pose-v1,42,,0.952486768973183,85.25872620095281,5.852112576622394,0.1459403926625107,Fail,benchmark,1.0,0.13333333333333333
rcsb_local_pose_ensemble,1z95,1z95,1z95_pose_028,data/local_set/1z95/poses/1z95_pose_028.sdf,81.01301150415176,lower_better,0.8461538461538461,rcsb_local_pose_ensemble,uncalibrated,0.8461538461538461,complete,her2-pose-v1,19,,0.9724221186831544,85.25872620095281,5.852112576622394,0.1459403926625107,Review,benchmark,1.0,0.13333333333333333
rcsb_local_pose_ensemble,1z95,1z95,1z95_pose_029,data/local_set/1z95/poses/1z95_pose_029.sdf,90.71429616847608,lower_better,0.8461538461538461,rcsb_local_pose_ensemble,uncalibrated,0.8461538461538461,complete,her2-pose-v1,71,,0.952491857828164,85.25872620095281,5.852112576622394,0.1459403926625107,Fail,benchmark,1.0,0.13333333333333333
rcsb_local_pose_ensemble,2bm2,2bm2,2bm2_pose_000,data/local_set/2bm2/poses/2bm2_pose_000.sdf,101.82691418235922,lower_better,1.0,rcsb_local_pose_ensemble,uncalibrated,1.0,complete,her2-pose-v1,0,,1.0,88.48845766605488,14.296783589243583,0.06537322007374032,Pass,benchmark,1.0,0.1
rcsb_local_pose_ensemble,2bm2,2bm2,2bm2_pose_001,data/local_set/2bm2/poses/2bm2_pose_001.sdf,101.39816290816896,lower_better,0.8461538461538461,rcsb_local_pose_ensemble,uncalibrated,0.8461538461538461,complete,her2-pose-v1,70,,1.0,88.48845766605488,14.296783589243583,0.06537322007374032,Fail,benchmark,1.0,0.1
rcsb_local_pose_ensemble,2bm2,2bm2,2bm2_pose_002,data/local_set/2bm2/poses/2bm2_pose_002.sdf,76.20497202637192,lower_better,0.8461538461538461,rcsb_local_pose_ensemble,uncalibrated,0.8461538461538461,complete,her2-pose-v1,67,,0.9935306986371172,88.48845766605488,14.296783589243583,0.06537322007374032,Fail,benchmark,1.0,0.1
rcsb_local_pose_ensemble,2bm2,2bm2,2bm2_pose_003,data/local_set/2bm2/poses/2bm2_pose_003.sdf,101.37625529966424,lower_better,0.9230769230769231,rcsb_local_pose_ensemble,uncalibrated,0.9230769230769231,complete,her2-pose-v1,11,,1.0,88.48845766605488,14.296783589243583,0.06537322007374032,Fail,benchmark,1.0,0.1
rcsb_local_pose_ensemble,2bm2,2bm2,2bm2_pose_004,data/local_set/2bm2/poses/2bm2_pose_004.sdf,70.14454786924492,lower_better,0.8461538461538461,rcsb_local_pose_ensemble,uncalibrated,0.8461538461538461,complete,her2-pose-v1,25,,0.9844269929656272,88.48845766605488,14.296783589243583,0.06537322007374032,Review,benchmark,1.0,0.1
rcsb_local_pose_ensemble,2bm2,2bm2,2bm2_pose_005,data/local_set/2bm2/poses/2bm2_pose_005.sdf,101.18352621729244,lower_better,0.8461538461538461,rcsb_local_pose_ensemble,uncalibrated,0.8461538461538461,complete,her2-pose-v1,57,,1.0,88.48845766605488,14.296783589243583,0.06537322007374032,Fail,benchmark,1.0,0.1
rcsb_local_pose_ensemble,2bm2,2bm2,2bm2_pose_006,data/local_set/2bm2/poses/2bm2_pose_006.sdf,71.67349611588143,lower_better,0.8461538461538461,rcsb_local_pose_ensemble,uncalibrated,0.8461538461538461,complete,her2-pose-v1,37,,0.9896143114149848,88.48845766605488,14.296783589243583,0.06537322007374032,Fail,benchmark,1.0,0.1
rcsb_local_pose_ensemble,2bm2,2bm2,2bm2_pose_007,data/local_set/2bm2/poses/2bm2_pose_007.sdf,101.1999923738361,lower_better,0.8461538461538461,rcsb_local_pose_ensemble,uncalibrated,0.8461538461538461,complete,her2-pose-v1,47,,1.0,88.48845766605488,14.296783589243583,0.06537322007374032,Fail,benchmark,1.0,0.1
rcsb_local_pose_ensemble,2bm2,2bm2,2bm2_pose_008,data/local_set/2bm2/poses/2bm2_pose_008.sdf,76.20096003520833,lower_better,0.8461538461538461,rcsb_local_pose_ensemble,uncalibrated,0.8461538461538461,complete,her2-pose-v1,50,,0.9926734658385402,88.48845766605488,14.296783589243583,0.06537322007374032,Review,benchmark,1.0,0.1
rcsb_local_pose_ensemble,2bm2,2bm2,2bm2_pose_009,data/local_set/2bm2/poses/2bm2_pose_009.sdf,101.84266798036982,lower_better,0.8461538461538461,rcsb_local_pose_ensemble,uncalibrated,0.8461538461538461,complete,her2-pose-v1,29,,1.0,88.48845766605488,14.296783589243583,0.06537322007374032,Fail,benchmark,1.0,0.1
rcsb_local_pose_ensemble,2bm2,2bm2,2bm2_pose_010,data/local_set/2bm2/poses/2bm2_pose_010.sdf,75.5505857549663,lower_better,0.8461538461538461,rcsb_local_pose_ensemble,uncalibrated,0.8461538461538461,complete,her2-pose-v1,59,,0.9823659592628692,88.48845766605488,14.296783589243583,0.06537322007374032,Fail,benchmark,1.0,0.1
rcsb_local_pose_ensemble,2bm2,2bm2,2bm2_pose_011,data/local_set/2bm2/poses/2bm2_pose_011.sdf,101.17861090503683,lower_better,0.8461538461538461,rcsb_local_pose_ensemble,uncalibrated,0.8461538461538461,complete,her2-pose-v1,40,,1.0,88.48845766605488,14.296783589243583,0.06537322007374032,Fail,benchmark,1.0,0.1
rcsb_local_pose_ensemble,2bm2,2bm2,2bm2_pose_012,data/local_set/2bm2/poses/2bm2_pose_012.sdf,70.4970143751286,lower_better,0.9230769230769231,rcsb_local_pose_ensemble,uncalibrated,0.9230769230769231,complete,her2-pose-v1,5,,0.9848318859834616,88.48845766605488,14.296783589243583,0.06537322007374032,Fail,benchmark,1.0,0.1
rcsb_local_pose_ensemble,2bm2,2bm2,2bm2_pose_013,data/local_set/2bm2/poses/2bm2_pose_013.sdf,101.19221780982464,lower_better,0.8461538461538461,rcsb_local_pose_ensemble,uncalibrated,0.8461538461538461,complete,her2-pose-v1,51,,1.0,88.48845766605488,14.296783589243583,0.06537322007374032,Fail,benchmark,1.0,0.1
rcsb_local_pose_ensemble,2bm2,2bm2,2bm2_pose_014,data/local_set/2bm2/poses/2bm2_pose_014.sdf,70.57381549462733,lower_better,0.8461538461538461,rcsb_local_pose_ensemble,uncalibrated,0.8461538461538461,complete,her2-pose-v1,30,,0.9849059975372128,88.48845766605488,14.296783589243583,0.06537322007374032,Fail,benchmark,1.0,0.1
rcsb_local_pose_ensemble,2bm2,2bm2,2bm2_pose_015,data/local_set/2bm2/poses/2bm2_pose_015.sdf,101.8267570621267,lower_better,1.0,rcsb_local_pose_ensemble,uncalibrated,1.0,complete,her2-pose-v1,0,,1.0,88.48845766605488,14.296783589243583,0.06537322007374032,Pass,benchmark,1.0,0.1
rcsb_local_pose_ensemble,2bm2,2bm2,2bm2_pose_016,data/local_set/2bm2/poses/2bm2_pose_016.sdf,74.05312127771694,lower_better,0.8461538461538461,rcsb_local_pose_ensemble,uncalibrated,0.8461538461538461,complete,her2-pose-v1,15,,0.9842967036197277,88.48845766605488,14.296783589243583,0.06537322007374032,Review,benchmark,1.0,0.1
rcsb_local_pose_ensemble,2bm2,2bm2,2bm2_pose_017,data/local_set/2bm2/poses/2bm2_pose_017.sdf,101.8283899878214,lower_better,1.0,rcsb_local_pose_ensemble,uncalibrated,1.0,complete,her2-pose-v1,0,,1.0,88.48845766605488,14.296783589243583,0.06537322007374032,Pass,benchmark,1.0,0.1
rcsb_local_pose_ensemble,2bm2,2bm2,2bm2_pose_018,data/local_set/2bm2/poses/2bm2_pose_018.sdf,75.2357574077283,lower_better,0.8461538461538461,rcsb_local_pose_ensemble,uncalibrated,0.8461538461538461,complete,her2-pose-v1,49,,0.9905025768414836,88.48845766605488,14.296783589243583,0.06537322007374032,Fail,benchmark,1.0,0.1
rcsb_local_pose_ensemble,2bm2,2bm2,2bm2_pose_019,data/local_set/2bm2/poses/2bm2_pose_019.sdf,101.81974045613542,lower_better,0.9230769230769231,rcsb_local_pose_ensemble,uncalibrated,0.9230769230769231,complete,her2-pose-v1,1,,1.0,88.48845766605488,14.296783589243583,0.06537322007374032,Pass,benchmark,1.0,0.1
rcsb_local_pose_ensemble,2bm2,2bm2,2bm2_pose_020,data/local_set/2bm2/poses/2bm2_pose_020.sdf,69.53490040694656,lower_better,0.8461538461538461,rcsb_local_pose_ensemble,uncalibrated,0.8461538461538461,complete,her2-pose-v1,69,,0.9892873410976196,88.48845766605488,14.296783589243583,0.06537322007374032,Fail,benchmark,1.0,0.1
rcsb_local_pose_ensemble,2bm2,2bm2,2bm2_pose_021,data/local_set/2bm2/poses/2bm2_pose_021.sdf,101.82960392146887,lower_better,0.9230769230769231,rcsb_local_pose_ensemble,uncalibrated,0.9230769230769231,complete,her2-pose-v1,1,,1.0,88.48845766605488,14.296783589243583,0.06537322007374032,Pass,benchmark,1.0,0.1
rcsb_local_pose_ensemble,2bm2,2bm2,2bm2_pose_022,data/local_set/2bm2/poses/2bm2_pose_022.sdf,75.30507462895908,lower_better,0.8461538461538461,rcsb_local_pose_ensemble,uncalibrated,0.8461538461538461,complete,her2-pose-v1,34,,0.9914406207421668,88.48845766605488,14.296783589243583,0.06537322007374032,Fail,benchmark,1.0,0.1
rcsb_local_pose_ensemble,2bm2,2bm2,2bm2_pose_023,data/local_set/2bm2/poses/2bm2_pose_023.sdf,101.196206683059,lower_better,0.8461538461538461,rcsb_local_pose_ensemble,uncalibrated,0.8461538461538461,complete,her2-pose-v1,23,,1.0,88.48845766605488,14.296783589243583,0.06537322007374032,Fail,benchmark,1.0,0.1
rcsb_local_pose_ensemble,2bm2,2bm2,2bm2_pose_024,data/local_set/2bm2/poses/2bm2_pose_024.sdf,74.82603027359127,lower_better,0.8461538461538461,rcsb_local_pose_ensemble,uncalibrated,0.8461538461538461,complete,her2-pose-v1,41,,0.9929115420284892,88.48845766605488,14.296783589243583,0.06537322007374032,Fail,benchmark,1.0,0.1
rcsb_local_pose_ensemble,2bm2,2bm2,2bm2_pose_025,data/local_set/2bm2/poses/2bm2_pose_025.sdf,101.36854970360402,lower_better,0.8461538461538461,rcsb_local_pose_ensemble,uncalibrated,0.8461538461538461,complete,her2-pose-v1,57,,1.0,88.48845766605488,14.296783589243583,0.06537322007374032,Fail,benchmark,1.0,0.1
rcsb_local_pose_ensemble,2bm2,2bm2,2bm2_pose_026,data/local_set/2bm2/poses/2bm2_pose_026.sdf,74.21502674446447,lower_better,0.9230769230769231,rcsb_local_pose_ensemble,uncalibrated,0.9230769230769231,complete,her2-pose-v1,9,,0.9919544475525506,88.48845766605488,14.296783589243583,0.06537322007374032,Review,benchmark,1.0,0.1
rcsb_local_pose_ensemble,2bm2,2bm2,2bm2_pose_027,data/local_set/2bm2/poses/2bm2_pose_027.sdf,101.82725725922936,lower_better,0.8461538461538461,rcsb_local_pose_ensemble,uncalibrated,0.8461538461538461,complete,her2-pose-v1,35,,1.0,88.48845766605488,14.296783589243583,0.06537322007374032,Fail,benchmark,1.0,0.1
rcsb_local_pose_ensemble,2bm2,2bm2,2bm2_pose_028,data/local_set/2bm2/poses/2bm2_pose_028.sdf,75.91762636562804,lower_better,0.8461538461538461,rcsb_local_pose_ensemble,uncalibrated,0.8461538461538461,complete,her2-pose-v1,31,,0.9863173432168516,88.48845766605488,14.296783589243583,0.06537322007374032,Fail,benchmark,1.0,0.1
rcsb_local_pose_ensemble,2bm2,2bm2,2bm2_pose_029,data/local_set/2bm2/poses/2bm2_pose_029.sdf,101.82594845518592,lower_better,0.9230769230769231,rcsb_local_pose_ensemble,uncalibrated,0.9230769230769231,complete,her2-pose-v1,1,,1.0,88.48845766605488,14.296783589243583,0.06537322007374032,Pass,benchmark,1.0,0.1
rcsb_local_pose_ensemble,2br1,2br1,2br1_pose_000,data/local_set/2br1/poses/2br1_pose_000.sdf,167.22753836236916,lower_better,1.0,rcsb_local_pose_ensemble,uncalibrated,1.0,complete,her2-pose-v1,0,,0.9571842721463945,151.4112750179529,17.177421513859798,0.055013303137495424,Pass,benchmark,1.0,0.16666666666666666
rcsb_local_pose_ensemble,2br1,2br1,2br1_pose_001,data/local_set/2br1/poses/2br1_pose_001.sdf,167.3128005459861,lower_better,0.8461538461538461,rcsb_local_pose_ensemble,uncalibrated,0.8461538461538461,complete,her2-pose-v1,46,,0.9571856091254134,151.4112750179529,17.177421513859798,0.055013303137495424,Fail,benchmark,1.0,0.16666666666666666
rcsb_local_pose_ensemble,2br1,2br1,2br1_pose_002,data/local_set/2br1/poses/2br1_pose_002.sdf,133.43318509185175,lower_better,0.8461538461538461,rcsb_local_pose_ensemble,uncalibrated,0.8461538461538461,complete,her2-pose-v1,13,,0.962045044033598,151.4112750179529,17.177421513859798,0.055013303137495424,Fail,benchmark,1.0,0.16666666666666666
rcsb_local_pose_ensemble,2br1,2br1,2br1_pose_003,data/local_set/2br1/poses/2br1_pose_003.sdf,166.8973809188703,lower_better,0.8461538461538461,rcsb_local_pose_ensemble,uncalibrated,0.8461538461538461,complete,her2-pose-v1,51,,0.957191035956091,151.4112750179529,17.177421513859798,0.055013303137495424,Fail,benchmark,1.0,0.16666666666666666
rcsb_local_pose_ensemble,2br1,2br1,2br1_pose_004,data/local_set/2br1/poses/2br1_pose_004.sdf,133.74880755013248,lower_better,0.8461538461538461,rcsb_local_pose_ensemble,uncalibrated,0.8461538461538461,complete,her2-pose-v1,13,,0.96155212151547,151.4112750179529,17.177421513859798,0.055013303137495424,Review,benchmark,1.0,0.16666666666666666
rcsb_local_pose_ensemble,2br1,2br1,2br1_pose_005,data/local_set/2br1/poses/2br1_pose_005.sdf,167.22398780688252,lower_better,0.8461538461538461,rcsb_local_pose_ensemble,uncalibrated,0.8461538461538461,complete,her2-pose-v1,30,,0.95719221995441,151.4112750179529,17.177421513859798,0.055013303137495424,Review,benchmark,1.0,0.16666666666666666
rcsb_local_pose_ensemble,2br1,2br1,2br1_pose_006,data/local_set/2br1/poses/2br1_pose_006.sdf,133.28386962603767,lower_better,0.8461538461538461,rcsb_local_pose_ensemble,uncalibrated,0.8461538461538461,complete,her2-pose-v1,51,,0.9679892410140264,151.4112750179529,17.177421513859798,0.055013303137495424,Fail,benchmark,1.0,0.16666666666666666
rcsb_local_pose_ensemble,2br1,2br1,2br1_pose_007,data/local_set/2br1/poses/2br1_pose_007.sdf,167.22685615847644,lower_better,1.0,rcsb_local_pose_ensemble,uncalibrated,1.0,complete,her2-pose-v1,0,,0.9572022260584658,151.4112750179529,17.177421513859798,0.055013303137495424,Pass,benchmark,1.0,0.16666666666666666
rcsb_local_pose_ensemble,2br1,2br1,2br1_pose_008,data/local_set/2br1/poses/2br1_pose_008.sdf,133.54476406032725,lower_better,0.8461538461538461,rcsb_local_pose_ensemble,uncalibrated,0.8461538461538461,complete,her2-pose-v1,17,,0.9638083733518068,151.4112750179529,17.177421513859798,0.055013303137495424,Review,benchmark,1.0,0.16666666666666666
rcsb_local_pose_ensemble,2br1,2br1,2br1_pose_009,data/local_set/2br1/poses/2br1_pose_009.sdf,166.8811031988779,lower_better,0.8461538461538461,rcsb_local_pose_ensemble,uncalibrated,0.8461538461538461,complete,her2-pose-v1,55,,0.9571806570926272,151.4112750179529,17.177421513859798,0.055013303137495424,Fail,benchmark,1.0,0.16666666666666666
rcsb_local_pose_ensemble,2br1,2br1,2br1_pose_010,data/local_set/2br1/poses/2br1_pose_010.sdf,133.54396717499455,lower_better,0.8461538461538461,rcsb_local_pose_ensemble,uncalibrated,0.8461538461538461,complete,her2-pose-v1,37,,0.962692874302304,151.4112750179529,17.177421513859798,0.055013303137495424,Fail,benchmark,1.0,0.16666666666666666
rcsb_local_pose_ensemble,2br1,2br1,2br1_pose_011,data/local_set/2br1/poses/2br1_pose_011.sdf,167.24183664241912,lower_better,1.0,rcsb_local_pose_ensemble,uncalibrated,1.0,complete,her2-pose-v1,0,,0.9571881454031352,151.4112750179529,17.177421513859798,0.055013303137495424,Pass,benchmark,1.0,0.16666666666666666
rcsb_local_pose_ensemble,2br1,2br1,2br1_pose_012,data/local_set/2br1/poses/2br1_pose_012.sdf,132.57256699973289,lower_better,0.8461538461538461,rcsb_local_pose_ensemble,uncalibrated,0.8461538461538461,complete,her2-pose-v1,48,,0.9618664449273524,151.4112750179529,17.177421513859798,0.055013303137495424,Fail,benchmark,1.0,0.16666666666666666
rcsb_local_pose_ensemble,2br1,2br1,2br1_pose_013,data/local_set/2br1/poses/2br1_pose_013.sdf,167.22997143028567,lower_better,0.8461538461538461,rcsb_local_pose_ensemble,uncalibrated,0.8461538461538461,complete,her2-pose-v1,14,,0.9571829333298338,151.4112750179529,17.177421513859798,0.055013303137495424,Pass,benchmark,1.0,0.16666666666666666
rcsb_local_pose_ensemble,2br1,2br1,2br1_pose_014,data/local_set/2br1/poses/2br1_pose_014.sdf,133.76705998428304,lower_better,0.8461538461538461,rcsb_local_pose_ensemble,uncalibrated,0.8461538461538461,complete,her2-pose-v1,36,,0.9676284533135402,151.4112750179529,17.177421513859798,0.055013303137495424,Fail,benchmark,1.0,0.16666666666666666
rcsb_local_pose_ensemble,2br1,2br1,2br1_pose_015,data/local_set/2br1/poses/2br1_pose_015.sdf,167.22807000771527,lower_better,1.0,rcsb_local_pose_ensemble,uncalibrated,1.0,complete,her2-pose-v1,0,,0.9571743019565456,151.4112750179529,17.177421513859798,0.055013303137495424,Pass,benchmark,1.0,0.16666666666666666
rcsb_local_pose_ensemble,2br1,2br1,2br1_pose_016,data/local_set/2br1/poses/2br1_pose_016.sdf,133.42039039818908,lower_better,0.9230769230769231,rcsb_local_pose_ensemble,uncalibrated,0.9230769230769231,complete,her2-pose-v1,3,,0.9607994327604674,151.4112750179529,17.177421513859798,0.055013303137495424,Pass,benchmark,1.0,0.16666666666666666
rcsb_local_pose_ensemble,2br1,2br1,2br1_pose_017,data/local_set/2br1/poses/2br1_pose_017.sdf,167.2305502881605,lower_better,0.8461538461538461,rcsb_local_pose_ensemble,uncalibrated,0.8461538461538461,complete,her2-pose-v1,26,,0.9572091059974148,151.4112750179529,17.177421513859798,0.055013303137495424,Fail,benchmark,1.0,0.16666666666666666
rcsb_local_pose_ensemble,2br1,2br1,2br1_pose_018,data/local_set/2br1/poses/2br1_pose_018.sdf,133.15590423531916,lower_better,0.8461538461538461,rcsb_local_pose_ensemble,uncalibrated,0.8461538461538461,complete,her2-pose-v1,15,,0.9712644512951214,151.4112750179529,17.177421513859798,0.055013303137495424,Fail,benchmark,1.0,0.16666666666666666
rcsb_local_pose_ensemble,2br1,2br1,2br1_pose_019,data/local_set/2br1/poses/2br1_pose_019.sdf,167.31717990432577,lower_better,0.8461538461538461,rcsb_local_pose_ensemble,uncalibrated,0.8461538461538461,complete,her2-pose-v1,46,,0.9571788789315164,151.4112750179529,17.177421513859798,0.055013303137495424,Fail,benchmark,1.0,0.16666666666666666
rcsb_local_pose_ensemble,2br1,2br1,2br1_pose_020,data/local_set/2br1/poses/2br1_pose_020.sdf,132.67159433682778,lower_better,0.8461538461538461,rcsb_local_pose_ensemble,uncalibrated,0.8461538461538461,complete,her2-pose-v1,22,,0.9616735918211738,151.4112750179529,17.177421513859798,0.055013303137495424,Fail,benchmark,1.0,0.16666666666666666
rcsb_local_pose_ensemble,2br1,2br1,2br1_pose_021,data/local_set/2br1/poses/2br1_pose_021.sdf,167.2041813613746,lower_better,0.8461538461538461,rcsb_local_pose_ensemble,uncalibrated,0.8461538461538461,complete,her2-pose-v1,37,,0.9571778631876232,151.4112750179529,17.177421513859798,0.055013303137495424,Fail,benchmark,1.0,0.16666666666666666
rcsb_local_pose_ensemble,2br1,2br1,2br1_pose_022,data/local_set/2br1/poses/2br1_pose_022.sdf,133.80269916384904,lower_better,0.8461538461538461,rcsb_local_pose_ensemble,uncalibrated,0.8461538461538461,complete,her2-pose-v1,25,,0.9629709165292464,151.4112750179529,17.177421513859798,0.055013303137495424,Fail,benchmark,1.0,0.16666666666666666
rcsb_local_pose_ensemble,2br1,2br1,2br1_pose_023,data/local_set/2br1/poses/2br1_pose_023.sdf,167.2213788835546,lower_better,0.8461538461538461,rcsb_local_pose_ensemble,uncalibrated,0.8461538461538461,complete,her2-pose-v1,14,,0.9571756726037532,151.4112750179529,17.177421513859798,0.055013303137495424,Review,benchmark,1.0,0.16666666666666666
rcsb_local_pose_ensemble,2br1,2br1,2br1_pose_024,data/local_set/2br1/poses/2br1_pose_024.sdf,133.3847615351657,lower_better,0.8461538461538461,rcsb_local_pose_ensemble,uncalibrated,0.8461538461538461,complete,her2-pose-v1,39,,0.9680458602724338,151.4112750179529,17.177421513859798,0.055013303137495424,Fail,benchmark,1.0,0.16666666666666666
rcsb_local_pose_ensemble,2br1,2br1,2br1_pose_025,data/local_set/2br1/poses/2br1_pose_025.sdf,167.31018159005308,lower_better,0.8461538461538461,rcsb_local_pose_ensemble,uncalibrated,0.8461538461538461,complete,her2-pose-v1,55,,0.9572040176375112,151.4112750179529,17.177421513859798,0.055013303137495424,Fail,benchmark,1.0,0.16666666666666666
rcsb_local_pose_ensemble,2br1,2br1,2br1_pose_026,data/local_set/2br1/poses/2br1_pose_026.sdf,133.8960124183327,lower_better,0.8461538461538461,rcsb_local_pose_ensemble,uncalibrated,0.8461538461538461,complete,her2-pose-v1,29,,0.965661351004332,151.4112750179529,17.177421513859798,0.055013303137495424,Fail,benchmark,1.0,0.16666666666666666
rcsb_local_pose_ensemble,2br1,2br1,2br1_pose_027,data/local_set/2br1/poses/2br1_pose_027.sdf,167.32084470461626,lower_better,0.8461538461538461,rcsb_local_pose_ensemble,uncalibrated,0.8461538461538461,complete,her2-pose-v1,34,,0.9571914759018902,151.4112750179529,17.177421513859798,0.055013303137495424,Fail,benchmark,1.0,0.16666666666666666
rcsb_local_pose_ensemble,2br1,2br1,2br1_pose_028,data/local_set/2br1/poses/2br1_pose_028.sdf,132.80344449654828,lower_better,1.0,rcsb_local_pose_ensemble,uncalibrated,1.0,complete,her2-pose-v1,0,,0.9684617895047882,151.4112750179529,17.177421513859798,0.055013303137495424,Pass,benchmark,1.0,0.16666666666666666
rcsb_local_pose_ensemble,2br1,2br1,2br1_pose_029,data/local_set/2br1/poses/2br1_pose_029.sdf,167.23536166302875,lower_better,0.8461538461538461,rcsb_local_pose_ensemble,uncalibrated,0.8461538461538461,complete,her2-pose-v1,41,,0.9572047323101844,151.4112750179529,17.177421513859798,0.055013303137495424,Fail,benchmark,1.0,0.16666666666666666
rcsb_local_pose_ensemble,2bsm,2bsm,2bsm_pose_000,data/local_set/2bsm/poses/2bsm_pose_000.sdf,117.83038992753754,lower_better,1.0,rcsb_local_pose_ensemble,uncalibrated,1.0,complete,her2-pose-v1,0,,0.965292304821668,113.13112565356977,5.311119857543004,0.15845048463226497,Pass,benchmark,1.0,0.03333333333333333
rcsb_local_pose_ensemble,2bsm,2bsm,2bsm_pose_001,data/local_set/2bsm/poses/2bsm_pose_001.sdf,117.8517747368161,lower_better,0.8461538461538461,rcsb_local_pose_ensemble,uncalibrated,0.8461538461538461,complete,her2-pose-v1,30,,0.9652928841226956,113.13112565356977,5.311119857543004,0.15845048463226497,Fail,benchmark,1.0,0.03333333333333333
rcsb_local_pose_ensemble,2bsm,2bsm,2bsm_pose_002,data/local_set/2bsm/poses/2bsm_pose_002.sdf,106.82505705295928,lower_better,0.9230769230769231,rcsb_local_pose_ensemble,uncalibrated,0.9230769230769231,complete,her2-pose-v1,1,,0.9114830568978162,113.13112565356977,5.311119857543004,0.15845048463226497,Pass,benchmark,1.0,0.03333333333333333
rcsb_local_pose_ensemble,2bsm,2bsm,2bsm_pose_003,data/local_set/2bsm/poses/2bsm_pose_003.sdf,117.83159988171008,lower_better,0.8461538461538461,rcsb_local_pose_ensemble,uncalibrated,0.8461538461538461,complete,her2-pose-v1,68,,0.9653057749554068,113.13112565356977,5.311119857543004,0.15845048463226497,Fail,benchmark,1.0,0.03333333333333333
rcsb_local_pose_ensemble,2bsm,2bsm,2bsm_pose_004,data/local_set/2bsm/poses/2bsm_pose_004.sdf,110.61514839996104,lower_better,0.8461538461538461,rcsb_local_pose_ensemble,uncalibrated,0.8461538461538461,complete,her2-pose-v1,14,,0.9117487068583195,113.13112565356977,5.311119857543004,0.15845048463226497,Fail,benchmark,1.0,0.03333333333333333
rcsb_local_pose_ensemble,2bsm,2bsm,2bsm_pose_005,data/local_set/2bsm/poses/2bsm_pose_005.sdf,117.84227876149342,lower_better,0.8461538461538461,rcsb_local_pose_ensemble,uncalibrated,0.8461538461538461,complete,her2-pose-v1,11,,0.9653008362034882,113.13112565356977,5.311119857543004,0.15845048463226497,Review,benchmark,1.0,0.03333333333333333
rcsb_local_pose_ensemble,2bsm,2bsm,2bsm_pose_006,data/local_set/2bsm/poses/2bsm_pose_006.sdf,103.2344610178722,lower_better,0.8461538461538461,rcsb_local_pose_ensemble,uncalibrated,0.8461538461538461,complete,her2-pose-v1,12,,0.9981196907895614,113.13112565356977,5.311119857543004,0.15845048463226497,Review,benchmark,1.0,0.03333333333333333
rcsb_local_pose_ensemble,2bsm,2bsm,2bsm_pose_007,data/local_set/2bsm/poses/2bsm_pose_007.sdf,117.8332179312164,lower_better,0.8461538461538461,rcsb_local_pose_ensemble,uncalibrated,0.8461538461538461,complete,her2-pose-v1,19,,0.9652756948980974,113.13112565356977,5.311119857543004,0.15845048463226497,Fail,benchmark,1.0,0.03333333333333333
rcsb_local_pose_ensemble,2bsm,2bsm,2bsm_pose_008,data/local_set/2bsm/poses/2bsm_pose_008.sdf,109.7427194147175,lower_better,0.8461538461538461,rcsb_local_pose_ensemble,uncalibrated,0.8461538461538461,complete,her2-pose-v1,45,,0.9097863298995692,113.13112565356977,5.311119857543004,0.15845048463226497,Review,benchmark,1.0,0.03333333333333333
rcsb_local_pose_ensemble,2bsm,2bsm,2bsm_pose_009,data/local_set/2bsm/poses/2bsm_pose_009.sdf,117.83596225454522,lower_better,0.8461538461538461,rcsb_local_pose_ensemble,uncalibrated,0.8461538461538461,complete,her2-pose-v1,52,,0.9653153645095204,113.13112565356977,5.311119857543004,0.15845048463226497,Review,benchmark,1.0,0.03333333333333333
rcsb_local_pose_ensemble,2bsm,2bsm,2bsm_pose_010,data/local_set/2bsm/poses/2bsm_pose_010.sdf,104.7841159728783,lower_better,0.8461538461538461,rcsb_local_pose_ensemble,uncalibrated,0.8461538461538461,complete,her2-pose-v1,26,,0.99737127220695,113.13112565356977,5.311119857543004,0.15845048463226497,Fail,benchmark,1.0,0.03333333333333333
rcsb_local_pose_ensemble,2bsm,2bsm,2bsm_pose_011,data/local_set/2bsm/poses/2bsm_pose_011.sdf,117.83440907995868,lower_better,0.8461538461538461,rcsb_local_pose_ensemble,uncalibrated,0.8461538461538461,complete,her2-pose-v1,23,,0.9652878155218824,113.13112565356977,5.311119857543004,0.15845048463226497,Fail,benchmark,1.0,0.03333333333333333
rcsb_local_pose_ensemble,2bsm,2bsm,2bsm_pose_012,data/local_set/2bsm/poses/2bsm_pose_012.sdf,108.11615157427192,lower_better,0.9230769230769231,rcsb_local_pose_ensemble,uncalibrated,0.9230769230769231,complete,her2-pose-v1,1,,0.9104588233215452,113.13112565356977,5.311119857543004,0.15845048463226497,Pass,benchmark,1.0,0.03333333333333333
rcsb_local_pose_ensemble,2bsm,2bsm,2bsm_pose_013,data/local_set/2bsm/poses/2bsm_pose_013.sdf,117.84306136333988,lower_better,0.8461538461538461,rcsb_local_pose_ensemble,uncalibrated,0.8461538461538461,complete,her2-pose-v1,36,,0.9652917296497348,113.13112565356977,5.311119857543004,0.15845048463226497,Fail,benchmark,1.0,0.03333333333333333
rcsb_local_pose_ensemble,2bsm,2bsm,2bsm_pose_014,data/local_set/2bsm/poses/2bsm_pose_014.sdf,108.89455285864722,lower_better,0.8461538461538461,rcsb_local_pose_ensemble,uncalibrated,0.8461538461538461,complete,her2-pose-v1,48,,0.9111502072786204,113.13112565356977,5.311119857543004,0.15845048463226497,Fail,benchmark,1.0,0.03333333333333333
rcsb_local_pose_ensemble,2bsm,2bsm,2bsm_pose_015,data/local_set/2bsm/poses/2bsm_pose_015.sdf,117.824136960088,lower_better,0.8461538461538461,rcsb_local_pose_ensemble,uncalibrated,0.8461538461538461,complete,her2-pose-v1,6,,0.9653077098632684,113.13112565356977,5.311119857543004,0.15845048463226497,Pass,benchmark,1.0,0.03333333333333333
rcsb_local_pose_ensemble,2bsm,2bsm,2bsm_pose_016,data/local_set/2bsm/poses/2bsm_pose_016.sdf,109.5977406216071,lower_better,0.8461538461538461,rcsb_local_pose_ensemble,uncalibrated,0.8461538461538461,complete,her2-pose-v1,40,,0.9097790142258574,113.13112565356977,5.311119857543004,0.15845048463226497,Fail,benchmark,1.0,0.03333333333333333
rcsb_local_pose_ensemble,2bsm,2bsm,2bsm_pose_017,data/local_set/2bsm/poses/2bsm_pose_017.sdf,117.82668437734888,lower_better,0.8461538461538461,rcsb_local_pose_ensemble,uncalibrated,0.8461538461538461,complete,her2-pose-v1,42,,0.9652855732238536,113.13112565356977,5.311119857543004,0.15845048463226497,Review,benchmark,1.0,0.03333333333333333
rcsb_local_pose_ensemble,2bsm,2bsm,2bsm_pose_018,data/local_set/2bsm/poses/2bsm_pose_018.sdf,104.9456867469552,lower_better,0.8461538461538461,rcsb_local_pose_ensemble,uncalibrated,0.8461538461538461,complete,her2-pose-v1,57,,1.0,113.13112565356977,5.311119857543004,0.15845048463226497,Fail,benchmark,1.0,0.03333333333333333
rcsb_local_pose_ensemble,2bsm,2bsm,2bsm_pose_019,data/local_set/2bsm/poses/2bsm_pose_019.sdf,117.8319770389951,lower_better,0.8461538461538461,rcsb_local_pose_ensemble,uncalibrated,0.8461538461538461,complete,her2-pose-v1,13,,0.9652919709270288,113.13112565356977,5.311119857543004,0.15845048463226497,Pass,benchmark,1.0,0.03333333333333333
rcsb_local_pose_ensemble,2bsm,2bsm,2bsm_pose_020,data/local_set/2bsm/poses/2bsm_pose_020.sdf,108.4860062016043,lower_better,0.8461538461538461,rcsb_local_pose_ensemble,uncalibrated,0.8461538461538461,complete,her2-pose-v1,33,,0.911021652974924,113.13112565356977,5.311119857543004,0.15845048463226497,Fail,benchmark,1.0,0.03333333333333333
rcsb_local_pose_ensemble,2bsm,2bsm,2bsm_pose_021,data/local_set/2bsm/poses/2bsm_pose_021.sdf,117.81927219397218,lower_better,0.8461538461538461,rcsb_local_pose_ensemble,uncalibrated,0.8461538461538461,complete,her2-pose-v1,25,,0.9652668582975636,113.13112565356977,5.311119857543004,0.15845048463226497,Review,benchmark,1.0,0.03333333333333333
rcsb_local_pose_ensemble,2bsm,2bsm,2bsm_pose_022,data/local_set/2bsm/poses/2bsm_pose_022.sdf,107.04746568149385,lower_better,0.8461538461538461,rcsb_local_pose_ensemble,uncalibrated,0.8461538461538461,complete,her2-pose-v1,64,,0.9110297837449244,113.13112565356977,5.311119857543004,0.15845048463226497,Fail,benchmark,1.0,0.03333333333333333
rcsb_local_pose_ensemble,2bsm,2bsm,2bsm_pose_023,data/local_set/2bsm/poses/2bsm_pose_023.sdf,117.82689563536968,lower_better,0.8461538461538461,rcsb_local_pose_ensemble,uncalibrated,0.8461538461538461,complete,her2-pose-v1,28,,0.965282378190884,113.13112565356977,5.311119857543004,0.15845048463226497,Fail,benchmark,1.0,0.03333333333333333
rcsb_local_pose_ensemble,2bsm,2bsm,2bsm_pose_024,data/local_set/2bsm/poses/2bsm_pose_024.sdf,108.2077898146583,lower_better,0.8461538461538461,rcsb_local_pose_ensemble,uncalibrated,0.8461538461538461,complete,her2-pose-v1,24,,0.910731039683766,113.13112565356977,5.311119857543004,0.15845048463226497,Fail,benchmark,1.0,0.03333333333333333
rcsb_local_pose_ensemble,2bsm,2bsm,2bsm_pose_025,data/local_set/2bsm/poses/2bsm_pose_025.sdf,117.8229300617962,lower_better,0.8461538461538461,rcsb_local_pose_ensemble,uncalibrated,0.8461538461538461,complete,her2-pose-v1,29,,0.9653124427023404,113.13112565356977,5.311119857543004,0.15845048463226497,Fail,benchmark,1.0,0.03333333333333333
rcsb_local_pose_ensemble,2bsm,2bsm,2bsm_pose_026,data/local_set/2bsm/poses/2bsm_pose_026.sdf,108.58641414154016,lower_better,0.8461538461538461,rcsb_local_pose_ensemble,uncalibrated,0.8461538461538461,complete,her2-pose-v1,28,,0.909603673324161,113.13112565356977,5.311119857543004,0.15845048463226497,Review,benchmark,1.0,0.03333333333333333
rcsb_local_pose_ensemble,2bsm,2bsm,2bsm_pose_027,data/local_set/2bsm/poses/2bsm_pose_027.sdf,117.8319401463214,lower_better,0.8461538461538461,rcsb_local_pose_ensemble,uncalibrated,0.8461538461538461,complete,her2-pose-v1,19,,0.965284383936599,113.13112565356977,5.311119857543004,0.15845048463226497,Fail,benchmark,1.0,0.03333333333333333
rcsb_local_pose_ensemble,2bsm,2bsm,2bsm_pose_028,data/local_set/2bsm/poses/2bsm_pose_028.sdf,109.5209511078742,lower_better,0.8461538461538461,rcsb_local_pose_ensemble,uncalibrated,0.8461538461538461,complete,her2-pose-v1,18,,0.9103076567844266,113.13112565356977,5.311119857543004,0.15845048463226497,Pass,benchmark,1.0,0.03333333333333333
rcsb_local_pose_ensemble,2bsm,2bsm,2bsm_pose_029,data/local_set/2bsm/poses/2bsm_pose_029.sdf,117.84297864954374,lower_better,0.9230769230769231,rcsb_local_pose_ensemble,uncalibrated,0.9230769230769231,complete,her2-pose-v1,5,,0.9652827492541556,113.13112565356977,5.311119857543004,0.15845048463226497,Pass,benchmark,1.0,0.03333333333333333
